file_path,split,jenis,jam_ke,estimasi_sisa_jam
dataset_mobilenet_ready/valid/mata/mata_T0_34_jpg.rf.5c1adf40332dc45975dd6d5bfb65e502_0.jpg,valid,mata,0,18
dataset_mobilenet_ready/test/insang/insang_T0_5_jpg.rf.ae939d215f96f76f1efe76c7b43f0206_1.jpg,test,insang,0,18
dataset_mobilenet_ready/train/insang/insang_T0_74_jpg.rf.78e188127cfe0614767db905ae97337d_1.jpg,train,insang,0,18
dataset_mobilenet_ready/train/insang/insang_T1_23_jpg.rf.24013522e4ed0a1485be62fbcb934824_1.jpg,train,insang,1,17
dataset_mobilenet_ready/train/mata/mata_T0_46_jpg.rf.52fb5b9a43f1b75be582d28c14b4d17a_0.jpg,train,mata,0,18
dataset_mobilenet_ready/train/mata/mata_T0_51_jpg.rf.8b223c1c19834b540f8e1268c8c68d0c_0.jpg,train,mata,0,18
dataset_mobilenet_ready/train/mata/mata_T1_84_jpg.rf.519932f3dbe397cf279d75d3590b5adc_0.jpg,train,mata,1,17
dataset_mobilenet_ready/train/mata/mata_T1_63_jpg.rf.43687e9ec99a9279df3fac5186230fb1_0.jpg,train,mata,1,17
dataset_mobilenet_ready/valid/insang/insang_T0_103_jpg.rf.dbd45bce212367bd9e4094e1ffaed5f7_1.jpg,valid,insang,0,18
dataset_mobilenet_ready/test/insang/insang_T1_71_jpg.rf.9de37c3f34f6ffab74a54e4a4e779cbf_1.jpg,test,insang,1,17
dataset_mobilenet_ready/train/mata/mata_T0_69_jpg.rf.226c8d8a659beab66b4b6f61895318ec_1.jpg,train,mata,0,18
dataset_mobilenet_ready/train/mata/mata_T0_57_jpg.rf.4bab3484cc045b2ec744261b18f1a393_0.jpg,train,mata,0,18
dataset_mobilenet_ready/train/mata/mata_T1_9_jpg.rf.2e468cf19990f8a4704969773c2466e6_1.jpg,train,mata,1,17
dataset_mobilenet_ready/valid/mata/mata_T0_43_jpg.rf.92dbda18c835f63b3f97339720d76e8d_0.jpg,valid,mata,0,18
dataset_mobilenet_ready/valid/mata/mata_T0_45_jpg.rf.50b4b44e100f7fcef4aff6ed458d9eac_0.jpg,valid,mata,0,18
dataset_mobilenet_ready/test/insang/insang_T1_39_jpg.rf.11d9bc03cfaf61ce73025b9702e93dfe_1.jpg,test,insang,1,17
dataset_mobilenet_ready/train/insang/insang_T1_121_jpg.rf.77bab6d443b58787df65d45797637697_1.jpg,train,insang,1,17
dataset_mobilenet_ready/train/insang/insang_T0_21_jpg.rf.49ae9c3ed86244e7e88f6152d3f663d2_1.jpg,train,insang,0,18
dataset_mobilenet_ready/valid/insang/insang_T1_64_jpg.rf.39f1a0b9a06b76b15a5e606134405142_1.jpg,valid,insang,1,17
dataset_mobilenet_ready/train/mata/mata_T1_78_jpg.rf.acebef84549f316ffc1af0c5655c8137_0.jpg,train,mata,1,17
dataset_mobilenet_ready/train/mata/mata_T0_77_jpg.rf.88c123db84d5b36a400311ccf2203482_0.jpg,train,mata,0,18
dataset_mobilenet_ready/train/mata/mata_T0_44_jpg.rf.7d516292200d4cefbac48d63994bb0cf_0.jpg,train,mata,0,18
dataset_mobilenet_ready/train/insang/insang_T0_105_jpg.rf.e7690599372d6ad9c75f6bdd6821c9b8_1.jpg,train,insang,0,18
dataset_mobilenet_ready/train/mata/mata_T1_47_jpg.rf.b725ecb572e571a96a1b406a88c570e5_1.jpg,train,mata,1,17
dataset_mobilenet_ready/train/insang/insang_T0_0_jpg.rf.1f1c204e75b520b12ce727729cfa4d97_0.jpg,train,insang,0,18
dataset_mobilenet_ready/valid/insang/insang_T1_75_jpg.rf.3fad1c925628f8a880a1d3670bc95e0c_1.jpg,valid,insang,1,17
dataset_mobilenet_ready/train/mata/mata_T0_118_jpg.rf.9bfaa85e309338d3d2ecb8930c65eefb_0.jpg,train,mata,0,18
dataset_mobilenet_ready/valid/insang/insang_T0_15_jpg.rf.80d6c3e376ea063a0ea0776b6d74115d_1.jpg,valid,insang,0,18
dataset_mobilenet_ready/test/mata/mata_T1_52_jpg.rf.5b62cce21004cf183ca1dbfa1793a0bb_1.jpg,test,mata,1,17
dataset_mobilenet_ready/train/insang/insang_T0_97_jpg.rf.79d6bd9fcc917bc40234697434178346_1.jpg,train,insang,0,18
dataset_mobilenet_ready/valid/mata/mata_T0_80_jpg.rf.3a2e0f497aada2365fb91814cc2f113d_0.jpg,valid,mata,0,18
dataset_mobilenet_ready/train/insang/insang_T0_122_jpg.rf.4becbac97e3e2eb7a6e835e82a55e03e_1.jpg,train,insang,0,18
dataset_mobilenet_ready/valid/insang/insang_T0_73_jpg.rf.dd3b85118795e775b9f5e40a423cb84b_1.jpg,valid,insang,0,18
dataset_mobilenet_ready/train/mata/mata_T1_4_jpg.rf.01adb1e33fc1595039135fdfdf64d7dd_0.jpg,train,mata,1,17
dataset_mobilenet_ready/valid/insang/insang_T0_101_jpg.rf.9276f19fcd96361af76339b5fb662eed_1.jpg,valid,insang,0,18
dataset_mobilenet_ready/train/mata/mata_T0_19_jpg.rf.7a9ffb0ac43eca12647136fad8a3f357_0.jpg,train,mata,0,18
dataset_mobilenet_ready/train/insang/insang_T0_56_jpg.rf.09a0133afbbe195f858926865932c642_1.jpg,train,insang,0,18
dataset_mobilenet_ready/train/insang/insang_T1_38_jpg.rf.a5a68e6da79d6af0123bd1c9ee071717_1.jpg,train,insang,1,17
dataset_mobilenet_ready/train/mata/mata_T1_116_jpg.rf.e4c6f6738a7c8efc61d27c5aa8a9a0cb_0.jpg,train,mata,1,17
dataset_mobilenet_ready/train/mata/mata_T1_111_jpg.rf.2c033c792e88950e5504612847721740_0.jpg,train,mata,1,17
dataset_mobilenet_ready/valid/mata/mata_T0_73_jpg.rf.dd3b85118795e775b9f5e40a423cb84b_0.jpg,valid,mata,0,18
dataset_mobilenet_ready/train/mata/mata_T1_48_jpg.rf.add5ee648f725ecdddad697d584d6e1b_0.jpg,train,mata,1,17
dataset_mobilenet_ready/train/mata/mata_T1_114_jpg.rf.9e831ac0cc30e0aeb30a7ea40fcbc3a8_0.jpg,train,mata,1,17
dataset_mobilenet_ready/train/mata/mata_T0_14_jpg.rf.ee181d47ae057a12045419f0eb26d7d4_0.jpg,train,mata,0,18
dataset_mobilenet_ready/train/mata/mata_T1_15_jpg.rf.08a3a4ae3f274c1dc6c65bcaddc9ebd5_0.jpg,train,mata,1,17
dataset_mobilenet_ready/train/mata/mata_T1_36_jpg.rf.f43e84a9582e7d4c16a94f37ab39106e_0.jpg,train,mata,1,17
dataset_mobilenet_ready/train/mata/mata_T1_18_jpg.rf.96e0daa4cc6cabdddf7b83f841872351_0.jpg,train,mata,1,17
dataset_mobilenet_ready/train/insang/insang_T0_13_jpg.rf.ddc43f21edf8211dc47d7a851bcdad13_1.jpg,train,insang,0,18
dataset_mobilenet_ready/valid/insang/insang_T0_72_jpg.rf.df015f141f1e195323c7019b2142baec_1.jpg,valid,insang,0,18
dataset_mobilenet_ready/train/insang/insang_T0_57_jpg.rf.4bab3484cc045b2ec744261b18f1a393_1.jpg,train,insang,0,18
dataset_mobilenet_ready/train/insang/insang_T0_71_jpg.rf.ae55df04399a73c7fe7d23f708b9c7c2_1.jpg,train,insang,0,18
dataset_mobilenet_ready/test/insang/insang_T1_86_jpg.rf.15e3375fe278390b597a7c9a6065b8c5_1.jpg,test,insang,1,17
dataset_mobilenet_ready/train/insang/insang_T1_47_jpg.rf.b725ecb572e571a96a1b406a88c570e5_0.jpg,train,insang,1,17
dataset_mobilenet_ready/train/insang/insang_T1_114_jpg.rf.9e831ac0cc30e0aeb30a7ea40fcbc3a8_1.jpg,train,insang,1,17
dataset_mobilenet_ready/valid/insang/insang_T1_6_jpg.rf.d1ce59dbd18fea7e47dad1719d39ee2c_1.jpg,valid,insang,1,17
dataset_mobilenet_ready/valid/insang/insang_T1_105_jpg.rf.0090bbc9a9eb0ffe95e6a33e3216aa38_1.jpg,valid,insang,1,17
dataset_mobilenet_ready/test/mata/mata_T1_29_jpg.rf.681f255ef5ef485fdcd0340ae768455d_0.jpg,test,mata,1,17
dataset_mobilenet_ready/valid/mata/mata_T0_32_jpg.rf.34685b5a7e5f2bf80f9ed1ae57c1ab13_0.jpg,valid,mata,0,18
dataset_mobilenet_ready/test/mata/mata_T0_110_jpg.rf.8f408f581518547764ee00c109b84fb2_0.jpg,test,mata,0,18
dataset_mobilenet_ready/valid/insang/insang_T0_111_jpg.rf.3cd26057a07eee168da1d787c01c7cba_1.jpg,valid,insang,0,18
dataset_mobilenet_ready/train/insang/insang_T1_94_jpg.rf.01f1e7827769ba41ab2bb0023db368ff_1.jpg,train,insang,1,17
dataset_mobilenet_ready/test/mata/mata_T0_33_jpg.rf.340ade4192436f909e80cd9b9aa51505_0.jpg,test,mata,0,18
dataset_mobilenet_ready/test/mata/mata_T1_56_jpg.rf.096fa019ff00d79dfdf9dd3dc4e1d690_0.jpg,test,mata,1,17
dataset_mobilenet_ready/valid/insang/insang_T1_34_jpg.rf.8ac9d82563af33410bd3e11090cdb234_1.jpg,valid,insang,1,17
dataset_mobilenet_ready/train/insang/insang_T0_22_jpg.rf.29177e1f7caee5e80892d6b4d9084759_1.jpg,train,insang,0,18
dataset_mobilenet_ready/test/insang/insang_T1_93_jpg.rf.690d48355ae4dc7fb2901dfb555b5da6_1.jpg,test,insang,1,17
dataset_mobilenet_ready/train/mata/mata_T1_3_jpg.rf.056b7098cb776c8a7c0bec095f88dec9_0.jpg,train,mata,1,17
dataset_mobilenet_ready/valid/mata/mata_T0_62_jpg.rf.e8acb478c1ca2b0a29213bda18a9ca7f_1.jpg,valid,mata,0,18
dataset_mobilenet_ready/train/insang/insang_T0_16_jpg.rf.c33e47a3c3403005c2798775e40e9fb2_1.jpg,train,insang,0,18
dataset_mobilenet_ready/train/insang/insang_T0_64_jpg.rf.1fa24d703fae3abe700e5a9a7481837e_1.jpg,train,insang,0,18
dataset_mobilenet_ready/train/insang/insang_T1_4_jpg.rf.01adb1e33fc1595039135fdfdf64d7dd_1.jpg,train,insang,1,17
dataset_mobilenet_ready/valid/insang/insang_T0_65_jpg.rf.dd36083338ba35a35d89272b2e2db816_0.jpg,valid,insang,0,18
dataset_mobilenet_ready/test/mata/mata_T1_71_jpg.rf.9de37c3f34f6ffab74a54e4a4e779cbf_0.jpg,test,mata,1,17
dataset_mobilenet_ready/valid/mata/mata_T1_70_jpg.rf.f09071162da596e1f8c5090276b9d134_1.jpg,valid,mata,1,17
dataset_mobilenet_ready/train/mata/mata_T1_19_jpg.rf.11c7782d65e373210e35149150dc70ba_0.jpg,train,mata,1,17
dataset_mobilenet_ready/valid/insang/insang_T0_59_jpg.rf.8b8d8204556e953bb8e556c9459ede48_0.jpg,valid,insang,0,18
dataset_mobilenet_ready/test/insang/insang_T0_25_jpg.rf.d84883a00954226f7a8d5d6cd7a95279_1.jpg,test,insang,0,18
dataset_mobilenet_ready/train/mata/mata_T1_76_jpg.rf.e839d0d1c2b47a483e4753fa48af31a1_0.jpg,train,mata,1,17
dataset_mobilenet_ready/valid/insang/insang_T1_27_jpg.rf.3b5376462877988dfd5d9383d625a32b_1.jpg,valid,insang,1,17
dataset_mobilenet_ready/train/mata/mata_T1_11_jpg.rf.a68e9c5c69cdd84abf7abce2da62cd40_0.jpg,train,mata,1,17
dataset_mobilenet_ready/valid/mata/mata_T1_66_jpg.rf.c5ca43780b185fa8580ebaf9f5bceb9e_1.jpg,valid,mata,1,17
dataset_mobilenet_ready/train/insang/insang_T0_6_jpg.rf.ba9a3fd27b1d89d7697c83e62f17f48a_1.jpg,train,insang,0,18
dataset_mobilenet_ready/valid/mata/mata_T0_50_jpg.rf.88972ab342adaf644ec8c0d82b0ea5cd_0.jpg,valid,mata,0,18
dataset_mobilenet_ready/test/mata/mata_T0_37_jpg.rf.e2c88ca90a25766c7355d767a6773036_0.jpg,test,mata,0,18
dataset_mobilenet_ready/test/insang/insang_T0_81_jpg.rf.b8707a0c31ba17af43c181f136e76d84_0.jpg,test,insang,0,18
dataset_mobilenet_ready/valid/insang/insang_T1_33_jpg.rf.a53892e6b13a5daba6b754c46beadf57_1.jpg,valid,insang,1,17
dataset_mobilenet_ready/valid/insang/insang_T0_45_jpg.rf.50b4b44e100f7fcef4aff6ed458d9eac_1.jpg,valid,insang,0,18
dataset_mobilenet_ready/train/mata/mata_T1_61_jpg.rf.4b6d60a68b182ce0880dc75f74e4e00e_0.jpg,train,mata,1,17
dataset_mobilenet_ready/train/mata/mata_T0_2_jpg.rf.a850fe4b1286aa1bfc9ea438d20767a5_1.jpg,train,mata,0,18
dataset_mobilenet_ready/test/insang/insang_T1_29_jpg.rf.681f255ef5ef485fdcd0340ae768455d_1.jpg,test,insang,1,17
dataset_mobilenet_ready/train/mata/mata_T1_12_jpg.rf.0e88818d2bbfd82a69ea21a94b3f4371_0.jpg,train,mata,1,17
dataset_mobilenet_ready/test/mata/mata_T1_20_jpg.rf.cd605b3e8e6183215c462ff0db6802c0_0.jpg,test,mata,1,17
dataset_mobilenet_ready/test/mata/mata_T1_107_jpg.rf.c07be69f256038f195d3292a2551e7ef_0.jpg,test,mata,1,17
dataset_mobilenet_ready/train/mata/mata_T1_51_jpg.rf.656a43ddb617eb369b18364d12781f5f_1.jpg,train,mata,1,17
dataset_mobilenet_ready/train/insang/insang_T1_51_jpg.rf.656a43ddb617eb369b18364d12781f5f_0.jpg,train,insang,1,17
dataset_mobilenet_ready/valid/insang/insang_T0_78_jpg.rf.edd9bb9a976466f9a1c497db57285d12_1.jpg,valid,insang,0,18
dataset_mobilenet_ready/test/insang/insang_T1_102_jpg.rf.f60ac6d150ba0b98d9afb28eeac4ea39_1.jpg,test,insang,1,17
dataset_mobilenet_ready/train/mata/mata_T0_105_jpg.rf.e7690599372d6ad9c75f6bdd6821c9b8_0.jpg,train,mata,0,18
dataset_mobilenet_ready/valid/insang/insang_T0_93_jpg.rf.919d481da8abc9eed63c656726dd4bbe_1.jpg,valid,insang,0,18
dataset_mobilenet_ready/train/mata/mata_T1_89_jpg.rf.13cb5389d53b1b62300c2738d4a888a6_1.jpg,train,mata,1,17
dataset_mobilenet_ready/valid/insang/insang_T1_14_jpg.rf.28cb6cbe5a9683621e8fcce6b5fbab35_1.jpg,valid,insang,1,17
dataset_mobilenet_ready/valid/mata/mata_T0_10_jpg.rf.9c08a801bf7f51bedd590e34009d1d03_0.jpg,valid,mata,0,18
dataset_mobilenet_ready/train/mata/mata_T1_120_jpg.rf.73e0b74f606369b0e848068ff851a60b_0.jpg,train,mata,1,17
dataset_mobilenet_ready/train/insang/insang_T1_117_jpg.rf.4909800f9a3b536e5d1be4c85cbb296b_1.jpg,train,insang,1,17
dataset_mobilenet_ready/valid/mata/mata_T0_111_jpg.rf.3cd26057a07eee168da1d787c01c7cba_0.jpg,valid,mata,0,18
dataset_mobilenet_ready/valid/mata/mata_T0_120_jpg.rf.ba1e4aefdc91cb2e4b7f64cfc1829906_0.jpg,valid,mata,0,18
dataset_mobilenet_ready/valid/insang/insang_T0_84_jpg.rf.d34023e09fc1876fa50194f484946303_1.jpg,valid,insang,0,18
dataset_mobilenet_ready/train/insang/insang_T0_3_jpg.rf.b129a2a94647438bcb438cf0796220da_1.jpg,train,insang,0,18
dataset_mobilenet_ready/train/mata/mata_T0_53_jpg.rf.3b250268b2b0ccaa83f2e6c1e63be78e_0.jpg,train,mata,0,18
dataset_mobilenet_ready/valid/mata/mata_T1_113_jpg.rf.1a23469bb2013ab5750341de17fba118_0.jpg,valid,mata,1,17
dataset_mobilenet_ready/test/mata/mata_T0_75_jpg.rf.fcf5806966f59d76977cc8d4c807842f_0.jpg,test,mata,0,18
dataset_mobilenet_ready/test/insang/insang_T1_40_jpg.rf.faf50122421176abfdcb8c4bf3b38818_1.jpg,test,insang,1,17
dataset_mobilenet_ready/train/mata/mata_T0_55_jpg.rf.45b66f1d1b075452454d164a930dc9ff_0.jpg,train,mata,0,18
dataset_mobilenet_ready/train/mata/mata_T1_50_jpg.rf.bafdd885e21a906ea0fde17c3244ab8d_1.jpg,train,mata,1,17
dataset_mobilenet_ready/valid/mata/mata_T1_75_jpg.rf.3fad1c925628f8a880a1d3670bc95e0c_0.jpg,valid,mata,1,17
dataset_mobilenet_ready/train/insang/insang_T0_88_jpg.rf.ee880b79f07d3e74a00ab47465f66339_1.jpg,train,insang,0,18
dataset_mobilenet_ready/test/mata/mata_T1_93_jpg.rf.690d48355ae4dc7fb2901dfb555b5da6_0.jpg,test,mata,1,17
dataset_mobilenet_ready/valid/insang/insang_T0_80_jpg.rf.3a2e0f497aada2365fb91814cc2f113d_1.jpg,valid,insang,0,18
dataset_mobilenet_ready/valid/insang/insang_T0_32_jpg.rf.34685b5a7e5f2bf80f9ed1ae57c1ab13_1.jpg,valid,insang,0,18
dataset_mobilenet_ready/valid/mata/mata_T1_105_jpg.rf.0090bbc9a9eb0ffe95e6a33e3216aa38_0.jpg,valid,mata,1,17
dataset_mobilenet_ready/test/mata/mata_T1_110_jpg.rf.dbeced671d3ed7eecd1bf7909d64be73_0.jpg,test,mata,1,17
dataset_mobilenet_ready/test/mata/mata_T1_40_jpg.rf.faf50122421176abfdcb8c4bf3b38818_0.jpg,test,mata,1,17
dataset_mobilenet_ready/valid/insang/insang_T0_24_jpg.rf.4c2c772547bc3ba2f7902967fc88be64_1.jpg,valid,insang,0,18
dataset_mobilenet_ready/train/mata/mata_T0_113_jpg.rf.291e8b32a77e8423f5ec795be042b1a8_0.jpg,train,mata,0,18
dataset_mobilenet_ready/valid/insang/insang_T0_79_jpg.rf.ea3906103896ca7db2faa25724d3ebb3_1.jpg,valid,insang,0,18
dataset_mobilenet_ready/train/insang/insang_T1_98_jpg.rf.3d0076eebc9d2b933576d718398472e7_1.jpg,train,insang,1,17
dataset_mobilenet_ready/train/mata/mata_T0_60_jpg.rf.d25941be020442967d3e94af7ff23acc_1.jpg,train,mata,0,18
dataset_mobilenet_ready/train/mata/mata_T1_54_jpg.rf.8bbfa55098bc56c3ea0e4b64dab8871b_1.jpg,train,mata,1,17
dataset_mobilenet_ready/train/mata/mata_T0_31_jpg.rf.a16a468666e9e7f0f2f85af906afb749_0.jpg,train,mata,0,18
dataset_mobilenet_ready/train/insang/insang_T0_116_jpg.rf.d46a768311e486cd20ed65734ea3f96d_1.jpg,train,insang,0,18
dataset_mobilenet_ready/train/insang/insang_T0_119_jpg.rf.14e31c2c51a37ecc4c4c40eae114c311_1.jpg,train,insang,0,18
dataset_mobilenet_ready/test/insang/insang_T0_83_jpg.rf.276fba0afedc01bef1ff8072785f6609_1.jpg,test,insang,0,18
dataset_mobilenet_ready/train/mata/mata_T1_16_jpg.rf.1f19a691229e815a9800974f7556c049_0.jpg,train,mata,1,17
dataset_mobilenet_ready/train/mata/mata_T0_1_jpg.rf.f30fb15b11bfc41ab7938863c50d431d_0.jpg,train,mata,0,18
dataset_mobilenet_ready/test/mata/mata_T1_86_jpg.rf.15e3375fe278390b597a7c9a6065b8c5_0.jpg,test,mata,1,17
dataset_mobilenet_ready/test/mata/mata_T1_39_jpg.rf.11d9bc03cfaf61ce73025b9702e93dfe_0.jpg,test,mata,1,17
dataset_mobilenet_ready/valid/insang/insang_T1_65_jpg.rf.96d03c34d5f58c4666f87a0024f81d9f_1.jpg,valid,insang,1,17
dataset_mobilenet_ready/train/mata/mata_T0_42_jpg.rf.755b130d655bbefba6fa369e7cea1bfa_0.jpg,train,mata,0,18
dataset_mobilenet_ready/train/insang/insang_T1_44_jpg.rf.4d6ef89b0935ab92b4aa6af6480ead74_1.jpg,train,insang,1,17
dataset_mobilenet_ready/valid/insang/insang_T0_91_jpg.rf.84aa5b15cf45ea589b4ca082038a71c8_1.jpg,valid,insang,0,18
dataset_mobilenet_ready/train/mata/mata_T0_94_jpg.rf.3c85c9dede7436ff8ee26210175fc052_0.jpg,train,mata,0,18
dataset_mobilenet_ready/train/mata/mata_T0_87_jpg.rf.c56c77113b8d697d1972e757b86e3726_0.jpg,train,mata,0,18
dataset_mobilenet_ready/train/insang/insang_T0_114_jpg.rf.d2f8682be5b6402bcb4203a3251f9336_1.jpg,train,insang,0,18
dataset_mobilenet_ready/train/mata/mata_T0_124_jpg.rf.0c60aef901ca808750b04b7a203c8aef_1.jpg,train,mata,0,18
dataset_mobilenet_ready/valid/insang/insang_T1_103_jpg.rf.d13e9f1e496cfdaa42a50c1d61abc7b9_1.jpg,valid,insang,1,17
dataset_mobilenet_ready/train/insang/insang_T0_19_jpg.rf.7a9ffb0ac43eca12647136fad8a3f357_1.jpg,train,insang,0,18
dataset_mobilenet_ready/valid/insang/insang_T0_39_jpg.rf.bffa904b9aa46d089aa18db15a6cf2de_1.jpg,valid,insang,0,18
dataset_mobilenet_ready/train/mata/mata_T0_54_jpg.rf.581aea1871f47a9f112becf342968671_0.jpg,train,mata,0,18
dataset_mobilenet_ready/train/mata/mata_T0_121_jpg.rf.a040217074b5a00cfe2abc45de27fe00_0.jpg,train,mata,0,18
dataset_mobilenet_ready/train/insang/insang_T1_12_jpg.rf.0e88818d2bbfd82a69ea21a94b3f4371_1.jpg,train,insang,1,17
dataset_mobilenet_ready/valid/insang/insang_T0_35_jpg.rf.092e327e93cc1241c4be909adfa3a4d9_1.jpg,valid,insang,0,18
dataset_mobilenet_ready/train/mata/mata_T1_10_jpg.rf.8e2b7a73f01240053e4af33f3f8dfe59_0.jpg,train,mata,1,17
dataset_mobilenet_ready/train/insang/insang_T1_36_jpg.rf.f43e84a9582e7d4c16a94f37ab39106e_1.jpg,train,insang,1,17
dataset_mobilenet_ready/train/insang/insang_T1_46_jpg.rf.bae14c20c144b3b0d6ac0883cc4cf275_1.jpg,train,insang,1,17
dataset_mobilenet_ready/train/mata/mata_T0_3_jpg.rf.b129a2a94647438bcb438cf0796220da_0.jpg,train,mata,0,18
dataset_mobilenet_ready/train/insang/insang_T0_4_jpg.rf.fbc163dd5114536d828359bc0f183f85_1.jpg,train,insang,0,18
dataset_mobilenet_ready/train/mata/mata_T1_32_jpg.rf.f7c972eec71462b6241a8244d1ad30c7_0.jpg,train,mata,1,17
dataset_mobilenet_ready/train/insang/insang_T0_7_jpg.rf.cdc7b3215bdcf3e5bfe9b22838ce9492_1.jpg,train,insang,0,18
dataset_mobilenet_ready/train/mata/mata_T1_117_jpg.rf.4909800f9a3b536e5d1be4c85cbb296b_0.jpg,train,mata,1,17
dataset_mobilenet_ready/train/insang/insang_T0_89_jpg.rf.32e233fa6950f6c4cb970d3a25cab28a_1.jpg,train,insang,0,18
dataset_mobilenet_ready/train/mata/mata_T0_100_jpg.rf.d83abb65b2392e03c97260b0fba3f4fe_0.jpg,train,mata,0,18
dataset_mobilenet_ready/train/insang/insang_T1_63_jpg.rf.43687e9ec99a9279df3fac5186230fb1_1.jpg,train,insang,1,17
dataset_mobilenet_ready/train/insang/insang_T0_113_jpg.rf.291e8b32a77e8423f5ec795be042b1a8_1.jpg,train,insang,0,18
dataset_mobilenet_ready/train/mata/mata_T0_18_jpg.rf.0b469fae417019e7d2e96eda90e9b9dc_0.jpg,train,mata,0,18
dataset_mobilenet_ready/valid/mata/mata_T0_95_jpg.rf.12103f2f857f65271f832d00bf4a8b18_0.jpg,valid,mata,0,18
dataset_mobilenet_ready/train/mata/mata_T0_16_jpg.rf.c33e47a3c3403005c2798775e40e9fb2_0.jpg,train,mata,0,18
dataset_mobilenet_ready/train/insang/insang_T0_90_jpg.rf.a64a9300ed145ede6313787559e31265_1.jpg,train,insang,0,18
dataset_mobilenet_ready/valid/mata/mata_T0_15_jpg.rf.80d6c3e376ea063a0ea0776b6d74115d_0.jpg,valid,mata,0,18
dataset_mobilenet_ready/train/mata/mata_T0_123_jpg.rf.6448c7d866a5591b05e6b5e768706845_0.jpg,train,mata,0,18
dataset_mobilenet_ready/train/insang/insang_T1_2_jpg.rf.5bd83a8b56f169be6d11a382a8a6e8f4_1.jpg,train,insang,1,17
dataset_mobilenet_ready/valid/insang/insang_T0_50_jpg.rf.88972ab342adaf644ec8c0d82b0ea5cd_1.jpg,valid,insang,0,18
dataset_mobilenet_ready/train/insang/insang_T0_41_jpg.rf.eeb9e97d51241b12d040fb551d952328_1.jpg,train,insang,0,18
dataset_mobilenet_ready/train/mata/mata_T1_108_jpg.rf.f2e985914b2c25cce137f492c88f2dc8_0.jpg,train,mata,1,17
dataset_mobilenet_ready/train/insang/insang_T1_77_jpg.rf.ef691dd06d26091f3b5835c538a57d31_1.jpg,train,insang,1,17
dataset_mobilenet_ready/train/insang/insang_T0_40_jpg.rf.a7614e97aaaf43d04cbaae8364269547_1.jpg,train,insang,0,18
dataset_mobilenet_ready/train/insang/insang_T0_69_jpg.rf.226c8d8a659beab66b4b6f61895318ec_0.jpg,train,insang,0,18
dataset_mobilenet_ready/train/insang/insang_T0_100_jpg.rf.d83abb65b2392e03c97260b0fba3f4fe_1.jpg,train,insang,0,18
dataset_mobilenet_ready/train/insang/insang_T1_109_jpg.rf.4e1b9f6578b32c1b1fdb3a1764b72442_1.jpg,train,insang,1,17
dataset_mobilenet_ready/train/insang/insang_T1_116_jpg.rf.e4c6f6738a7c8efc61d27c5aa8a9a0cb_1.jpg,train,insang,1,17
dataset_mobilenet_ready/train/mata/mata_T1_44_jpg.rf.4d6ef89b0935ab92b4aa6af6480ead74_0.jpg,train,mata,1,17
dataset_mobilenet_ready/valid/mata/mata_T1_14_jpg.rf.28cb6cbe5a9683621e8fcce6b5fbab35_0.jpg,valid,mata,1,17
dataset_mobilenet_ready/valid/mata/mata_T1_103_jpg.rf.d13e9f1e496cfdaa42a50c1d61abc7b9_0.jpg,valid,mata,1,17
dataset_mobilenet_ready/test/insang/insang_T0_33_jpg.rf.340ade4192436f909e80cd9b9aa51505_1.jpg,test,insang,0,18
dataset_mobilenet_ready/train/mata/mata_T1_43_jpg.rf.556f45efdaae3ed0a77b05aaab5a7421_0.jpg,train,mata,1,17
dataset_mobilenet_ready/train/insang/insang_T0_44_jpg.rf.7d516292200d4cefbac48d63994bb0cf_1.jpg,train,insang,0,18
dataset_mobilenet_ready/valid/mata/mata_T0_17_jpg.rf.0d2522d28b8bada391e2b1bb93a0d8b2_0.jpg,valid,mata,0,18
dataset_mobilenet_ready/train/insang/insang_T1_11_jpg.rf.a68e9c5c69cdd84abf7abce2da62cd40_1.jpg,train,insang,1,17
dataset_mobilenet_ready/valid/mata/mata_T0_93_jpg.rf.919d481da8abc9eed63c656726dd4bbe_0.jpg,valid,mata,0,18
dataset_mobilenet_ready/train/mata/mata_T1_46_jpg.rf.bae14c20c144b3b0d6ac0883cc4cf275_0.jpg,train,mata,1,17
dataset_mobilenet_ready/train/mata/mata_T0_21_jpg.rf.49ae9c3ed86244e7e88f6152d3f663d2_0.jpg,train,mata,0,18
dataset_mobilenet_ready/train/insang/insang_T1_108_jpg.rf.f2e985914b2c25cce137f492c88f2dc8_1.jpg,train,insang,1,17
dataset_mobilenet_ready/train/insang/insang_T0_42_jpg.rf.755b130d655bbefba6fa369e7cea1bfa_1.jpg,train,insang,0,18
dataset_mobilenet_ready/test/mata/mata_T0_98_jpg.rf.6781e78c1fafe464ff0715912b39334a_0.jpg,test,mata,0,18
dataset_mobilenet_ready/train/insang/insang_T0_82_jpg.rf.d4097dec33a5200c2e0000cbc28940b4_1.jpg,train,insang,0,18
dataset_mobilenet_ready/valid/mata/mata_T1_95_jpg.rf.2846bf5e27dfc4d7e61d2935cddbc505_0.jpg,valid,mata,1,17
dataset_mobilenet_ready/train/mata/mata_T1_55_jpg.rf.a41026bbb7aa9dfad5aad233607789cc_1.jpg,train,mata,1,17
dataset_mobilenet_ready/train/mata/mata_T0_52_jpg.rf.925163c2402dbf64968056fcf4eb3b70_0.jpg,train,mata,0,18
dataset_mobilenet_ready/train/mata/mata_T0_97_jpg.rf.79d6bd9fcc917bc40234697434178346_0.jpg,train,mata,0,18
dataset_mobilenet_ready/train/mata/mata_T0_26_jpg.rf.59d72ead0150440225d9d122ed892ad3_0.jpg,train,mata,0,18
dataset_mobilenet_ready/test/mata/mata_T1_91_jpg.rf.84f823a5b48d7d9f5282368740b25918_0.jpg,test,mata,1,17
dataset_mobilenet_ready/train/insang/insang_T0_77_jpg.rf.88c123db84d5b36a400311ccf2203482_1.jpg,train,insang,0,18
dataset_mobilenet_ready/train/mata/mata_T1_38_jpg.rf.a5a68e6da79d6af0123bd1c9ee071717_0.jpg,train,mata,1,17
dataset_mobilenet_ready/train/mata/mata_T0_85_jpg.rf.150ab94dc277671699efdc9f58acb8a8_0.jpg,train,mata,0,18
dataset_mobilenet_ready/test/insang/insang_T1_110_jpg.rf.dbeced671d3ed7eecd1bf7909d64be73_1.jpg,test,insang,1,17
dataset_mobilenet_ready/train/insang/insang_T1_26_jpg.rf.2b537461f5cef28c20c5c2d170f2f6e7_1.jpg,train,insang,1,17
dataset_mobilenet_ready/train/mata/mata_T1_123_jpg.rf.d90d8ba1590eb4ffd75ffd7f2fab48ec_1.jpg,train,mata,1,17
dataset_mobilenet_ready/valid/insang/insang_T0_34_jpg.rf.5c1adf40332dc45975dd6d5bfb65e502_1.jpg,valid,insang,0,18
dataset_mobilenet_ready/train/insang/insang_T0_52_jpg.rf.925163c2402dbf64968056fcf4eb3b70_1.jpg,train,insang,0,18
dataset_mobilenet_ready/train/mata/mata_T0_4_jpg.rf.fbc163dd5114536d828359bc0f183f85_0.jpg,train,mata,0,18
dataset_mobilenet_ready/valid/mata/mata_T1_1_jpg.rf.67b6e1e551a451e041ecc34e355e9c5e_1.jpg,valid,mata,1,17
dataset_mobilenet_ready/train/insang/insang_T0_53_jpg.rf.3b250268b2b0ccaa83f2e6c1e63be78e_1.jpg,train,insang,0,18
dataset_mobilenet_ready/valid/mata/mata_T0_65_jpg.rf.dd36083338ba35a35d89272b2e2db816_1.jpg,valid,mata,0,18
dataset_mobilenet_ready/train/mata/mata_T0_36_jpg.rf.0507076afb874b356b4640421fb0acc2_0.jpg,train,mata,0,18
dataset_mobilenet_ready/train/mata/mata_T0_116_jpg.rf.d46a768311e486cd20ed65734ea3f96d_0.jpg,train,mata,0,18
dataset_mobilenet_ready/train/insang/insang_T0_36_jpg.rf.0507076afb874b356b4640421fb0acc2_1.jpg,train,insang,0,18
dataset_mobilenet_ready/train/mata/mata_T1_21_jpg.rf.f3d7ec63c055c32323a504fd69c6bc2e_0.jpg,train,mata,1,17
dataset_mobilenet_ready/train/insang/insang_T0_20_jpg.rf.f1e8aeec4d8ee3e114b3992a29f547cb_1.jpg,train,insang,0,18
dataset_mobilenet_ready/train/mata/mata_T0_90_jpg.rf.a64a9300ed145ede6313787559e31265_0.jpg,train,mata,0,18
dataset_mobilenet_ready/test/mata/mata_T1_102_jpg.rf.f60ac6d150ba0b98d9afb28eeac4ea39_0.jpg,test,mata,1,17
dataset_mobilenet_ready/train/mata/mata_T0_89_jpg.rf.32e233fa6950f6c4cb970d3a25cab28a_0.jpg,train,mata,0,18
dataset_mobilenet_ready/valid/mata/mata_T0_61_jpg.rf.313536b3e0d76017b39b45d16e91d710_1.jpg,valid,mata,0,18
dataset_mobilenet_ready/train/mata/mata_T1_122_jpg.rf.86301c917a7da66e3a4e696ed168c012_0.jpg,train,mata,1,17
dataset_mobilenet_ready/train/insang/insang_T1_123_jpg.rf.d90d8ba1590eb4ffd75ffd7f2fab48ec_0.jpg,train,insang,1,17
dataset_mobilenet_ready/train/mata/mata_T0_86_jpg.rf.a22ad7ea49dd6907f6fe1015340214bf_0.jpg,train,mata,0,18
dataset_mobilenet_ready/valid/mata/mata_T0_27_jpg.rf.2d71b81075b6177722b0fdb5c14dc1bb_0.jpg,valid,mata,0,18
dataset_mobilenet_ready/train/mata/mata_T0_40_jpg.rf.a7614e97aaaf43d04cbaae8364269547_0.jpg,train,mata,0,18
dataset_mobilenet_ready/train/mata/mata_T0_6_jpg.rf.ba9a3fd27b1d89d7697c83e62f17f48a_0.jpg,train,mata,0,18
dataset_mobilenet_ready/train/insang/insang_T1_50_jpg.rf.bafdd885e21a906ea0fde17c3244ab8d_0.jpg,train,insang,1,17
dataset_mobilenet_ready/train/insang/insang_T1_10_jpg.rf.8e2b7a73f01240053e4af33f3f8dfe59_1.jpg,train,insang,1,17
dataset_mobilenet_ready/train/insang/insang_T0_86_jpg.rf.a22ad7ea49dd6907f6fe1015340214bf_1.jpg,train,insang,0,18
dataset_mobilenet_ready/train/mata/mata_T1_98_jpg.rf.3d0076eebc9d2b933576d718398472e7_0.jpg,train,mata,1,17
dataset_mobilenet_ready/train/insang/insang_T0_109_jpg.rf.4b69174ccf171ad439e65972448093c0_1.jpg,train,insang,0,18
dataset_mobilenet_ready/train/mata/mata_T0_102_jpg.rf.0e02b6ff58623a60389b0a0ca9526215_0.jpg,train,mata,0,18
dataset_mobilenet_ready/test/mata/mata_T0_25_jpg.rf.d84883a00954226f7a8d5d6cd7a95279_0.jpg,test,mata,0,18
dataset_mobilenet_ready/test/insang/insang_T0_110_jpg.rf.8f408f581518547764ee00c109b84fb2_1.jpg,test,insang,0,18
dataset_mobilenet_ready/train/mata/mata_T1_74_jpg.rf.30e8444f3ff113815bc8a0cefa055ecd_1.jpg,train,mata,1,17
dataset_mobilenet_ready/train/mata/mata_T0_106_jpg.rf.f38a0191101b2b87eda91fffad6fe1ee_0.jpg,train,mata,0,18
dataset_mobilenet_ready/train/mata/mata_T1_79_jpg.rf.24c9d575b57d635ad0ec3cffa15ca2fc_0.jpg,train,mata,1,17
dataset_mobilenet_ready/train/mata/mata_T0_0_jpg.rf.1f1c204e75b520b12ce727729cfa4d97_1.jpg,train,mata,0,18
dataset_mobilenet_ready/train/mata/mata_T0_117_jpg.rf.f58ffb0899bbfaca5147764ead1296be_0.jpg,train,mata,0,18
dataset_mobilenet_ready/train/mata/mata_T1_23_jpg.rf.24013522e4ed0a1485be62fbcb934824_0.jpg,train,mata,1,17
dataset_mobilenet_ready/valid/insang/insang_T1_82_jpg.rf.6ddd5475481a772c1bf8660a1ef3d4a6_1.jpg,valid,insang,1,17
dataset_mobilenet_ready/train/insang/insang_T1_111_jpg.rf.2c033c792e88950e5504612847721740_1.jpg,train,insang,1,17
dataset_mobilenet_ready/valid/insang/insang_T0_115_jpg.rf.32f9b72b62874976be52707de03034bf_1.jpg,valid,insang,0,18
dataset_mobilenet_ready/train/insang/insang_T1_15_jpg.rf.08a3a4ae3f274c1dc6c65bcaddc9ebd5_1.jpg,train,insang,1,17
dataset_mobilenet_ready/train/insang/insang_T1_76_jpg.rf.e839d0d1c2b47a483e4753fa48af31a1_1.jpg,train,insang,1,17
dataset_mobilenet_ready/valid/insang/insang_T0_49_jpg.rf.b6f96a462825abf38f1660ceee5a8450_1.jpg,valid,insang,0,18
dataset_mobilenet_ready/valid/insang/insang_T0_120_jpg.rf.ba1e4aefdc91cb2e4b7f64cfc1829906_1.jpg,valid,insang,0,18
dataset_mobilenet_ready/train/mata/mata_T0_74_jpg.rf.78e188127cfe0614767db905ae97337d_0.jpg,train,mata,0,18
dataset_mobilenet_ready/train/mata/mata_T0_64_jpg.rf.1fa24d703fae3abe700e5a9a7481837e_0.jpg,train,mata,0,18
dataset_mobilenet_ready/valid/mata/mata_T0_78_jpg.rf.edd9bb9a976466f9a1c497db57285d12_0.jpg,valid,mata,0,18
dataset_mobilenet_ready/train/insang/insang_T0_2_jpg.rf.a850fe4b1286aa1bfc9ea438d20767a5_0.jpg,train,insang,0,18
dataset_mobilenet_ready/train/insang/insang_T0_118_jpg.rf.9bfaa85e309338d3d2ecb8930c65eefb_1.jpg,train,insang,0,18
dataset_mobilenet_ready/train/insang/insang_T1_3_jpg.rf.056b7098cb776c8a7c0bec095f88dec9_1.jpg,train,insang,1,17
dataset_mobilenet_ready/train/mata/mata_T0_96_jpg.rf.ade0227ea66648c0bd9fd896149f6960_1.jpg,train,mata,0,18
dataset_mobilenet_ready/valid/mata/mata_T1_62_jpg.rf.178460aa8991da1b39565986352cc599_1.jpg,valid,mata,1,17
dataset_mobilenet_ready/train/insang/insang_T1_32_jpg.rf.f7c972eec71462b6241a8244d1ad30c7_1.jpg,train,insang,1,17
dataset_mobilenet_ready/train/mata/mata_T0_63_jpg.rf.d1952709944f5f1fa8570410b02703e7_1.jpg,train,mata,0,18
dataset_mobilenet_ready/valid/mata/mata_T0_112_jpg.rf.68d59a3cacecb33a160809bccbc367d8_0.jpg,valid,mata,0,18
dataset_mobilenet_ready/train/insang/insang_T1_122_jpg.rf.86301c917a7da66e3a4e696ed168c012_1.jpg,train,insang,1,17
dataset_mobilenet_ready/train/insang/insang_T0_12_jpg.rf.4f141d8e445526f20fff3659ca390d28_1.jpg,train,insang,0,18
dataset_mobilenet_ready/valid/mata/mata_T0_59_jpg.rf.8b8d8204556e953bb8e556c9459ede48_1.jpg,valid,mata,0,18
dataset_mobilenet_ready/valid/mata/mata_T1_82_jpg.rf.6ddd5475481a772c1bf8660a1ef3d4a6_0.jpg,valid,mata,1,17
dataset_mobilenet_ready/train/insang/insang_T0_107_jpg.rf.2393654d32709ed16692b279caf47ceb_1.jpg,train,insang,0,18
dataset_mobilenet_ready/train/insang/insang_T1_0_jpg.rf.ebed2e420606dd68958983bed9b8455f_1.jpg,train,insang,1,17
dataset_mobilenet_ready/train/insang/insang_T1_89_jpg.rf.13cb5389d53b1b62300c2738d4a888a6_0.jpg,train,insang,1,17
dataset_mobilenet_ready/train/mata/mata_T0_7_jpg.rf.cdc7b3215bdcf3e5bfe9b22838ce9492_0.jpg,train,mata,0,18
dataset_mobilenet_ready/train/mata/mata_T1_104_jpg.rf.6e3c3c13693af0eea3bd58dfbc506e1e_0.jpg,train,mata,1,17
dataset_mobilenet_ready/valid/mata/mata_T0_115_jpg.rf.32f9b72b62874976be52707de03034bf_0.jpg,valid,mata,0,18
dataset_mobilenet_ready/valid/mata/mata_T0_11_jpg.rf.24b65e9a8b0527affa36b125dc4e5643_0.jpg,valid,mata,0,18
dataset_mobilenet_ready/valid/mata/mata_T1_33_jpg.rf.a53892e6b13a5daba6b754c46beadf57_0.jpg,valid,mata,1,17
dataset_mobilenet_ready/valid/insang/insang_T1_95_jpg.rf.2846bf5e27dfc4d7e61d2935cddbc505_1.jpg,valid,insang,1,17
dataset_mobilenet_ready/valid/insang/insang_T0_61_jpg.rf.313536b3e0d76017b39b45d16e91d710_0.jpg,valid,insang,0,18
dataset_mobilenet_ready/train/insang/insang_T1_35_jpg.rf.e35b221cbf27481afd7d928dc85896ad_1.jpg,train,insang,1,17
dataset_mobilenet_ready/train/insang/insang_T0_87_jpg.rf.c56c77113b8d697d1972e757b86e3726_1.jpg,train,insang,0,18
dataset_mobilenet_ready/train/mata/mata_T1_0_jpg.rf.ebed2e420606dd68958983bed9b8455f_0.jpg,train,mata,1,17
dataset_mobilenet_ready/train/mata/mata_T1_85_jpg.rf.476752ba9c48f209dd49d48a92104a1c_0.jpg,train,mata,1,17
dataset_mobilenet_ready/train/mata/mata_T1_58_jpg.rf.40ea250b81794d2b5740cb1110926e97_1.jpg,train,mata,1,17
dataset_mobilenet_ready/train/insang/insang_T1_16_jpg.rf.1f19a691229e815a9800974f7556c049_1.jpg,train,insang,1,17
dataset_mobilenet_ready/train/insang/insang_T0_28_jpg.rf.3eb20a915caa5350bcf597a24a9c0c3a_1.jpg,train,insang,0,18
dataset_mobilenet_ready/train/mata/mata_T1_28_jpg.rf.65fbbf4303ccd1c6601cf0eabdfe96c8_0.jpg,train,mata,1,17
dataset_mobilenet_ready/train/mata/mata_T0_109_jpg.rf.4b69174ccf171ad439e65972448093c0_0.jpg,train,mata,0,18
dataset_mobilenet_ready/train/insang/insang_T0_68_jpg.rf.ea6924cf57364c638cd3ca3da3a2240f_1.jpg,train,insang,0,18
dataset_mobilenet_ready/valid/mata/mata_T0_84_jpg.rf.d34023e09fc1876fa50194f484946303_0.jpg,valid,mata,0,18
dataset_mobilenet_ready/train/insang/insang_T1_7_jpg.rf.0392b30cf6eb6b2dcb7c0568809eead6_1.jpg,train,insang,1,17
dataset_mobilenet_ready/train/mata/mata_T0_41_jpg.rf.eeb9e97d51241b12d040fb551d952328_0.jpg,train,mata,0,18
dataset_mobilenet_ready/train/insang/insang_T1_104_jpg.rf.6e3c3c13693af0eea3bd58dfbc506e1e_1.jpg,train,insang,1,17
dataset_mobilenet_ready/valid/mata/mata_T0_39_jpg.rf.bffa904b9aa46d089aa18db15a6cf2de_0.jpg,valid,mata,0,18
dataset_mobilenet_ready/train/mata/mata_T1_77_jpg.rf.ef691dd06d26091f3b5835c538a57d31_0.jpg,train,mata,1,17
dataset_mobilenet_ready/valid/mata/mata_T1_34_jpg.rf.8ac9d82563af33410bd3e11090cdb234_0.jpg,valid,mata,1,17
dataset_mobilenet_ready/train/insang/insang_T0_106_jpg.rf.f38a0191101b2b87eda91fffad6fe1ee_1.jpg,train,insang,0,18
dataset_mobilenet_ready/train/mata/mata_T0_68_jpg.rf.ea6924cf57364c638cd3ca3da3a2240f_0.jpg,train,mata,0,18
dataset_mobilenet_ready/train/insang/insang_T0_31_jpg.rf.a16a468666e9e7f0f2f85af906afb749_1.jpg,train,insang,0,18
dataset_mobilenet_ready/test/insang/insang_T1_52_jpg.rf.5b62cce21004cf183ca1dbfa1793a0bb_0.jpg,test,insang,1,17
dataset_mobilenet_ready/valid/insang/insang_T0_62_jpg.rf.e8acb478c1ca2b0a29213bda18a9ca7f_0.jpg,valid,insang,0,18
dataset_mobilenet_ready/train/mata/mata_T1_24_jpg.rf.50822692f853a30a2020dcf0e4fe6a92_0.jpg,train,mata,1,17
dataset_mobilenet_ready/train/insang/insang_T0_48_jpg.rf.8b552b2bb4ebe4178d4f0d742b3eda04_1.jpg,train,insang,0,18
dataset_mobilenet_ready/train/mata/mata_T1_7_jpg.rf.0392b30cf6eb6b2dcb7c0568809eead6_0.jpg,train,mata,1,17
dataset_mobilenet_ready/train/insang/insang_T0_70_jpg.rf.9d8936b6cfc70d1cafc5b522dd4781b8_1.jpg,train,insang,0,18
dataset_mobilenet_ready/train/mata/mata_T1_37_jpg.rf.cbf4e1e6076638b7fe360ff48218f4a7_0.jpg,train,mata,1,17
dataset_mobilenet_ready/train/mata/mata_T1_94_jpg.rf.01f1e7827769ba41ab2bb0023db368ff_0.jpg,train,mata,1,17
dataset_mobilenet_ready/test/mata/mata_T0_104_jpg.rf.d784d70746dfaef97d1d308f860a9945_0.jpg,test,mata,0,18
dataset_mobilenet_ready/test/insang/insang_T1_91_jpg.rf.84f823a5b48d7d9f5282368740b25918_1.jpg,test,insang,1,17
dataset_mobilenet_ready/test/mata/mata_T0_81_jpg.rf.b8707a0c31ba17af43c181f136e76d84_1.jpg,test,mata,0,18
dataset_mobilenet_ready/train/mata/mata_T0_107_jpg.rf.2393654d32709ed16692b279caf47ceb_0.jpg,train,mata,0,18
dataset_mobilenet_ready/train/mata/mata_T0_76_jpg.rf.1b920d56df7cbbeb21866d3944b9bd66_0.jpg,train,mata,0,18
dataset_mobilenet_ready/valid/mata/mata_T0_47_jpg.rf.d075935222b06ab12631d66880dce0a0_0.jpg,valid,mata,0,18
dataset_mobilenet_ready/train/insang/insang_T0_18_jpg.rf.0b469fae417019e7d2e96eda90e9b9dc_1.jpg,train,insang,0,18
dataset_mobilenet_ready/train/insang/insang_T0_46_jpg.rf.52fb5b9a43f1b75be582d28c14b4d17a_1.jpg,train,insang,0,18
dataset_mobilenet_ready/train/mata/mata_T1_59_jpg.rf.8ff8489bfa8b9d299bc2d347c873578f_0.jpg,train,mata,1,17
dataset_mobilenet_ready/test/insang/insang_T0_37_jpg.rf.e2c88ca90a25766c7355d767a6773036_1.jpg,test,insang,0,18
dataset_mobilenet_ready/train/insang/insang_T1_99_jpg.rf.b7677d98bb8f0773d3dba95c7de18f02_1.jpg,train,insang,1,17
dataset_mobilenet_ready/train/insang/insang_T0_121_jpg.rf.a040217074b5a00cfe2abc45de27fe00_1.jpg,train,insang,0,18
dataset_mobilenet_ready/train/insang/insang_T0_117_jpg.rf.f58ffb0899bbfaca5147764ead1296be_1.jpg,train,insang,0,18
dataset_mobilenet_ready/train/mata/mata_T0_88_jpg.rf.ee880b79f07d3e74a00ab47465f66339_0.jpg,train,mata,0,18
dataset_mobilenet_ready/test/insang/insang_T0_75_jpg.rf.fcf5806966f59d76977cc8d4c807842f_1.jpg,test,insang,0,18
dataset_mobilenet_ready/valid/mata/mata_T0_66_jpg.rf.b5a664b644837998dbf7ffa35b48441e_0.jpg,valid,mata,0,18
dataset_mobilenet_ready/train/insang/insang_T0_76_jpg.rf.1b920d56df7cbbeb21866d3944b9bd66_1.jpg,train,insang,0,18
dataset_mobilenet_ready/train/insang/insang_T0_58_jpg.rf.7a72e363c5c7ef8e5a498489b63ad747_0.jpg,train,insang,0,18
dataset_mobilenet_ready/train/insang/insang_T0_96_jpg.rf.ade0227ea66648c0bd9fd896149f6960_0.jpg,train,insang,0,18
dataset_mobilenet_ready/valid/mata/mata_T0_101_jpg.rf.9276f19fcd96361af76339b5fb662eed_0.jpg,valid,mata,0,18
dataset_mobilenet_ready/test/mata/mata_T1_81_jpg.rf.b026acc923a1eb1a946a460be7a9c4ef_0.jpg,test,mata,1,17
dataset_mobilenet_ready/train/insang/insang_T0_9_jpg.rf.75f22e550b13ed11bd129eaa10181708_1.jpg,train,insang,0,18
dataset_mobilenet_ready/valid/insang/insang_T0_95_jpg.rf.12103f2f857f65271f832d00bf4a8b18_1.jpg,valid,insang,0,18
dataset_mobilenet_ready/train/mata/mata_T1_83_jpg.rf.e4d8752dda0c99433333736ebb53c360_0.jpg,train,mata,1,17
dataset_mobilenet_ready/train/insang/insang_T1_58_jpg.rf.40ea250b81794d2b5740cb1110926e97_0.jpg,train,insang,1,17
dataset_mobilenet_ready/valid/mata/mata_T1_65_jpg.rf.96d03c34d5f58c4666f87a0024f81d9f_0.jpg,valid,mata,1,17
dataset_mobilenet_ready/train/insang/insang_T1_18_jpg.rf.96e0daa4cc6cabdddf7b83f841872351_1.jpg,train,insang,1,17
dataset_mobilenet_ready/train/mata/mata_T1_69_jpg.rf.cc50fb556082f7961a54bfc50f92ab28_1.jpg,train,mata,1,17
dataset_mobilenet_ready/train/mata/mata_T1_41_jpg.rf.98881d6c65d2c67db2d816d82de90ef9_0.jpg,train,mata,1,17
dataset_mobilenet_ready/train/insang/insang_T0_38_jpg.rf.35fed2af440d25d44432ebf1c6e08ac9_1.jpg,train,insang,0,18
dataset_mobilenet_ready/train/insang/insang_T1_54_jpg.rf.8bbfa55098bc56c3ea0e4b64dab8871b_0.jpg,train,insang,1,17
dataset_mobilenet_ready/train/mata/mata_T1_99_jpg.rf.b7677d98bb8f0773d3dba95c7de18f02_0.jpg,train,mata,1,17
dataset_mobilenet_ready/test/insang/insang_T0_104_jpg.rf.d784d70746dfaef97d1d308f860a9945_1.jpg,test,insang,0,18
dataset_mobilenet_ready/test/insang/insang_T0_8_jpg.rf.99666cad8d333431c49c3098b3d00cdd_0.jpg,test,insang,0,18
dataset_mobilenet_ready/train/insang/insang_T1_78_jpg.rf.acebef84549f316ffc1af0c5655c8137_1.jpg,train,insang,1,17
dataset_mobilenet_ready/train/insang/insang_T1_48_jpg.rf.add5ee648f725ecdddad697d584d6e1b_1.jpg,train,insang,1,17
dataset_mobilenet_ready/train/mata/mata_T0_56_jpg.rf.09a0133afbbe195f858926865932c642_0.jpg,train,mata,0,18
dataset_mobilenet_ready/valid/insang/insang_T0_47_jpg.rf.d075935222b06ab12631d66880dce0a0_1.jpg,valid,insang,0,18
dataset_mobilenet_ready/test/mata/mata_T0_83_jpg.rf.276fba0afedc01bef1ff8072785f6609_0.jpg,test,mata,0,18
dataset_mobilenet_ready/valid/mata/mata_T0_35_jpg.rf.092e327e93cc1241c4be909adfa3a4d9_0.jpg,valid,mata,0,18
dataset_mobilenet_ready/train/insang/insang_T1_61_jpg.rf.4b6d60a68b182ce0880dc75f74e4e00e_1.jpg,train,insang,1,17
dataset_mobilenet_ready/train/insang/insang_T0_54_jpg.rf.581aea1871f47a9f112becf342968671_1.jpg,train,insang,0,18
dataset_mobilenet_ready/train/insang/insang_T0_1_jpg.rf.f30fb15b11bfc41ab7938863c50d431d_1.jpg,train,insang,0,18
dataset_mobilenet_ready/train/mata/mata_T0_114_jpg.rf.d2f8682be5b6402bcb4203a3251f9336_0.jpg,train,mata,0,18
dataset_mobilenet_ready/valid/mata/mata_T1_27_jpg.rf.3b5376462877988dfd5d9383d625a32b_0.jpg,valid,mata,1,17
dataset_mobilenet_ready/train/mata/mata_T0_9_jpg.rf.75f22e550b13ed11bd129eaa10181708_0.jpg,train,mata,0,18
dataset_mobilenet_ready/train/mata/mata_T0_28_jpg.rf.3eb20a915caa5350bcf597a24a9c0c3a_0.jpg,train,mata,0,18
dataset_mobilenet_ready/train/mata/mata_T0_119_jpg.rf.14e31c2c51a37ecc4c4c40eae114c311_0.jpg,train,mata,0,18
dataset_mobilenet_ready/train/mata/mata_T0_12_jpg.rf.4f141d8e445526f20fff3659ca390d28_0.jpg,train,mata,0,18
dataset_mobilenet_ready/valid/insang/insang_T1_1_jpg.rf.67b6e1e551a451e041ecc34e355e9c5e_0.jpg,valid,insang,1,17
dataset_mobilenet_ready/test/mata/mata_T1_90_jpg.rf.1c60cd0701742489a92d3e732e0f12b2_0.jpg,test,mata,1,17
dataset_mobilenet_ready/train/insang/insang_T1_9_jpg.rf.2e468cf19990f8a4704969773c2466e6_0.jpg,train,insang,1,17
dataset_mobilenet_ready/valid/insang/insang_T0_27_jpg.rf.2d71b81075b6177722b0fdb5c14dc1bb_1.jpg,valid,insang,0,18
dataset_mobilenet_ready/train/mata/mata_T0_29_jpg.rf.cbdd0f2585c681692222638776e8eca3_0.jpg,train,mata,0,18
dataset_mobilenet_ready/train/insang/insang_T1_74_jpg.rf.30e8444f3ff113815bc8a0cefa055ecd_0.jpg,train,insang,1,17
dataset_mobilenet_ready/test/mata/mata_T1_53_jpg.rf.7e2b2672e24efae584f0538e45f00e94_1.jpg,test,mata,1,17
dataset_mobilenet_ready/train/mata/mata_T0_82_jpg.rf.d4097dec33a5200c2e0000cbc28940b4_0.jpg,train,mata,0,18
dataset_mobilenet_ready/test/insang/insang_T1_81_jpg.rf.b026acc923a1eb1a946a460be7a9c4ef_1.jpg,test,insang,1,17
dataset_mobilenet_ready/valid/insang/insang_T1_70_jpg.rf.f09071162da596e1f8c5090276b9d134_0.jpg,valid,insang,1,17
dataset_mobilenet_ready/valid/mata/mata_T1_80_jpg.rf.200abd883c4a57919d24f6b361e4f51c_1.jpg,valid,mata,1,17
dataset_mobilenet_ready/train/insang/insang_T1_87_jpg.rf.930c3b00efd45071eff8a0c33ab8932e_1.jpg,train,insang,1,17
dataset_mobilenet_ready/train/insang/insang_T1_22_jpg.rf.e5a1a7408fc7c76ab28a067a18365a01_1.jpg,train,insang,1,17
dataset_mobilenet_ready/valid/mata/mata_T1_64_jpg.rf.39f1a0b9a06b76b15a5e606134405142_0.jpg,valid,mata,1,17
dataset_mobilenet_ready/train/insang/insang_T0_63_jpg.rf.d1952709944f5f1fa8570410b02703e7_0.jpg,train,insang,0,18
dataset_mobilenet_ready/train/insang/insang_T1_85_jpg.rf.476752ba9c48f209dd49d48a92104a1c_1.jpg,train,insang,1,17
dataset_mobilenet_ready/train/insang/insang_T1_55_jpg.rf.a41026bbb7aa9dfad5aad233607789cc_0.jpg,train,insang,1,17
dataset_mobilenet_ready/train/insang/insang_T0_85_jpg.rf.150ab94dc277671699efdc9f58acb8a8_1.jpg,train,insang,0,18
dataset_mobilenet_ready/train/insang/insang_T1_59_jpg.rf.8ff8489bfa8b9d299bc2d347c873578f_1.jpg,train,insang,1,17
dataset_mobilenet_ready/valid/insang/insang_T0_112_jpg.rf.68d59a3cacecb33a160809bccbc367d8_1.jpg,valid,insang,0,18
dataset_mobilenet_ready/train/insang/insang_T0_124_jpg.rf.0c60aef901ca808750b04b7a203c8aef_0.jpg,train,insang,0,18
dataset_mobilenet_ready/valid/insang/insang_T1_66_jpg.rf.c5ca43780b185fa8580ebaf9f5bceb9e_0.jpg,valid,insang,1,17
dataset_mobilenet_ready/valid/insang/insang_T0_43_jpg.rf.92dbda18c835f63b3f97339720d76e8d_1.jpg,valid,insang,0,18
dataset_mobilenet_ready/train/insang/insang_T1_8_jpg.rf.9f1d0267a3063682af85f4b6292903a0_1.jpg,train,insang,1,17
dataset_mobilenet_ready/valid/mata/mata_T1_6_jpg.rf.d1ce59dbd18fea7e47dad1719d39ee2c_0.jpg,valid,mata,1,17
dataset_mobilenet_ready/train/insang/insang_T0_99_jpg.rf.ebd5cc300112e26699cbc252a7dced12_1.jpg,train,insang,0,18
dataset_mobilenet_ready/train/mata/mata_T0_122_jpg.rf.4becbac97e3e2eb7a6e835e82a55e03e_0.jpg,train,mata,0,18
dataset_mobilenet_ready/train/mata/mata_T0_99_jpg.rf.ebd5cc300112e26699cbc252a7dced12_0.jpg,train,mata,0,18
dataset_mobilenet_ready/test/insang/insang_T0_98_jpg.rf.6781e78c1fafe464ff0715912b39334a_1.jpg,test,insang,0,18
dataset_mobilenet_ready/train/insang/insang_T1_24_jpg.rf.50822692f853a30a2020dcf0e4fe6a92_1.jpg,train,insang,1,17
dataset_mobilenet_ready/train/mata/mata_T0_22_jpg.rf.29177e1f7caee5e80892d6b4d9084759_0.jpg,train,mata,0,18
dataset_mobilenet_ready/train/insang/insang_T1_28_jpg.rf.65fbbf4303ccd1c6601cf0eabdfe96c8_1.jpg,train,insang,1,17
dataset_mobilenet_ready/train/insang/insang_T1_84_jpg.rf.519932f3dbe397cf279d75d3590b5adc_1.jpg,train,insang,1,17
dataset_mobilenet_ready/train/mata/mata_T1_87_jpg.rf.930c3b00efd45071eff8a0c33ab8932e_0.jpg,train,mata,1,17
dataset_mobilenet_ready/test/insang/insang_T1_56_jpg.rf.096fa019ff00d79dfdf9dd3dc4e1d690_1.jpg,test,insang,1,17
dataset_mobilenet_ready/test/mata/mata_T0_5_jpg.rf.ae939d215f96f76f1efe76c7b43f0206_0.jpg,test,mata,0,18
dataset_mobilenet_ready/valid/insang/insang_T0_66_jpg.rf.b5a664b644837998dbf7ffa35b48441e_1.jpg,valid,insang,0,18
dataset_mobilenet_ready/test/insang/insang_T1_107_jpg.rf.c07be69f256038f195d3292a2551e7ef_1.jpg,test,insang,1,17
dataset_mobilenet_ready/train/mata/mata_T1_96_jpg.rf.cd62d62d72a34f27a7c5b40088944883_0.jpg,train,mata,1,17
dataset_mobilenet_ready/train/insang/insang_T0_29_jpg.rf.cbdd0f2585c681692222638776e8eca3_1.jpg,train,insang,0,18
dataset_mobilenet_ready/test/insang/insang_T1_30_jpg.rf.88900aa3e9487d43fcc72a5f09be0a8a_1.jpg,test,insang,1,17
dataset_mobilenet_ready/train/insang/insang_T1_83_jpg.rf.e4d8752dda0c99433333736ebb53c360_1.jpg,train,insang,1,17
dataset_mobilenet_ready/valid/mata/mata_T0_72_jpg.rf.df015f141f1e195323c7019b2142baec_0.jpg,valid,mata,0,18
dataset_mobilenet_ready/train/mata/mata_T1_5_jpg.rf.0cb3e9e84143a57acf25f8da50ba8da5_0.jpg,train,mata,1,17
dataset_mobilenet_ready/train/insang/insang_T1_79_jpg.rf.24c9d575b57d635ad0ec3cffa15ca2fc_1.jpg,train,insang,1,17
dataset_mobilenet_ready/valid/insang/insang_T1_113_jpg.rf.1a23469bb2013ab5750341de17fba118_1.jpg,valid,insang,1,17
dataset_mobilenet_ready/test/insang/insang_T1_90_jpg.rf.1c60cd0701742489a92d3e732e0f12b2_1.jpg,test,insang,1,17
dataset_mobilenet_ready/train/insang/insang_T1_118_jpg.rf.e3d03035a66522a26372f7c439f9342b_0.jpg,train,insang,1,17
dataset_mobilenet_ready/train/insang/insang_T0_108_jpg.rf.5166c33986cfc485b36180563707a8fd_1.jpg,train,insang,0,18
dataset_mobilenet_ready/train/insang/insang_T0_94_jpg.rf.3c85c9dede7436ff8ee26210175fc052_1.jpg,train,insang,0,18
dataset_mobilenet_ready/test/mata/mata_T6_18_jpg.rf.00fb52290d52587e1f901956abf030df_0.jpg,test,mata,6,12
dataset_mobilenet_ready/test/mata/mata_T12_5_jpg.rf.34085d51a9f6853d2717b77a4e185216_0.jpg,test,mata,12,6
dataset_mobilenet_ready/test/mata/mata_T13_109_jpg.rf.3c8ec925ecbd07d0edcfc4a613fe7487_1.jpg,test,mata,13,5
dataset_mobilenet_ready/test/mata/mata_T8_18_jpg.rf.70e226ff8111311c0bf34e708b970bbb_1.jpg,test,mata,8,10
dataset_mobilenet_ready/test/mata/mata_T8_68_jpg.rf.7ab95a9cb8ad398b9a2f90632be224ab_0.jpg,test,mata,8,10
dataset_mobilenet_ready/test/mata/mata_T2_20_jpg.rf.aecab91f73a625aff29140d5a72eaf62_0.jpg,test,mata,2,16
dataset_mobilenet_ready/test/mata/mata_T2_95_jpg.rf.995599ac07877981ff68d809e405eb3f_0.jpg,test,mata,2,16
dataset_mobilenet_ready/test/mata/mata_T9_66_jpg.rf.0dbf9fcddd099f20f4ee18fb2a06ab65_0.jpg,test,mata,9,9
dataset_mobilenet_ready/test/mata/mata_T5_58_jpg.rf.d1617eb85db4c1e591e23d0ec1425570_0.jpg,test,mata,5,13
dataset_mobilenet_ready/test/mata/mata_T10_78_jpg.rf.3d43a27383e3ae8eca2aa3df42174b68_0.jpg,test,mata,10,8
dataset_mobilenet_ready/test/mata/mata_T10_76_jpg.rf.4c13ed9fcb6476a5b1ed05b341f27061_0.jpg,test,mata,10,8
dataset_mobilenet_ready/test/mata/mata_T9_77_jpg.rf.8adf36a181325a3736158f83bbff70b5_0.jpg,test,mata,9,9
dataset_mobilenet_ready/test/mata/mata_T18_93_jpg.rf.b465315854d1d2c4bf6ad5f4e597fbea_0.jpg,test,mata,18,0
dataset_mobilenet_ready/test/mata/mata_T11_25_jpg.rf.adcd2430fb10b3bdaec1a375a44ffb43_0.jpg,test,mata,11,7
dataset_mobilenet_ready/test/mata/mata_T11_92_jpg.rf.f7abe9022e7e3f68ff14c6dab3a3a5ce_1.jpg,test,mata,11,7
dataset_mobilenet_ready/test/mata/mata_T17_124_jpg.rf.c7fc1c981d4b235c286413ae4a5d13f4_0.jpg,test,mata,17,1
dataset_mobilenet_ready/test/mata/mata_T10_97_jpg.rf.3a3bcb23a712cb5eaaa54456fef20d6c_0.jpg,test,mata,10,8
dataset_mobilenet_ready/test/mata/mata_T10_103_jpg.rf.d70d67b0779bb26c6fbe9b265908979b_0.jpg,test,mata,10,8
dataset_mobilenet_ready/test/mata/mata_T17_48_jpg.rf.c8fe78ddb9b22f97a5953a2422084670_0.jpg,test,mata,17,1
dataset_mobilenet_ready/test/mata/mata_T18_29_jpg.rf.f6dabfc6085d64965f1e82cac2bec947_1.jpg,test,mata,18,0
dataset_mobilenet_ready/test/mata/mata_T7_27_jpg.rf.c978ff5b7b9ec8a75deea2528e373f1c_0.jpg,test,mata,7,11
dataset_mobilenet_ready/test/mata/mata_T7_113_jpg.rf.144ad93f9b387cbecbb0ce57948509fa_0.jpg,test,mata,7,11
dataset_mobilenet_ready/test/mata/mata_T5_77_jpg.rf.3c628f305e61a10318e30af6c72c3ca1_0.jpg,test,mata,5,13
dataset_mobilenet_ready/test/mata/mata_T8_62_jpg.rf.7793d868e43240fb4a7f30b5c908e087_1.jpg,test,mata,8,10
dataset_mobilenet_ready/test/mata/mata_T9_123_jpg.rf.c37863458789635423266376f69bd22b_1.jpg,test,mata,9,9
dataset_mobilenet_ready/test/mata/mata_T2_14_jpg.rf.33f1a859cc41ba39c73121743df20c9f_0.jpg,test,mata,2,16
dataset_mobilenet_ready/test/mata/mata_T16_109_jpg.rf.a5481e62e64739762a9a3c9672c1ba3e_0.jpg,test,mata,16,2
dataset_mobilenet_ready/test/mata/mata_T10_59_jpg.rf.c1937c74939970027976e1120c427e0b_0.jpg,test,mata,10,8
dataset_mobilenet_ready/test/mata/mata_T12_23_jpg.rf.d3cdc7f6a9e8d115ba3559c7d6f5461e_0.jpg,test,mata,12,6
dataset_mobilenet_ready/test/mata/mata_T4_10_jpg.rf.e0470cfb57fba6c3e162063d13964630_0.jpg,test,mata,4,14
dataset_mobilenet_ready/test/mata/mata_T5_60_jpg.rf.cbcf3973b6bd73924b729811dd8151e7_0.jpg,test,mata,5,13
dataset_mobilenet_ready/test/mata/mata_T17_14_jpg.rf.9e8c08e74f92b9a6149a2dc5afb98c10_0.jpg,test,mata,17,1
dataset_mobilenet_ready/test/mata/mata_T14_62_jpg.rf.3529e058f650fb11254dfdffce86fcf8_0.jpg,test,mata,14,4
dataset_mobilenet_ready/test/mata/mata_T6_33_jpg.rf.f071ced8bb3bd8a9e5d706beb93c3670_0.jpg,test,mata,6,12
dataset_mobilenet_ready/test/mata/mata_T5_66_jpg.rf.ef61e07a1d777ef6d0db97386c3ab022_0.jpg,test,mata,5,13
dataset_mobilenet_ready/test/mata/mata_T16_120_jpg.rf.e04234ceb09ca4631c1f79127e898c8e_0.jpg,test,mata,16,2
dataset_mobilenet_ready/test/mata/mata_T3_41_jpg.rf.2c0b491e930a879d8943064ce93945c2_0.jpg,test,mata,3,15
dataset_mobilenet_ready/test/mata/mata_T14_11_jpg.rf.264b6cc7e72204801ba67ffeaef3ecc5_0.jpg,test,mata,14,4
dataset_mobilenet_ready/test/mata/mata_T10_37_jpg.rf.ad59221967d216084262832b300a22f3_0.jpg,test,mata,10,8
dataset_mobilenet_ready/test/mata/mata_T9_27_jpg.rf.e9080dc531c7f88c113f33d608f621fa_1.jpg,test,mata,9,9
dataset_mobilenet_ready/test/mata/mata_T10_108_jpg.rf.8e626d7746a82defd21d8ef38c88e702_0.jpg,test,mata,10,8
dataset_mobilenet_ready/test/mata/mata_T3_26_jpg.rf.e4fed4c742442094682495a8e51e101f_0.jpg,test,mata,3,15
dataset_mobilenet_ready/test/mata/mata_T6_103_jpg.rf.77a24edcf9256a21173b1d919c87d056_0.jpg,test,mata,6,12
dataset_mobilenet_ready/test/mata/mata_T18_96_jpg.rf.b5466ccb3cd50dfc51eb096a022e756c_0.jpg,test,mata,18,0
dataset_mobilenet_ready/test/mata/mata_T9_117_jpg.rf.5ac884cc9466890a591ff70b83a71995_0.jpg,test,mata,9,9
dataset_mobilenet_ready/test/mata/mata_T5_9_jpg.rf.1c2d6369ad9fd07d7c47216a32c020bf_1.jpg,test,mata,5,13
dataset_mobilenet_ready/test/mata/mata_T17_20_jpg.rf.29e5aee73898b3c83f7f6286b9151ec0_0.jpg,test,mata,17,1
dataset_mobilenet_ready/test/mata/mata_T16_25_jpg.rf.a083b9f66e5d1741e51fc75f1842df4d_0.jpg,test,mata,16,2
dataset_mobilenet_ready/test/mata/mata_T9_118_jpg.rf.7caf4fa957730f88c5feba1b51456b95_0.jpg,test,mata,9,9
dataset_mobilenet_ready/test/mata/mata_T11_121_jpg.rf.9495eb2a027efe5636f066bc8d26090e_1.jpg,test,mata,11,7
dataset_mobilenet_ready/test/mata/mata_T14_5_jpg.rf.2374b6128c0e8a7185c4d628fa19b638_0.jpg,test,mata,14,4
dataset_mobilenet_ready/test/mata/mata_T17_38_jpg.rf.bd7f0db0626340b489de73a3857495a2_0.jpg,test,mata,17,1
dataset_mobilenet_ready/test/mata/mata_T11_56_jpg.rf.ca056dc43ecdd64b3e536b2ded363e1b_1.jpg,test,mata,11,7
dataset_mobilenet_ready/test/mata/mata_T9_18_jpg.rf.bc757eadf478c4cf3267c8e0fba8f743_0.jpg,test,mata,9,9
dataset_mobilenet_ready/test/mata/mata_T13_50_jpg.rf.e97f6acdbd8acb7879706d9cd12f710c_0.jpg,test,mata,13,5
dataset_mobilenet_ready/test/mata/mata_T10_109_jpg.rf.f5b965d10beac7154bf80b3b26542ac3_1.jpg,test,mata,10,8
dataset_mobilenet_ready/test/mata/mata_T14_2_jpg.rf.197ff293888e66cfa42d84c2b35033fc_1.jpg,test,mata,14,4
dataset_mobilenet_ready/test/mata/mata_T9_43_jpg.rf.87c2084cecee85d26e7ca8573b420265_0.jpg,test,mata,9,9
dataset_mobilenet_ready/test/mata/mata_T16_117_jpg.rf.025681c382c0ca8da84ea07286305441_0.jpg,test,mata,16,2
dataset_mobilenet_ready/test/mata/mata_T4_119_jpg.rf.cf0e7a176988b97fe980b7c9621e9778_0.jpg,test,mata,4,14
dataset_mobilenet_ready/test/mata/mata_T11_2_jpg.rf.d90b311652996892257ef878049f7e03_0.jpg,test,mata,11,7
dataset_mobilenet_ready/test/mata/mata_T3_121_jpg.rf.dbe845d446a4a0ac0bc28f6f31e86115_0.jpg,test,mata,3,15
dataset_mobilenet_ready/test/mata/mata_T12_32_jpg.rf.422a7e78a8c0bd8a4690d217de9b6453_0.jpg,test,mata,12,6
dataset_mobilenet_ready/test/mata/mata_T11_39_jpg.rf.4439abeb2d7c3ff15dd38e66baa35c25_0.jpg,test,mata,11,7
dataset_mobilenet_ready/test/mata/mata_T10_12_jpg.rf.589a89454776a23cef10f6a6375af543_0.jpg,test,mata,10,8
dataset_mobilenet_ready/test/mata/mata_T12_101_jpg.rf.f036587b1a36f9b5e6a5c5eaf3901465_1.jpg,test,mata,12,6
dataset_mobilenet_ready/test/mata/mata_T4_75_jpg.rf.28b95f9d041a68aa7a5a4dffd6228734_0.jpg,test,mata,4,14
dataset_mobilenet_ready/test/mata/mata_T5_59_jpg.rf.9f8510379ec95ace02bc8107892994f3_0.jpg,test,mata,5,13
dataset_mobilenet_ready/test/mata/mata_T14_100_jpg.rf.45b659df6904ae4d7786558aa45a9272_0.jpg,test,mata,14,4
dataset_mobilenet_ready/test/mata/mata_T12_87_jpg.rf.23e0fbc8355ebed07a8e7620c723df89_0.jpg,test,mata,12,6
dataset_mobilenet_ready/test/mata/mata_T16_73_jpg.rf.cbfcf17afe33b6e102519ed444a61937_1.jpg,test,mata,16,2
dataset_mobilenet_ready/test/mata/mata_T9_6_jpg.rf.8baf654bd142757fb579d49ab5405d1f_0.jpg,test,mata,9,9
dataset_mobilenet_ready/test/mata/mata_T3_47_jpg.rf.89863cb581036a9a122f072ac3f99e7e_0.jpg,test,mata,3,15
dataset_mobilenet_ready/test/mata/mata_T18_116_jpg.rf.0eb0a5572684807da10ae0dfcb0ab653_0.jpg,test,mata,18,0
dataset_mobilenet_ready/test/mata/mata_T14_91_jpg.rf.660da807de33729498392c0b04563d53_0.jpg,test,mata,14,4
dataset_mobilenet_ready/test/mata/mata_T2_100_jpg.rf.40f0703a4563233265b8f2843f6e428f_0.jpg,test,mata,2,16
dataset_mobilenet_ready/test/mata/mata_T3_66_jpg.rf.bb78d83887bcd433b55a6accf0f1e446_0.jpg,test,mata,3,15
dataset_mobilenet_ready/test/mata/mata_T17_123_jpg.rf.0981e241e89e49155003b4c3e50ed009_0.jpg,test,mata,17,1
dataset_mobilenet_ready/test/mata/mata_T11_21_jpg.rf.6df2e4d119fa8e631af29d349fb4acd1_0.jpg,test,mata,11,7
dataset_mobilenet_ready/test/mata/mata_T12_94_jpg.rf.80468c7e5574ecf6c2450d37cd4e5a22_0.jpg,test,mata,12,6
dataset_mobilenet_ready/test/mata/mata_T3_116_jpg.rf.436b383a99214f9c3600d25c081338ad_0.jpg,test,mata,3,15
dataset_mobilenet_ready/test/mata/mata_T6_116_jpg.rf.c6ce9cdf62e127901f59b304d5a1e369_0.jpg,test,mata,6,12
dataset_mobilenet_ready/test/mata/mata_T16_69_jpg.rf.d04e189b6c8766bb9e1ace7db2f21a39_0.jpg,test,mata,16,2
dataset_mobilenet_ready/test/mata/mata_T14_25_jpg.rf.2d7211fad00318445516f74a4793a027_0.jpg,test,mata,14,4
dataset_mobilenet_ready/test/mata/mata_T7_95_jpg.rf.55bd8d9b5d4e9e5a3ec230c350412d6f_0.jpg,test,mata,7,11
dataset_mobilenet_ready/test/mata/mata_T14_101_jpg.rf.4c5a8e3f5e9619f7decbf95417ad7e29_0.jpg,test,mata,14,4
dataset_mobilenet_ready/test/mata/mata_T6_83_jpg.rf.e66f2a286606b0022bed6d7ca1f88ec0_0.jpg,test,mata,6,12
dataset_mobilenet_ready/test/mata/mata_T6_21_jpg.rf.60f1351c62d573de282dd8be90d97e23_1.jpg,test,mata,6,12
dataset_mobilenet_ready/test/mata/mata_T11_53_jpg.rf.f409d09796122682f3e66b7a1f5125cf_0.jpg,test,mata,11,7
dataset_mobilenet_ready/test/mata/mata_T16_121_jpg.rf.24767c8ecfe43759ae2ecdd0a31cbc43_0.jpg,test,mata,16,2
dataset_mobilenet_ready/test/mata/mata_T13_45_jpg.rf.d7a2ac6e066ebf7a1cd4ea61bee17ccd_0.jpg,test,mata,13,5
dataset_mobilenet_ready/test/mata/mata_T9_28_jpg.rf.17d0d8d6ae10eb3878407e27b7c5740c_0.jpg,test,mata,9,9
dataset_mobilenet_ready/test/mata/mata_T9_72_jpg.rf.25aecbf8551ec13332b46b10f2c23293_0.jpg,test,mata,9,9
dataset_mobilenet_ready/test/mata/mata_T6_114_jpg.rf.0d204cdbed85257fcaeeebf0f2e46680_0.jpg,test,mata,6,12
dataset_mobilenet_ready/test/mata/mata_T5_8_jpg.rf.8e486bebc8644e62e7c7e76f52ced686_0.jpg,test,mata,5,13
dataset_mobilenet_ready/test/mata/mata_T9_67_jpg.rf.5ad2b502cbea9d9f462d67c16c797881_0.jpg,test,mata,9,9
dataset_mobilenet_ready/test/mata/mata_T9_101_jpg.rf.11e7b9acacb6a9199aa67e5043ae3ab7_0.jpg,test,mata,9,9
dataset_mobilenet_ready/test/mata/mata_T4_47_jpg.rf.e1eaf4f2c6abe5fcc4d8457cd292705e_0.jpg,test,mata,4,14
dataset_mobilenet_ready/test/mata/mata_T3_57_jpg.rf.37cdca1e32e82aaec2a3eef84a609d6b_1.jpg,test,mata,3,15
dataset_mobilenet_ready/test/mata/mata_T17_9_jpg.rf.5d002dcfc608bfa552540a92cf6d687c_0.jpg,test,mata,17,1
dataset_mobilenet_ready/test/mata/mata_T4_42_jpg.rf.c858d56b5d72df0bbb724e6a485d0922_0.jpg,test,mata,4,14
dataset_mobilenet_ready/test/mata/mata_T12_123_jpg.rf.81541f623170d719fb233f866911e36c_0.jpg,test,mata,12,6
dataset_mobilenet_ready/test/mata/mata_T13_70_jpg.rf.cca0e9e3de20c95c07ff0d4407064a23_1.jpg,test,mata,13,5
dataset_mobilenet_ready/test/mata/mata_T11_30_jpg.rf.2a33dfdb28b88fce228fd0fe094f068a_0.jpg,test,mata,11,7
dataset_mobilenet_ready/test/mata/mata_T6_6_jpg.rf.69af5d217c30f2bb3934c2c5e3f8ca9d_0.jpg,test,mata,6,12
dataset_mobilenet_ready/test/mata/mata_T10_52_jpg.rf.fb47019e156d47ceac074563b1fde6f7_1.jpg,test,mata,10,8
dataset_mobilenet_ready/test/mata/mata_T4_3_jpg.rf.c7ddcd73639cc2579f2a7acab2c5ec5b_0.jpg,test,mata,4,14
dataset_mobilenet_ready/test/mata/mata_T11_47_jpg.rf.78f9b0da16b114e0b9f0f61b2a5f06ee_0.jpg,test,mata,11,7
dataset_mobilenet_ready/test/mata/mata_T8_13_jpg.rf.8787eeaa1914b1db684c53544528b403_0.jpg,test,mata,8,10
dataset_mobilenet_ready/test/mata/mata_T5_49_jpg.rf.f649be792c984740048a622138ecfb6f_0.jpg,test,mata,5,13
dataset_mobilenet_ready/test/mata/mata_T5_6_jpg.rf.efd111a68feb71d91d4ced4398f3e0eb_0.jpg,test,mata,5,13
dataset_mobilenet_ready/test/mata/mata_T18_56_jpg.rf.59e310f77526e74a10cf8cb72ed8fd8d_0.jpg,test,mata,18,0
dataset_mobilenet_ready/test/mata/mata_T16_105_jpg.rf.98d9ea1fb8259959f571d1451e5ab5e7_0.jpg,test,mata,16,2
dataset_mobilenet_ready/test/mata/mata_T12_107_jpg.rf.95ea2db888598ef69b62031750be7e0e_0.jpg,test,mata,12,6
dataset_mobilenet_ready/test/mata/mata_T5_41_jpg.rf.eb92100b1e6732627ed0db3a423e1b00_0.jpg,test,mata,5,13
dataset_mobilenet_ready/test/mata/mata_T5_62_jpg.rf.3fe5351b02f983d5311ab9a84c1fa8f2_0.jpg,test,mata,5,13
dataset_mobilenet_ready/test/mata/mata_T17_40_jpg.rf.8891b43b5c1649f93d8ed4720e002272_1.jpg,test,mata,17,1
dataset_mobilenet_ready/test/mata/mata_T6_110_jpg.rf.779238e99b69c29609d442cc4f51e4f6_0.jpg,test,mata,6,12
dataset_mobilenet_ready/test/mata/mata_T7_120_jpg.rf.59fdd698357bd43ee4e8c1b0cc902a65_0.jpg,test,mata,7,11
dataset_mobilenet_ready/test/mata/mata_T14_97_jpg.rf.203f16afdeafe5229119e9ed47d17c68_0.jpg,test,mata,14,4
dataset_mobilenet_ready/test/mata/mata_T8_53_jpg.rf.a15286ce990e6c25bf6a0f80dfd211ec_1.jpg,test,mata,8,10
dataset_mobilenet_ready/test/mata/mata_T7_65_jpg.rf.a2767f24f9eeb832f9378ea581f0b1e2_1.jpg,test,mata,7,11
dataset_mobilenet_ready/test/mata/mata_T2_89_jpg.rf.a51f5a02e44ef4566af4995c118cb357_0.jpg,test,mata,2,16
dataset_mobilenet_ready/test/mata/mata_T8_44_jpg.rf.002796c4183292f1bb9df9247d5d7e97_1.jpg,test,mata,8,10
dataset_mobilenet_ready/test/mata/mata_T12_90_jpg.rf.25956d6f8f6af43873e804d6c240a332_0.jpg,test,mata,12,6
dataset_mobilenet_ready/test/mata/mata_T16_85_jpg.rf.e7952cd098c0c518311321128650779d_0.jpg,test,mata,16,2
dataset_mobilenet_ready/test/mata/mata_T12_116_jpg.rf.ae8aacd63c91271a4e5a526301260a7a_0.jpg,test,mata,12,6
dataset_mobilenet_ready/test/mata/mata_T3_82_jpg.rf.59dd9580683ff769603df7e636f546bd_0.jpg,test,mata,3,15
dataset_mobilenet_ready/test/mata/mata_T10_60_jpg.rf.5c55d25ea121606cf382d36a0bd580ae_1.jpg,test,mata,10,8
dataset_mobilenet_ready/test/mata/mata_T14_104_jpg.rf.8955c44b222b7289cb6fde0bbac24e0f_0.jpg,test,mata,14,4
dataset_mobilenet_ready/test/mata/mata_T16_108_jpg.rf.a13cd3d677dd0a465fdcfa58dd97fae3_0.jpg,test,mata,16,2
dataset_mobilenet_ready/test/mata/mata_T16_52_jpg.rf.a65517ff8a83e5a9fd8355509d7883cb_0.jpg,test,mata,16,2
dataset_mobilenet_ready/test/mata/mata_T12_40_jpg.rf.3dd4c4c62fc19f9cd202e9683e157c8d_0.jpg,test,mata,12,6
dataset_mobilenet_ready/test/mata/mata_T4_32_jpg.rf.03199c4e3d111e1eb73337d7d4990d66_0.jpg,test,mata,4,14
dataset_mobilenet_ready/test/mata/mata_T17_62_jpg.rf.3160730b5c200eb0ce2489e59dfd308f_0.jpg,test,mata,17,1
dataset_mobilenet_ready/test/mata/mata_T4_86_jpg.rf.9655d8270fb5dc06cdac1e51b67ca966_0.jpg,test,mata,4,14
dataset_mobilenet_ready/test/mata/mata_T18_40_jpg.rf.2efa5b75d3ffb944e0c87e647827ce55_0.jpg,test,mata,18,0
dataset_mobilenet_ready/test/mata/mata_T5_102_jpg.rf.2acc6fa23f323c28e3b7f593c6472e2b_0.jpg,test,mata,5,13
dataset_mobilenet_ready/test/mata/mata_T4_80_jpg.rf.0cf4e3ce2c97a12b078adb877a4dc63d_0.jpg,test,mata,4,14
dataset_mobilenet_ready/test/mata/mata_T3_86_jpg.rf.a326e3139fa2c24e6adc0a9f3ff85bda_0.jpg,test,mata,3,15
dataset_mobilenet_ready/test/mata/mata_T11_82_jpg.rf.a268d9e3a6f6ef2224c440cf9bf7d588_0.jpg,test,mata,11,7
dataset_mobilenet_ready/test/mata/mata_T17_16_jpg.rf.171530ad7c4530e5b75d60e4f0876c92_0.jpg,test,mata,17,1
dataset_mobilenet_ready/test/mata/mata_T7_54_jpg.rf.a976f2d0a17df52c3a23ff40cc0cea36_1.jpg,test,mata,7,11
dataset_mobilenet_ready/test/mata/mata_T13_19_jpg.rf.1ecae11b01ef40daf0076e2d5ad127e8_0.jpg,test,mata,13,5
dataset_mobilenet_ready/test/mata/mata_T12_46_jpg.rf.d92da61c49cd91b9c17f367dfafa0ce5_0.jpg,test,mata,12,6
dataset_mobilenet_ready/test/mata/mata_T13_92_jpg.rf.75bed68ff574cc1e7dc043bf572a5cc5_0.jpg,test,mata,13,5
dataset_mobilenet_ready/test/mata/mata_T11_110_jpg.rf.0db7ba305536956ef72d724c58e15bd8_0.jpg,test,mata,11,7
dataset_mobilenet_ready/test/mata/mata_T11_26_jpg.rf.4678ac6dee8c3b48fbc5331f982ef4cf_0.jpg,test,mata,11,7
dataset_mobilenet_ready/test/mata/mata_T17_64_jpg.rf.f768c38114996defd7bb15e286392a5a_0.jpg,test,mata,17,1
dataset_mobilenet_ready/test/mata/mata_T9_15_jpg.rf.19739f1595fb8bf194a76b90080aa77e_0.jpg,test,mata,9,9
dataset_mobilenet_ready/test/mata/mata_T10_3_jpg.rf.bb478154c2a7cb0f2a281d4fa4e8b708_0.jpg,test,mata,10,8
dataset_mobilenet_ready/test/mata/mata_T6_9_jpg.rf.d77da9fc6474425c1a2b1a45fbefb791_0.jpg,test,mata,6,12
dataset_mobilenet_ready/test/mata/mata_T12_22_jpg.rf.ff70c90bfa2768ebb763526513e4fa18_0.jpg,test,mata,12,6
dataset_mobilenet_ready/test/mata/mata_T18_91_jpg.rf.eaf2166f6774917d67e7ae3a82b4928c_0.jpg,test,mata,18,0
dataset_mobilenet_ready/test/mata/mata_T7_81_jpg.rf.70d39c2d52da249d2e61dd4f2faa1070_0.jpg,test,mata,7,11
dataset_mobilenet_ready/test/mata/mata_T4_97_jpg.rf.d6cc334ec59605a2ff037d35af22e9e4_0.jpg,test,mata,4,14
dataset_mobilenet_ready/test/mata/mata_T10_79_jpg.rf.bbef9f412c27fa4a1b3538c125cee661_0.jpg,test,mata,10,8
dataset_mobilenet_ready/test/mata/mata_T17_103_jpg.rf.3144f21e10277815bdcb78199c507ad1_1.jpg,test,mata,17,1
dataset_mobilenet_ready/test/mata/mata_T11_33_jpg.rf.84dcb66ceec22ca0cde3c904a0e18a62_0.jpg,test,mata,11,7
dataset_mobilenet_ready/test/mata/mata_T17_96_jpg.rf.c66a8cf1141981c64c765699dbae7897_0.jpg,test,mata,17,1
dataset_mobilenet_ready/test/mata/mata_T8_69_jpg.rf.f407e0718f6a7ca6656e47db3752e84b_0.jpg,test,mata,8,10
dataset_mobilenet_ready/test/mata/mata_T7_48_jpg.rf.d5e4f5713e33b62b1f7a5631d7cc40aa_0.jpg,test,mata,7,11
dataset_mobilenet_ready/test/mata/mata_T4_19_jpg.rf.2568a0ac771cfd3bde052d29b525003a_0.jpg,test,mata,4,14
dataset_mobilenet_ready/test/mata/mata_T4_65_jpg.rf.fea2c952a82617278b2c7f42c6eb9d2d_0.jpg,test,mata,4,14
dataset_mobilenet_ready/test/mata/mata_T6_41_jpg.rf.b8c47993aa5efb7702d6b045396bc424_0.jpg,test,mata,6,12
dataset_mobilenet_ready/test/mata/mata_T5_23_jpg.rf.af2c8b44f52e1ccf0118dda0936fd781_0.jpg,test,mata,5,13
dataset_mobilenet_ready/test/mata/mata_T8_48_jpg.rf.28db2953970a4eeb47148513e8a7b332_1.jpg,test,mata,8,10
dataset_mobilenet_ready/test/mata/mata_T11_119_jpg.rf.45821fe8414e91ebdc1548c3a1c011c9_1.jpg,test,mata,11,7
dataset_mobilenet_ready/test/mata/mata_T18_22_jpg.rf.180020f911f58434a279168fe0d975b7_0.jpg,test,mata,18,0
dataset_mobilenet_ready/test/mata/mata_T17_112_jpg.rf.a4c8c1fb0581557875ea66a487490293_1.jpg,test,mata,17,1
dataset_mobilenet_ready/test/mata/mata_T14_26_jpg.rf.0ff629392e033e25527cf14a11a8a4e7_0.jpg,test,mata,14,4
dataset_mobilenet_ready/test/insang/insang_T11_92_jpg.rf.f7abe9022e7e3f68ff14c6dab3a3a5ce_0.jpg,test,insang,11,7
dataset_mobilenet_ready/test/insang/insang_T12_40_jpg.rf.3dd4c4c62fc19f9cd202e9683e157c8d_1.jpg,test,insang,12,6
dataset_mobilenet_ready/test/insang/insang_T5_62_jpg.rf.3fe5351b02f983d5311ab9a84c1fa8f2_1.jpg,test,insang,5,13
dataset_mobilenet_ready/test/insang/insang_T11_121_jpg.rf.9495eb2a027efe5636f066bc8d26090e_0.jpg,test,insang,11,7
dataset_mobilenet_ready/test/insang/insang_T7_54_jpg.rf.a976f2d0a17df52c3a23ff40cc0cea36_0.jpg,test,insang,7,11
dataset_mobilenet_ready/test/insang/insang_T6_18_jpg.rf.00fb52290d52587e1f901956abf030df_1.jpg,test,insang,6,12
dataset_mobilenet_ready/test/insang/insang_T13_45_jpg.rf.d7a2ac6e066ebf7a1cd4ea61bee17ccd_1.jpg,test,insang,13,5
dataset_mobilenet_ready/test/insang/insang_T12_23_jpg.rf.d3cdc7f6a9e8d115ba3559c7d6f5461e_1.jpg,test,insang,12,6
dataset_mobilenet_ready/test/insang/insang_T6_110_jpg.rf.779238e99b69c29609d442cc4f51e4f6_1.jpg,test,insang,6,12
dataset_mobilenet_ready/test/insang/insang_T7_81_jpg.rf.70d39c2d52da249d2e61dd4f2faa1070_1.jpg,test,insang,7,11
dataset_mobilenet_ready/test/insang/insang_T13_50_jpg.rf.e97f6acdbd8acb7879706d9cd12f710c_1.jpg,test,insang,13,5
dataset_mobilenet_ready/test/insang/insang_T10_78_jpg.rf.3d43a27383e3ae8eca2aa3df42174b68_1.jpg,test,insang,10,8
dataset_mobilenet_ready/test/insang/insang_T12_101_jpg.rf.f036587b1a36f9b5e6a5c5eaf3901465_0.jpg,test,insang,12,6
dataset_mobilenet_ready/test/insang/insang_T11_21_jpg.rf.6df2e4d119fa8e631af29d349fb4acd1_1.jpg,test,insang,11,7
dataset_mobilenet_ready/test/insang/insang_T5_102_jpg.rf.2acc6fa23f323c28e3b7f593c6472e2b_1.jpg,test,insang,5,13
dataset_mobilenet_ready/test/insang/insang_T10_97_jpg.rf.3a3bcb23a712cb5eaaa54456fef20d6c_1.jpg,test,insang,10,8
dataset_mobilenet_ready/test/insang/insang_T17_38_jpg.rf.bd7f0db0626340b489de73a3857495a2_1.jpg,test,insang,17,1
dataset_mobilenet_ready/test/insang/insang_T18_116_jpg.rf.0eb0a5572684807da10ae0dfcb0ab653_1.jpg,test,insang,18,0
dataset_mobilenet_ready/test/insang/insang_T9_67_jpg.rf.5ad2b502cbea9d9f462d67c16c797881_1.jpg,test,insang,9,9
dataset_mobilenet_ready/test/insang/insang_T4_32_jpg.rf.03199c4e3d111e1eb73337d7d4990d66_1.jpg,test,insang,4,14
dataset_mobilenet_ready/test/insang/insang_T10_109_jpg.rf.f5b965d10beac7154bf80b3b26542ac3_0.jpg,test,insang,10,8
dataset_mobilenet_ready/test/insang/insang_T18_91_jpg.rf.eaf2166f6774917d67e7ae3a82b4928c_1.jpg,test,insang,18,0
dataset_mobilenet_ready/test/insang/insang_T5_58_jpg.rf.d1617eb85db4c1e591e23d0ec1425570_1.jpg,test,insang,5,13
dataset_mobilenet_ready/test/insang/insang_T13_70_jpg.rf.cca0e9e3de20c95c07ff0d4407064a23_0.jpg,test,insang,13,5
dataset_mobilenet_ready/test/insang/insang_T4_80_jpg.rf.0cf4e3ce2c97a12b078adb877a4dc63d_1.jpg,test,insang,4,14
dataset_mobilenet_ready/test/insang/insang_T5_59_jpg.rf.9f8510379ec95ace02bc8107892994f3_1.jpg,test,insang,5,13
dataset_mobilenet_ready/test/insang/insang_T11_2_jpg.rf.d90b311652996892257ef878049f7e03_1.jpg,test,insang,11,7
dataset_mobilenet_ready/test/insang/insang_T3_116_jpg.rf.436b383a99214f9c3600d25c081338ad_1.jpg,test,insang,3,15
dataset_mobilenet_ready/test/insang/insang_T14_104_jpg.rf.8955c44b222b7289cb6fde0bbac24e0f_1.jpg,test,insang,14,4
dataset_mobilenet_ready/test/insang/insang_T11_53_jpg.rf.f409d09796122682f3e66b7a1f5125cf_1.jpg,test,insang,11,7
dataset_mobilenet_ready/test/insang/insang_T18_40_jpg.rf.2efa5b75d3ffb944e0c87e647827ce55_1.jpg,test,insang,18,0
dataset_mobilenet_ready/test/insang/insang_T9_101_jpg.rf.11e7b9acacb6a9199aa67e5043ae3ab7_1.jpg,test,insang,9,9
dataset_mobilenet_ready/test/insang/insang_T9_6_jpg.rf.8baf654bd142757fb579d49ab5405d1f_1.jpg,test,insang,9,9
dataset_mobilenet_ready/test/insang/insang_T17_124_jpg.rf.c7fc1c981d4b235c286413ae4a5d13f4_1.jpg,test,insang,17,1
dataset_mobilenet_ready/test/insang/insang_T16_120_jpg.rf.e04234ceb09ca4631c1f79127e898c8e_1.jpg,test,insang,16,2
dataset_mobilenet_ready/test/insang/insang_T12_87_jpg.rf.23e0fbc8355ebed07a8e7620c723df89_1.jpg,test,insang,12,6
dataset_mobilenet_ready/test/insang/insang_T11_25_jpg.rf.adcd2430fb10b3bdaec1a375a44ffb43_1.jpg,test,insang,11,7
dataset_mobilenet_ready/test/insang/insang_T16_109_jpg.rf.a5481e62e64739762a9a3c9672c1ba3e_1.jpg,test,insang,16,2
dataset_mobilenet_ready/test/insang/insang_T3_66_jpg.rf.bb78d83887bcd433b55a6accf0f1e446_1.jpg,test,insang,3,15
dataset_mobilenet_ready/test/insang/insang_T9_123_jpg.rf.c37863458789635423266376f69bd22b_0.jpg,test,insang,9,9
dataset_mobilenet_ready/test/insang/insang_T8_13_jpg.rf.8787eeaa1914b1db684c53544528b403_1.jpg,test,insang,8,10
dataset_mobilenet_ready/test/insang/insang_T3_41_jpg.rf.2c0b491e930a879d8943064ce93945c2_1.jpg,test,insang,3,15
dataset_mobilenet_ready/test/insang/insang_T2_95_jpg.rf.995599ac07877981ff68d809e405eb3f_1.jpg,test,insang,2,16
dataset_mobilenet_ready/test/insang/insang_T8_62_jpg.rf.7793d868e43240fb4a7f30b5c908e087_0.jpg,test,insang,8,10
dataset_mobilenet_ready/test/insang/insang_T3_47_jpg.rf.89863cb581036a9a122f072ac3f99e7e_1.jpg,test,insang,3,15
dataset_mobilenet_ready/test/insang/insang_T10_3_jpg.rf.bb478154c2a7cb0f2a281d4fa4e8b708_1.jpg,test,insang,10,8
dataset_mobilenet_ready/test/insang/insang_T11_110_jpg.rf.0db7ba305536956ef72d724c58e15bd8_1.jpg,test,insang,11,7
dataset_mobilenet_ready/test/insang/insang_T12_46_jpg.rf.d92da61c49cd91b9c17f367dfafa0ce5_1.jpg,test,insang,12,6
dataset_mobilenet_ready/test/insang/insang_T17_103_jpg.rf.3144f21e10277815bdcb78199c507ad1_0.jpg,test,insang,17,1
dataset_mobilenet_ready/test/insang/insang_T17_62_jpg.rf.3160730b5c200eb0ce2489e59dfd308f_1.jpg,test,insang,17,1
dataset_mobilenet_ready/test/insang/insang_T4_19_jpg.rf.2568a0ac771cfd3bde052d29b525003a_1.jpg,test,insang,4,14
dataset_mobilenet_ready/test/insang/insang_T16_52_jpg.rf.a65517ff8a83e5a9fd8355509d7883cb_1.jpg,test,insang,16,2
dataset_mobilenet_ready/test/insang/insang_T17_112_jpg.rf.a4c8c1fb0581557875ea66a487490293_0.jpg,test,insang,17,1
dataset_mobilenet_ready/test/insang/insang_T13_92_jpg.rf.75bed68ff574cc1e7dc043bf572a5cc5_1.jpg,test,insang,13,5
dataset_mobilenet_ready/test/insang/insang_T9_28_jpg.rf.17d0d8d6ae10eb3878407e27b7c5740c_1.jpg,test,insang,9,9
dataset_mobilenet_ready/test/insang/insang_T11_47_jpg.rf.78f9b0da16b114e0b9f0f61b2a5f06ee_1.jpg,test,insang,11,7
dataset_mobilenet_ready/test/insang/insang_T8_44_jpg.rf.002796c4183292f1bb9df9247d5d7e97_0.jpg,test,insang,8,10
dataset_mobilenet_ready/test/insang/insang_T16_121_jpg.rf.24767c8ecfe43759ae2ecdd0a31cbc43_1.jpg,test,insang,16,2
dataset_mobilenet_ready/test/insang/insang_T6_6_jpg.rf.69af5d217c30f2bb3934c2c5e3f8ca9d_1.jpg,test,insang,6,12
dataset_mobilenet_ready/test/insang/insang_T16_108_jpg.rf.a13cd3d677dd0a465fdcfa58dd97fae3_1.jpg,test,insang,16,2
dataset_mobilenet_ready/test/insang/insang_T13_109_jpg.rf.3c8ec925ecbd07d0edcfc4a613fe7487_0.jpg,test,insang,13,5
dataset_mobilenet_ready/test/insang/insang_T9_117_jpg.rf.5ac884cc9466890a591ff70b83a71995_1.jpg,test,insang,9,9
dataset_mobilenet_ready/test/insang/insang_T12_22_jpg.rf.ff70c90bfa2768ebb763526513e4fa18_1.jpg,test,insang,12,6
dataset_mobilenet_ready/test/insang/insang_T7_65_jpg.rf.a2767f24f9eeb832f9378ea581f0b1e2_0.jpg,test,insang,7,11
dataset_mobilenet_ready/test/insang/insang_T8_53_jpg.rf.a15286ce990e6c25bf6a0f80dfd211ec_0.jpg,test,insang,8,10
dataset_mobilenet_ready/test/insang/insang_T17_96_jpg.rf.c66a8cf1141981c64c765699dbae7897_1.jpg,test,insang,17,1
dataset_mobilenet_ready/test/insang/insang_T10_59_jpg.rf.c1937c74939970027976e1120c427e0b_1.jpg,test,insang,10,8
dataset_mobilenet_ready/test/insang/insang_T9_18_jpg.rf.bc757eadf478c4cf3267c8e0fba8f743_1.jpg,test,insang,9,9
dataset_mobilenet_ready/test/insang/insang_T6_33_jpg.rf.f071ced8bb3bd8a9e5d706beb93c3670_1.jpg,test,insang,6,12
dataset_mobilenet_ready/test/insang/insang_T14_11_jpg.rf.264b6cc7e72204801ba67ffeaef3ecc5_1.jpg,test,insang,14,4
dataset_mobilenet_ready/test/insang/insang_T11_30_jpg.rf.2a33dfdb28b88fce228fd0fe094f068a_1.jpg,test,insang,11,7
dataset_mobilenet_ready/test/insang/insang_T3_57_jpg.rf.37cdca1e32e82aaec2a3eef84a609d6b_0.jpg,test,insang,3,15
dataset_mobilenet_ready/test/insang/insang_T11_39_jpg.rf.4439abeb2d7c3ff15dd38e66baa35c25_1.jpg,test,insang,11,7
dataset_mobilenet_ready/test/insang/insang_T16_73_jpg.rf.cbfcf17afe33b6e102519ed444a61937_0.jpg,test,insang,16,2
dataset_mobilenet_ready/test/insang/insang_T11_82_jpg.rf.a268d9e3a6f6ef2224c440cf9bf7d588_1.jpg,test,insang,11,7
dataset_mobilenet_ready/test/insang/insang_T5_66_jpg.rf.ef61e07a1d777ef6d0db97386c3ab022_1.jpg,test,insang,5,13
dataset_mobilenet_ready/test/insang/insang_T6_103_jpg.rf.77a24edcf9256a21173b1d919c87d056_1.jpg,test,insang,6,12
dataset_mobilenet_ready/test/insang/insang_T5_60_jpg.rf.cbcf3973b6bd73924b729811dd8151e7_1.jpg,test,insang,5,13
dataset_mobilenet_ready/test/insang/insang_T12_123_jpg.rf.81541f623170d719fb233f866911e36c_1.jpg,test,insang,12,6
dataset_mobilenet_ready/test/insang/insang_T12_116_jpg.rf.ae8aacd63c91271a4e5a526301260a7a_1.jpg,test,insang,12,6
dataset_mobilenet_ready/test/insang/insang_T5_9_jpg.rf.1c2d6369ad9fd07d7c47216a32c020bf_0.jpg,test,insang,5,13
dataset_mobilenet_ready/test/insang/insang_T7_113_jpg.rf.144ad93f9b387cbecbb0ce57948509fa_1.jpg,test,insang,7,11
dataset_mobilenet_ready/test/insang/insang_T14_97_jpg.rf.203f16afdeafe5229119e9ed47d17c68_1.jpg,test,insang,14,4
dataset_mobilenet_ready/test/insang/insang_T4_75_jpg.rf.28b95f9d041a68aa7a5a4dffd6228734_1.jpg,test,insang,4,14
dataset_mobilenet_ready/test/insang/insang_T16_105_jpg.rf.98d9ea1fb8259959f571d1451e5ab5e7_1.jpg,test,insang,16,2
dataset_mobilenet_ready/test/insang/insang_T11_33_jpg.rf.84dcb66ceec22ca0cde3c904a0e18a62_1.jpg,test,insang,11,7
dataset_mobilenet_ready/test/insang/insang_T8_69_jpg.rf.f407e0718f6a7ca6656e47db3752e84b_1.jpg,test,insang,8,10
dataset_mobilenet_ready/test/insang/insang_T2_20_jpg.rf.aecab91f73a625aff29140d5a72eaf62_1.jpg,test,insang,2,16
dataset_mobilenet_ready/test/insang/insang_T10_79_jpg.rf.bbef9f412c27fa4a1b3538c125cee661_1.jpg,test,insang,10,8
dataset_mobilenet_ready/test/insang/insang_T9_72_jpg.rf.25aecbf8551ec13332b46b10f2c23293_1.jpg,test,insang,9,9
dataset_mobilenet_ready/test/insang/insang_T5_6_jpg.rf.efd111a68feb71d91d4ced4398f3e0eb_1.jpg,test,insang,5,13
dataset_mobilenet_ready/test/insang/insang_T6_114_jpg.rf.0d204cdbed85257fcaeeebf0f2e46680_1.jpg,test,insang,6,12
dataset_mobilenet_ready/test/insang/insang_T5_41_jpg.rf.eb92100b1e6732627ed0db3a423e1b00_1.jpg,test,insang,5,13
dataset_mobilenet_ready/test/insang/insang_T17_123_jpg.rf.0981e241e89e49155003b4c3e50ed009_1.jpg,test,insang,17,1
dataset_mobilenet_ready/test/insang/insang_T12_32_jpg.rf.422a7e78a8c0bd8a4690d217de9b6453_1.jpg,test,insang,12,6
dataset_mobilenet_ready/test/insang/insang_T12_90_jpg.rf.25956d6f8f6af43873e804d6c240a332_1.jpg,test,insang,12,6
dataset_mobilenet_ready/test/insang/insang_T17_16_jpg.rf.171530ad7c4530e5b75d60e4f0876c92_1.jpg,test,insang,17,1
dataset_mobilenet_ready/test/insang/insang_T10_37_jpg.rf.ad59221967d216084262832b300a22f3_1.jpg,test,insang,10,8
dataset_mobilenet_ready/test/insang/insang_T16_117_jpg.rf.025681c382c0ca8da84ea07286305441_1.jpg,test,insang,16,2
dataset_mobilenet_ready/test/insang/insang_T4_119_jpg.rf.cf0e7a176988b97fe980b7c9621e9778_1.jpg,test,insang,4,14
dataset_mobilenet_ready/test/insang/insang_T5_8_jpg.rf.8e486bebc8644e62e7c7e76f52ced686_1.jpg,test,insang,5,13
dataset_mobilenet_ready/test/insang/insang_T14_5_jpg.rf.2374b6128c0e8a7185c4d628fa19b638_1.jpg,test,insang,14,4
dataset_mobilenet_ready/test/insang/insang_T9_77_jpg.rf.8adf36a181325a3736158f83bbff70b5_1.jpg,test,insang,9,9
dataset_mobilenet_ready/test/insang/insang_T9_43_jpg.rf.87c2084cecee85d26e7ca8573b420265_1.jpg,test,insang,9,9
dataset_mobilenet_ready/test/insang/insang_T17_64_jpg.rf.f768c38114996defd7bb15e286392a5a_1.jpg,test,insang,17,1
dataset_mobilenet_ready/test/insang/insang_T3_121_jpg.rf.dbe845d446a4a0ac0bc28f6f31e86115_1.jpg,test,insang,3,15
dataset_mobilenet_ready/test/insang/insang_T14_100_jpg.rf.45b659df6904ae4d7786558aa45a9272_1.jpg,test,insang,14,4
dataset_mobilenet_ready/test/insang/insang_T3_86_jpg.rf.a326e3139fa2c24e6adc0a9f3ff85bda_1.jpg,test,insang,3,15
dataset_mobilenet_ready/test/insang/insang_T10_12_jpg.rf.589a89454776a23cef10f6a6375af543_1.jpg,test,insang,10,8
dataset_mobilenet_ready/test/insang/insang_T4_10_jpg.rf.e0470cfb57fba6c3e162063d13964630_1.jpg,test,insang,4,14
dataset_mobilenet_ready/test/insang/insang_T9_27_jpg.rf.e9080dc531c7f88c113f33d608f621fa_0.jpg,test,insang,9,9
dataset_mobilenet_ready/test/insang/insang_T6_9_jpg.rf.d77da9fc6474425c1a2b1a45fbefb791_1.jpg,test,insang,6,12
dataset_mobilenet_ready/test/insang/insang_T10_108_jpg.rf.8e626d7746a82defd21d8ef38c88e702_1.jpg,test,insang,10,8
dataset_mobilenet_ready/test/insang/insang_T3_82_jpg.rf.59dd9580683ff769603df7e636f546bd_1.jpg,test,insang,3,15
dataset_mobilenet_ready/test/insang/insang_T17_9_jpg.rf.5d002dcfc608bfa552540a92cf6d687c_1.jpg,test,insang,17,1
dataset_mobilenet_ready/test/insang/insang_T10_60_jpg.rf.5c55d25ea121606cf382d36a0bd580ae_0.jpg,test,insang,10,8
dataset_mobilenet_ready/test/insang/insang_T8_18_jpg.rf.70e226ff8111311c0bf34e708b970bbb_0.jpg,test,insang,8,10
dataset_mobilenet_ready/test/insang/insang_T5_23_jpg.rf.af2c8b44f52e1ccf0118dda0936fd781_1.jpg,test,insang,5,13
dataset_mobilenet_ready/test/insang/insang_T14_2_jpg.rf.197ff293888e66cfa42d84c2b35033fc_0.jpg,test,insang,14,4
dataset_mobilenet_ready/test/insang/insang_T17_20_jpg.rf.29e5aee73898b3c83f7f6286b9151ec0_1.jpg,test,insang,17,1
dataset_mobilenet_ready/test/insang/insang_T17_40_jpg.rf.8891b43b5c1649f93d8ed4720e002272_0.jpg,test,insang,17,1
dataset_mobilenet_ready/test/insang/insang_T6_21_jpg.rf.60f1351c62d573de282dd8be90d97e23_0.jpg,test,insang,6,12
dataset_mobilenet_ready/test/insang/insang_T12_107_jpg.rf.95ea2db888598ef69b62031750be7e0e_1.jpg,test,insang,12,6
dataset_mobilenet_ready/test/insang/insang_T9_66_jpg.rf.0dbf9fcddd099f20f4ee18fb2a06ab65_1.jpg,test,insang,9,9
dataset_mobilenet_ready/test/insang/insang_T4_47_jpg.rf.e1eaf4f2c6abe5fcc4d8457cd292705e_1.jpg,test,insang,4,14
dataset_mobilenet_ready/test/insang/insang_T8_48_jpg.rf.28db2953970a4eeb47148513e8a7b332_0.jpg,test,insang,8,10
dataset_mobilenet_ready/test/insang/insang_T4_86_jpg.rf.9655d8270fb5dc06cdac1e51b67ca966_1.jpg,test,insang,4,14
dataset_mobilenet_ready/test/insang/insang_T3_26_jpg.rf.e4fed4c742442094682495a8e51e101f_1.jpg,test,insang,3,15
dataset_mobilenet_ready/test/insang/insang_T14_91_jpg.rf.660da807de33729498392c0b04563d53_1.jpg,test,insang,14,4
dataset_mobilenet_ready/test/insang/insang_T18_29_jpg.rf.f6dabfc6085d64965f1e82cac2bec947_0.jpg,test,insang,18,0
dataset_mobilenet_ready/test/insang/insang_T8_68_jpg.rf.7ab95a9cb8ad398b9a2f90632be224ab_1.jpg,test,insang,8,10
dataset_mobilenet_ready/test/insang/insang_T16_25_jpg.rf.a083b9f66e5d1741e51fc75f1842df4d_1.jpg,test,insang,16,2
dataset_mobilenet_ready/test/insang/insang_T18_22_jpg.rf.180020f911f58434a279168fe0d975b7_1.jpg,test,insang,18,0
dataset_mobilenet_ready/test/insang/insang_T10_52_jpg.rf.fb47019e156d47ceac074563b1fde6f7_0.jpg,test,insang,10,8
dataset_mobilenet_ready/test/insang/insang_T17_14_jpg.rf.9e8c08e74f92b9a6149a2dc5afb98c10_1.jpg,test,insang,17,1
dataset_mobilenet_ready/test/insang/insang_T2_100_jpg.rf.40f0703a4563233265b8f2843f6e428f_1.jpg,test,insang,2,16
dataset_mobilenet_ready/test/insang/insang_T13_19_jpg.rf.1ecae11b01ef40daf0076e2d5ad127e8_1.jpg,test,insang,13,5
dataset_mobilenet_ready/test/insang/insang_T4_3_jpg.rf.c7ddcd73639cc2579f2a7acab2c5ec5b_1.jpg,test,insang,4,14
dataset_mobilenet_ready/test/insang/insang_T18_93_jpg.rf.b465315854d1d2c4bf6ad5f4e597fbea_1.jpg,test,insang,18,0
dataset_mobilenet_ready/test/insang/insang_T10_76_jpg.rf.4c13ed9fcb6476a5b1ed05b341f27061_1.jpg,test,insang,10,8
dataset_mobilenet_ready/test/insang/insang_T18_96_jpg.rf.b5466ccb3cd50dfc51eb096a022e756c_1.jpg,test,insang,18,0
dataset_mobilenet_ready/test/insang/insang_T14_62_jpg.rf.3529e058f650fb11254dfdffce86fcf8_1.jpg,test,insang,14,4
dataset_mobilenet_ready/test/insang/insang_T14_101_jpg.rf.4c5a8e3f5e9619f7decbf95417ad7e29_1.jpg,test,insang,14,4
dataset_mobilenet_ready/test/insang/insang_T7_48_jpg.rf.d5e4f5713e33b62b1f7a5631d7cc40aa_1.jpg,test,insang,7,11
dataset_mobilenet_ready/test/insang/insang_T16_85_jpg.rf.e7952cd098c0c518311321128650779d_1.jpg,test,insang,16,2
dataset_mobilenet_ready/test/insang/insang_T7_120_jpg.rf.59fdd698357bd43ee4e8c1b0cc902a65_1.jpg,test,insang,7,11
dataset_mobilenet_ready/test/insang/insang_T6_116_jpg.rf.c6ce9cdf62e127901f59b304d5a1e369_1.jpg,test,insang,6,12
dataset_mobilenet_ready/test/insang/insang_T12_5_jpg.rf.34085d51a9f6853d2717b77a4e185216_1.jpg,test,insang,12,6
dataset_mobilenet_ready/test/insang/insang_T6_83_jpg.rf.e66f2a286606b0022bed6d7ca1f88ec0_1.jpg,test,insang,6,12
dataset_mobilenet_ready/test/insang/insang_T14_26_jpg.rf.0ff629392e033e25527cf14a11a8a4e7_1.jpg,test,insang,14,4
dataset_mobilenet_ready/test/insang/insang_T5_49_jpg.rf.f649be792c984740048a622138ecfb6f_1.jpg,test,insang,5,13
dataset_mobilenet_ready/test/insang/insang_T9_118_jpg.rf.7caf4fa957730f88c5feba1b51456b95_1.jpg,test,insang,9,9
dataset_mobilenet_ready/test/insang/insang_T14_25_jpg.rf.2d7211fad00318445516f74a4793a027_1.jpg,test,insang,14,4
dataset_mobilenet_ready/test/insang/insang_T16_69_jpg.rf.d04e189b6c8766bb9e1ace7db2f21a39_1.jpg,test,insang,16,2
dataset_mobilenet_ready/test/insang/insang_T2_14_jpg.rf.33f1a859cc41ba39c73121743df20c9f_1.jpg,test,insang,2,16
dataset_mobilenet_ready/test/insang/insang_T4_97_jpg.rf.d6cc334ec59605a2ff037d35af22e9e4_1.jpg,test,insang,4,14
dataset_mobilenet_ready/test/insang/insang_T10_103_jpg.rf.d70d67b0779bb26c6fbe9b265908979b_1.jpg,test,insang,10,8
dataset_mobilenet_ready/test/insang/insang_T11_26_jpg.rf.4678ac6dee8c3b48fbc5331f982ef4cf_1.jpg,test,insang,11,7
dataset_mobilenet_ready/test/insang/insang_T12_94_jpg.rf.80468c7e5574ecf6c2450d37cd4e5a22_1.jpg,test,insang,12,6
dataset_mobilenet_ready/test/insang/insang_T5_77_jpg.rf.3c628f305e61a10318e30af6c72c3ca1_1.jpg,test,insang,5,13
dataset_mobilenet_ready/test/insang/insang_T4_65_jpg.rf.fea2c952a82617278b2c7f42c6eb9d2d_1.jpg,test,insang,4,14
dataset_mobilenet_ready/test/insang/insang_T6_41_jpg.rf.b8c47993aa5efb7702d6b045396bc424_1.jpg,test,insang,6,12
dataset_mobilenet_ready/test/insang/insang_T4_42_jpg.rf.c858d56b5d72df0bbb724e6a485d0922_1.jpg,test,insang,4,14
dataset_mobilenet_ready/test/insang/insang_T7_27_jpg.rf.c978ff5b7b9ec8a75deea2528e373f1c_1.jpg,test,insang,7,11
dataset_mobilenet_ready/test/insang/insang_T11_119_jpg.rf.45821fe8414e91ebdc1548c3a1c011c9_0.jpg,test,insang,11,7
dataset_mobilenet_ready/test/insang/insang_T2_89_jpg.rf.a51f5a02e44ef4566af4995c118cb357_1.jpg,test,insang,2,16
dataset_mobilenet_ready/test/insang/insang_T7_95_jpg.rf.55bd8d9b5d4e9e5a3ec230c350412d6f_1.jpg,test,insang,7,11
dataset_mobilenet_ready/test/insang/insang_T9_15_jpg.rf.19739f1595fb8bf194a76b90080aa77e_1.jpg,test,insang,9,9
dataset_mobilenet_ready/test/insang/insang_T17_48_jpg.rf.c8fe78ddb9b22f97a5953a2422084670_1.jpg,test,insang,17,1
dataset_mobilenet_ready/test/insang/insang_T11_56_jpg.rf.ca056dc43ecdd64b3e536b2ded363e1b_0.jpg,test,insang,11,7
dataset_mobilenet_ready/train/mata/mata_T15_67_jpg.rf.a502d2a6977f03edc44e5cd2ee0b73a3_0.jpg,train,mata,15,3
dataset_mobilenet_ready/train/mata/mata_T10_20_jpg.rf.f96a668d2fb66f1b3690eeff9def41b7_0.jpg,train,mata,10,8
dataset_mobilenet_ready/train/mata/mata_T12_29_jpg.rf.89540a375cc4ea6b3eb5ea4e56a1092a_0.jpg,train,mata,12,6
dataset_mobilenet_ready/train/mata/mata_T17_29_jpg.rf.49d349836061731f11859f6e70f106d6_1.jpg,train,mata,17,1
dataset_mobilenet_ready/train/mata/mata_T17_24_jpg.rf.e303822d73e11f64f9f0d776506f9bab_0.jpg,train,mata,17,1
dataset_mobilenet_ready/train/mata/mata_T12_42_jpg.rf.ec80c7a2d488eec88fa694904de68094_0.jpg,train,mata,12,6
dataset_mobilenet_ready/train/mata/mata_T10_28_jpg.rf.879495fe2a3ee69be317df3d491358f9_0.jpg,train,mata,10,8
dataset_mobilenet_ready/train/mata/mata_T5_43_jpg.rf.4a8be293a8dc069f3cc1b61ba578d9d2_0.jpg,train,mata,5,13
dataset_mobilenet_ready/train/mata/mata_T17_7_jpg.rf.59404627155e48ec06d96ee09853a95f_0.jpg,train,mata,17,1
dataset_mobilenet_ready/train/mata/mata_T13_101_jpg.rf.2487ac27fd8a293a50f7d006a8aa944f_1.jpg,train,mata,13,5
dataset_mobilenet_ready/train/mata/mata_T6_29_jpg.rf.c5c2c03270e50d0deadc37daa0a24678_0.jpg,train,mata,6,12
dataset_mobilenet_ready/train/mata/mata_T5_89_jpg.rf.e88d34a576f31a49f420cc1abb0f5d38_0.jpg,train,mata,5,13
dataset_mobilenet_ready/train/mata/mata_T10_100_jpg.rf.dccec38794f0bd5a97af870816ed438d_0.jpg,train,mata,10,8
dataset_mobilenet_ready/train/mata/mata_T11_100_jpg.rf.1417053e5d480324f880342f33aafe4f_0.jpg,train,mata,11,7
dataset_mobilenet_ready/train/mata/mata_T11_98_jpg.rf.6f544b04e36cafc22e82b108b691b35d_0.jpg,train,mata,11,7
dataset_mobilenet_ready/train/mata/mata_T7_78_jpg.rf.e0e621d53897f4437ca85d919882077b_0.jpg,train,mata,7,11
dataset_mobilenet_ready/train/mata/mata_T3_23_jpg.rf.df570daeb61b98d1d4e545f577253805_0.jpg,train,mata,3,15
dataset_mobilenet_ready/train/mata/mata_T4_85_jpg.rf.4b55174828521336d5b4c4069d6fa790_0.jpg,train,mata,4,14
dataset_mobilenet_ready/train/mata/mata_T11_74_jpg.rf.b12eb28b2b3cd7153d9d1733828433b3_0.jpg,train,mata,11,7
dataset_mobilenet_ready/train/mata/mata_T15_64_jpg.rf.a077ecb76614266d399a501da0da0af5_0.jpg,train,mata,15,3
dataset_mobilenet_ready/train/mata/mata_T5_39_jpg.rf.44f850a69ca0f82b17165ddf73e3390a_0.jpg,train,mata,5,13
dataset_mobilenet_ready/train/mata/mata_T9_9_jpg.rf.5ed6b9c1eb27d293e3ce2b24ff2fe996_0.jpg,train,mata,9,9
dataset_mobilenet_ready/train/mata/mata_T2_9_jpg.rf.48508725d4bc50356711f648fa9f2b52_0.jpg,train,mata,2,16
dataset_mobilenet_ready/train/mata/mata_T14_28_jpg.rf.7f5fdcf8e8a9c131bccd1619b53dc466_0.jpg,train,mata,14,4
dataset_mobilenet_ready/train/mata/mata_T17_118_jpg.rf.15e019d865268d2294a4487c4f80ac83_0.jpg,train,mata,17,1
dataset_mobilenet_ready/train/mata/mata_T4_8_jpg.rf.1d14169547c9dd268700326163c23433_1.jpg,train,mata,4,14
dataset_mobilenet_ready/train/mata/mata_T2_71_jpg.rf.a1cd09211139ed7ca3d5e71735fda3d2_0.jpg,train,mata,2,16
dataset_mobilenet_ready/train/mata/mata_T6_40_jpg.rf.100cbf9909a2231926f383c9e72449fa_0.jpg,train,mata,6,12
dataset_mobilenet_ready/train/mata/mata_T3_62_jpg.rf.f05632c51c844011d54f47a4c110efff_0.jpg,train,mata,3,15
dataset_mobilenet_ready/train/mata/mata_T11_95_jpg.rf.ecc8e6448d09e43db2df9f4ad7dfb005_0.jpg,train,mata,11,7
dataset_mobilenet_ready/train/mata/mata_T10_57_jpg.rf.4970dddfcc60918de8f44a4c9f30b8ef_0.jpg,train,mata,10,8
dataset_mobilenet_ready/train/mata/mata_T4_104_jpg.rf.86c677f1c37be97012ef17c4c1ad5d4f_0.jpg,train,mata,4,14
dataset_mobilenet_ready/train/mata/mata_T9_42_jpg.rf.d752922df489027c47c93887a9e16266_0.jpg,train,mata,9,9
dataset_mobilenet_ready/train/mata/mata_T16_57_jpg.rf.a1d0cabdca7613de6268a67a95b008ee_0.jpg,train,mata,16,2
dataset_mobilenet_ready/train/mata/mata_T9_92_jpg.rf.33a202f4a8e6b77b9fe95b6014f5c4f6_1.jpg,train,mata,9,9
dataset_mobilenet_ready/train/mata/mata_T2_35_jpg.rf.141c85a27e889ce27c2d356aec6feedc_0.jpg,train,mata,2,16
dataset_mobilenet_ready/train/mata/mata_T16_116_jpg.rf.36b7f6c3e81f84571aff8f0b0394fb81_1.jpg,train,mata,16,2
dataset_mobilenet_ready/train/mata/mata_T4_69_jpg.rf.453093d47fca06482c4513d4c0d769bc_0.jpg,train,mata,4,14
dataset_mobilenet_ready/train/mata/mata_T9_90_jpg.rf.620d1c458d2127a65e465ba5a3acceab_1.jpg,train,mata,9,9
dataset_mobilenet_ready/train/mata/mata_T8_17_jpg.rf.faa9e5440e586132cbb3e5141bcc121e_0.jpg,train,mata,8,10
dataset_mobilenet_ready/train/mata/mata_T17_25_jpg.rf.134e6b43d965775d4e868b387a9b6ce9_0.jpg,train,mata,17,1
dataset_mobilenet_ready/train/mata/mata_T12_50_jpg.rf.546b494fb852b5b6ec174a6616359bb2_0.jpg,train,mata,12,6
dataset_mobilenet_ready/train/mata/mata_T14_23_jpg.rf.ad448051ea955cf1e82ba5754dfb1540_0.jpg,train,mata,14,4
dataset_mobilenet_ready/train/mata/mata_T10_34_jpg.rf.78852b45ead9ad5d1d616e23edb50881_0.jpg,train,mata,10,8
dataset_mobilenet_ready/train/mata/mata_T4_24_jpg.rf.3e7f80b90d7a06984072ea7ba41daf20_0.jpg,train,mata,4,14
dataset_mobilenet_ready/train/mata/mata_T4_2_jpg.rf.9e37d4b57ee37d2d570cafcfa1a6937f_0.jpg,train,mata,4,14
dataset_mobilenet_ready/train/mata/mata_T16_78_jpg.rf.6ac7846d969344492c1123a792c661fd_1.jpg,train,mata,16,2
dataset_mobilenet_ready/train/mata/mata_T18_106_jpg.rf.91c6ad62f965a2ad5f1f0c3f6bef7291_0.jpg,train,mata,18,0
dataset_mobilenet_ready/train/mata/mata_T9_103_jpg.rf.3d8c3fb25195c96d9d964825108f7ca8_0.jpg,train,mata,9,9
dataset_mobilenet_ready/train/mata/mata_T3_48_jpg.rf.381658539fa3b905a035edbc1720fd7a_0.jpg,train,mata,3,15
dataset_mobilenet_ready/train/mata/mata_T16_54_jpg.rf.eff5da4cc757cb7e59d6baaf3ec9161f_0.jpg,train,mata,16,2
dataset_mobilenet_ready/train/mata/mata_T14_19_jpg.rf.006d7758844f19fc38687e2a6a73d9ba_0.jpg,train,mata,14,4
dataset_mobilenet_ready/train/mata/mata_T17_90_jpg.rf.3d704ff675149dffd2b2bc14e8f682fa_0.jpg,train,mata,17,1
dataset_mobilenet_ready/train/mata/mata_T7_35_jpg.rf.c5a1134d4db790809117b659c6a27c0a_0.jpg,train,mata,7,11
dataset_mobilenet_ready/train/mata/mata_T15_51_jpg.rf.b1ccce7f53d9c57d2783821670b69aad_1.jpg,train,mata,15,3
dataset_mobilenet_ready/train/mata/mata_T13_97_jpg.rf.5036c0453ce55e14a2b34fd386347c81_1.jpg,train,mata,13,5
dataset_mobilenet_ready/train/mata/mata_T18_5_jpg.rf.f0bc654da1cfb4e5ffed635a08e17674_0.jpg,train,mata,18,0
dataset_mobilenet_ready/train/mata/mata_T14_124_jpg.rf.9cd7803065bf66c398981e8eb76f0dce_0.jpg,train,mata,14,4
dataset_mobilenet_ready/train/mata/mata_T3_80_jpg.rf.c8d037f11baaae491fae8526fd78028a_0.jpg,train,mata,3,15
dataset_mobilenet_ready/train/mata/mata_T10_46_jpg.rf.2d74f5b187ded547f95d87f0e12ebe26_0.jpg,train,mata,10,8
dataset_mobilenet_ready/train/mata/mata_T16_56_jpg.rf.57a433f961ad9485c1c34fb0867d6319_0.jpg,train,mata,16,2
dataset_mobilenet_ready/train/mata/mata_T14_14_jpg.rf.b3092d73654b8dee696bc5910bf7034d_0.jpg,train,mata,14,4
dataset_mobilenet_ready/train/mata/mata_T6_79_jpg.rf.9c875c21f86d16aab64aeb183556c7a6_0.jpg,train,mata,6,12
dataset_mobilenet_ready/train/mata/mata_T3_101_jpg.rf.bc9df73aa6bed98ec0bc45465ad0a26d_1.jpg,train,mata,3,15
dataset_mobilenet_ready/train/mata/mata_T14_54_jpg.rf.7976ba42496d7c6ea6959b1eeb81d02d_0.jpg,train,mata,14,4
dataset_mobilenet_ready/train/mata/mata_T7_91_jpg.rf.e3c5d43eca7b8875df7342e468d23324_0.jpg,train,mata,7,11
dataset_mobilenet_ready/train/mata/mata_T11_12_jpg.rf.04f679d79fa502581e5ec0988e195aae_0.jpg,train,mata,11,7
dataset_mobilenet_ready/train/mata/mata_T17_89_jpg.rf.67953c8dc11573a1c71742f143314d51_0.jpg,train,mata,17,1
dataset_mobilenet_ready/train/mata/mata_T3_36_jpg.rf.d9ef2f61f6b26a1e89a016f00c029fdc_0.jpg,train,mata,3,15
dataset_mobilenet_ready/train/mata/mata_T9_64_jpg.rf.013926aeb2bc124fe5cc49f9a4cae2d5_0.jpg,train,mata,9,9
dataset_mobilenet_ready/train/mata/mata_T10_1_jpg.rf.dd03b7138a862cee68263e2090a6c420_0.jpg,train,mata,10,8
dataset_mobilenet_ready/train/mata/mata_T11_81_jpg.rf.2367fe123c4ab57339bd6ded1bf8b436_0.jpg,train,mata,11,7
dataset_mobilenet_ready/train/mata/mata_T4_39_jpg.rf.094ef2ac1fcb0310da85b5d36a23fc78_0.jpg,train,mata,4,14
dataset_mobilenet_ready/train/mata/mata_T11_90_jpg.rf.9dc565408eb36ed63ac19babea9dc40d_1.jpg,train,mata,11,7
dataset_mobilenet_ready/train/mata/mata_T6_84_jpg.rf.17b3b8fe24b03dc32dd1273f3dd0e9b1_0.jpg,train,mata,6,12
dataset_mobilenet_ready/train/mata/mata_T17_51_jpg.rf.4698c12674899881f9a16d37e6e2d45b_1.jpg,train,mata,17,1
dataset_mobilenet_ready/train/mata/mata_T2_82_jpg.rf.19eda0482401c553d0700c658a4fcf52_0.jpg,train,mata,2,16
dataset_mobilenet_ready/train/mata/mata_T9_41_jpg.rf.b925126b4fd9e3fdb828dc160f0a73a0_0.jpg,train,mata,9,9
dataset_mobilenet_ready/train/mata/mata_T18_8_jpg.rf.f27950dc7746a10886c302d31307c89c_0.jpg,train,mata,18,0
dataset_mobilenet_ready/train/mata/mata_T11_109_jpg.rf.032a3b9c04475c15e88b5824fba24820_0.jpg,train,mata,11,7
dataset_mobilenet_ready/train/mata/mata_T4_11_jpg.rf.d038b1d6c75ca87df3e0d2457bf8917b_0.jpg,train,mata,4,14
dataset_mobilenet_ready/train/mata/mata_T7_86_jpg.rf.8d3c7d79b89926faec4b1f974bc50cfc_0.jpg,train,mata,7,11
dataset_mobilenet_ready/train/mata/mata_T4_55_jpg.rf.08cf7b491478a615694b30d9ec9e5fea_0.jpg,train,mata,4,14
dataset_mobilenet_ready/train/mata/mata_T13_29_jpg.rf.81456d754c9cd1aa5c61f5a2d66ba544_0.jpg,train,mata,13,5
dataset_mobilenet_ready/train/mata/mata_T9_95_jpg.rf.54b81bf736f4a9ad7a49f2ea1b4b5bfa_0.jpg,train,mata,9,9
dataset_mobilenet_ready/train/mata/mata_T14_88_jpg.rf.8e61e9c824c6939c6ede1e8ff13e5c3f_0.jpg,train,mata,14,4
dataset_mobilenet_ready/train/mata/mata_T2_52_jpg.rf.d4d054e8671adb8c5c77ae3327116e9f_0.jpg,train,mata,2,16
dataset_mobilenet_ready/train/mata/mata_T3_32_jpg.rf.1f8e5970d560176edd7de1fe4e27598a_0.jpg,train,mata,3,15
dataset_mobilenet_ready/train/mata/mata_T5_17_jpg.rf.e684d55f2cebcd94f50f33812a319780_1.jpg,train,mata,5,13
dataset_mobilenet_ready/train/mata/mata_T16_55_jpg.rf.47c6a5e3376183bc571f7b4ab3608fd4_0.jpg,train,mata,16,2
dataset_mobilenet_ready/train/mata/mata_T9_73_jpg.rf.53304fd92bdfd2e2c16a41ccfcdc6474_0.jpg,train,mata,9,9
dataset_mobilenet_ready/train/mata/mata_T16_111_jpg.rf.5867945c96c13c0e8bb4817dee4d0033_0.jpg,train,mata,16,2
dataset_mobilenet_ready/train/mata/mata_T13_112_jpg.rf.38e1b05858658d65da748b96c4ae4b9c_1.jpg,train,mata,13,5
dataset_mobilenet_ready/train/mata/mata_T15_47_jpg.rf.69f1fdb7c2b3be33ed3e9dc221a82237_1.jpg,train,mata,15,3
dataset_mobilenet_ready/train/mata/mata_T5_115_jpg.rf.44932878dd2070f45c0318311a61f923_1.jpg,train,mata,5,13
dataset_mobilenet_ready/train/mata/mata_T3_78_jpg.rf.fd0c7eadd78ce5aa70b49daa749a29c3_0.jpg,train,mata,3,15
dataset_mobilenet_ready/train/mata/mata_T4_16_jpg.rf.672e69442dd3fd09c288729429e5ae0f_0.jpg,train,mata,4,14
dataset_mobilenet_ready/train/mata/mata_T16_22_jpg.rf.45725c7c6ba9ea5875f22edafae99a5e_0.jpg,train,mata,16,2
dataset_mobilenet_ready/train/mata/mata_T9_121_jpg.rf.eda8128b2c95287f0c72d6d0a40af2e1_1.jpg,train,mata,9,9
dataset_mobilenet_ready/train/mata/mata_T11_3_jpg.rf.ed0ff411b752ab5700aaa065132d0508_0.jpg,train,mata,11,7
dataset_mobilenet_ready/train/mata/mata_T12_83_jpg.rf.a3f8a4911da7930939985626b5bae875_0.jpg,train,mata,12,6
dataset_mobilenet_ready/train/mata/mata_T13_30_jpg.rf.74a7deb0aa6349227be5d29fd8b94418_0.jpg,train,mata,13,5
dataset_mobilenet_ready/train/mata/mata_T2_90_jpg.rf.6d0859f263f713cc411e0e17dc21e14a_0.jpg,train,mata,2,16
dataset_mobilenet_ready/train/mata/mata_T10_124_jpg.rf.5c898025070dfd88b8570735f4868a73_0.jpg,train,mata,10,8
dataset_mobilenet_ready/train/mata/mata_T11_5_jpg.rf.533da459a650fb8c20ff16752e495508_0.jpg,train,mata,11,7
dataset_mobilenet_ready/train/mata/mata_T11_27_jpg.rf.e491935d42aa5527b99e8710fea88de6_0.jpg,train,mata,11,7
dataset_mobilenet_ready/train/mata/mata_T7_69_jpg.rf.28a4aa26cb323af837129e9ee7caac50_1.jpg,train,mata,7,11
dataset_mobilenet_ready/train/mata/mata_T15_11_jpg.rf.bf95d9a5652a8baae78a34583d54e11a_0.jpg,train,mata,15,3
dataset_mobilenet_ready/train/mata/mata_T13_34_jpg.rf.917252a1d66243f1776b32a3a5f7d295_0.jpg,train,mata,13,5
dataset_mobilenet_ready/train/mata/mata_T15_118_jpg.rf.284bbab763235bbe41b304e46eb732d0_0.jpg,train,mata,15,3
dataset_mobilenet_ready/train/mata/mata_T5_110_jpg.rf.c1010e83182c73c1ae8f4f5c13c14e25_1.jpg,train,mata,5,13
dataset_mobilenet_ready/train/mata/mata_T5_106_jpg.rf.d99819083f21aac4f33e38d3f8a56459_1.jpg,train,mata,5,13
dataset_mobilenet_ready/train/mata/mata_T18_83_jpg.rf.668cb00e25df0c4aa349dc5e43150d85_0.jpg,train,mata,18,0
dataset_mobilenet_ready/train/mata/mata_T18_31_jpg.rf.49637a9b957dacb7341a76d11ca341cb_0.jpg,train,mata,18,0
dataset_mobilenet_ready/train/mata/mata_T9_80_jpg.rf.60ff032954e59635145957735351c9e4_0.jpg,train,mata,9,9
dataset_mobilenet_ready/train/mata/mata_T3_42_jpg.rf.c48bd7cfb04eadafe19aa4247c13ef00_0.jpg,train,mata,3,15
dataset_mobilenet_ready/train/mata/mata_T11_64_jpg.rf.99e9cdb10be11bcfd2905e3669a083a0_1.jpg,train,mata,11,7
dataset_mobilenet_ready/train/mata/mata_T18_67_jpg.rf.9b38af770d46dcaa5fd2970c537e18c7_0.jpg,train,mata,18,0
dataset_mobilenet_ready/train/mata/mata_T11_52_jpg.rf.f66597702057d53bd98167a70baaeca4_0.jpg,train,mata,11,7
dataset_mobilenet_ready/train/mata/mata_T5_2_jpg.rf.f389e6b6123fb190d18fc0ac7173547c_0.jpg,train,mata,5,13
dataset_mobilenet_ready/train/mata/mata_T13_103_jpg.rf.266c9c96e82012b1b32f5563e7a83745_0.jpg,train,mata,13,5
dataset_mobilenet_ready/train/mata/mata_T16_119_jpg.rf.0134866d2537d80c65be19151e0c63ab_1.jpg,train,mata,16,2
dataset_mobilenet_ready/train/mata/mata_T17_63_jpg.rf.964a3bb66dd8c8339914fa009be096af_0.jpg,train,mata,17,1
dataset_mobilenet_ready/train/mata/mata_T4_118_jpg.rf.87dc882a6ac771a48964e2151872c692_0.jpg,train,mata,4,14
dataset_mobilenet_ready/train/mata/mata_T15_35_jpg.rf.41bc0a2fe10a52581b59f6864866d9f3_0.jpg,train,mata,15,3
dataset_mobilenet_ready/train/mata/mata_T3_67_jpg.rf.9f11991d7469bd32c966a1fb329959ef_0.jpg,train,mata,3,15
dataset_mobilenet_ready/train/mata/mata_T16_49_jpg.rf.8c7a57faeb1c5cc004ac076f2ba6b844_0.jpg,train,mata,16,2
dataset_mobilenet_ready/train/mata/mata_T18_2_jpg.rf.4904ca2ae7a4b76f99c463fa80799edf_1.jpg,train,mata,18,0
dataset_mobilenet_ready/train/mata/mata_T3_85_jpg.rf.8b3520392fecbf2acfe1965fcbaa8727_0.jpg,train,mata,3,15
dataset_mobilenet_ready/train/mata/mata_T12_1_jpg.rf.ecbcf93c0c1c176a38ad572e66f7961f_0.jpg,train,mata,12,6
dataset_mobilenet_ready/train/mata/mata_T15_33_jpg.rf.604f29d53cbea4401c91fc735582b04c_0.jpg,train,mata,15,3
dataset_mobilenet_ready/train/mata/mata_T6_26_jpg.rf.690adb8657b7d4e5954ade194c376f09_0.jpg,train,mata,6,12
dataset_mobilenet_ready/train/mata/mata_T2_84_jpg.rf.475406f738600e6ed4228a182b9c1df1_0.jpg,train,mata,2,16
dataset_mobilenet_ready/train/mata/mata_T4_33_jpg.rf.6d54597ef55ff98b8766bf950f8fc80f_0.jpg,train,mata,4,14
dataset_mobilenet_ready/train/mata/mata_T5_116_jpg.rf.c0bb254573747d51701fd02f03f4bf5a_0.jpg,train,mata,5,13
dataset_mobilenet_ready/train/mata/mata_T10_70_jpg.rf.2fda92a26c9381a6aa70e179934673cf_0.jpg,train,mata,10,8
dataset_mobilenet_ready/train/mata/mata_T12_18_jpg.rf.c8c61e50cf3dd1f1db5e3e9bef7c415b_0.jpg,train,mata,12,6
dataset_mobilenet_ready/train/mata/mata_T8_65_jpg.rf.f4c781512e523d65aef197b9ce4c18fc_0.jpg,train,mata,8,10
dataset_mobilenet_ready/train/mata/mata_T16_10_jpg.rf.245c46832bced462e630d89f7a32e56e_0.jpg,train,mata,16,2
dataset_mobilenet_ready/train/mata/mata_T16_86_jpg.rf.4e091f5cffc58ff32c32bc2220249c21_0.jpg,train,mata,16,2
dataset_mobilenet_ready/train/mata/mata_T15_90_jpg.rf.615a998e6b2c713fe099cb3a771e9c87_0.jpg,train,mata,15,3
dataset_mobilenet_ready/train/mata/mata_T11_60_jpg.rf.ceb340ff93bcee8ca6d12d2873ffb857_1.jpg,train,mata,11,7
dataset_mobilenet_ready/train/mata/mata_T3_112_jpg.rf.63f4eed7df28052f47b4744c010b6192_1.jpg,train,mata,3,15
dataset_mobilenet_ready/train/mata/mata_T9_105_jpg.rf.54893608a69b3af2828c0d2d6a23af52_1.jpg,train,mata,9,9
dataset_mobilenet_ready/train/mata/mata_T8_73_jpg.rf.5997d3fed54e391c2f59ee6c9a4d0d61_0.jpg,train,mata,8,10
dataset_mobilenet_ready/train/mata/mata_T14_0_jpg.rf.62db49c71a717e0925d2422b438e9016_1.jpg,train,mata,14,4
dataset_mobilenet_ready/train/mata/mata_T4_9_jpg.rf.8a4be10100efef23763fb27a637bc33b_0.jpg,train,mata,4,14
dataset_mobilenet_ready/train/mata/mata_T5_18_jpg.rf.5987c88eb5afb95cf035907441c65cec_1.jpg,train,mata,5,13
dataset_mobilenet_ready/train/mata/mata_T11_22_jpg.rf.fd960191f7d0d8b0824e89227623e539_0.jpg,train,mata,11,7
dataset_mobilenet_ready/train/mata/mata_T4_79_jpg.rf.9860dbb078e7ac43bfc1db4facdf1607_0.jpg,train,mata,4,14
dataset_mobilenet_ready/train/mata/mata_T16_44_jpg.rf.12aa2eee2cb00a81b5d68041cd625cf3_0.jpg,train,mata,16,2
dataset_mobilenet_ready/train/mata/mata_T18_72_jpg.rf.9464b6962224fe6e10d6cae293af8406_0.jpg,train,mata,18,0
dataset_mobilenet_ready/train/mata/mata_T7_40_jpg.rf.657ff0ebbd0223cfc699cf6abf225d4f_1.jpg,train,mata,7,11
dataset_mobilenet_ready/train/mata/mata_T14_98_jpg.rf.3efd7f1978fcbb73697cd898f3a8d9be_0.jpg,train,mata,14,4
dataset_mobilenet_ready/train/mata/mata_T15_105_jpg.rf.6bcb8a0d16815656c4255cd2b583ba2f_1.jpg,train,mata,15,3
dataset_mobilenet_ready/train/mata/mata_T15_124_jpg.rf.06eed6379360fff49603405aeb45ffa8_0.jpg,train,mata,15,3
dataset_mobilenet_ready/train/mata/mata_T2_86_jpg.rf.4e2b97ffddbc7e6b0c273a3d8e0243b3_0.jpg,train,mata,2,16
dataset_mobilenet_ready/train/mata/mata_T16_50_jpg.rf.caba34971a3f902499a564e96825fd38_0.jpg,train,mata,16,2
dataset_mobilenet_ready/train/mata/mata_T7_43_jpg.rf.c18a82348638662b5523ec6730bef688_0.jpg,train,mata,7,11
dataset_mobilenet_ready/train/mata/mata_T3_31_jpg.rf.0a7abba1b9adf52baece8e20d8d91e75_0.jpg,train,mata,3,15
dataset_mobilenet_ready/train/mata/mata_T4_43_jpg.rf.52e2939caccd871edb6ef265b6e2c6f7_0.jpg,train,mata,4,14
dataset_mobilenet_ready/train/mata/mata_T7_110_jpg.rf.1862cc3ccab842e263916ff40b18b101_0.jpg,train,mata,7,11
dataset_mobilenet_ready/train/mata/mata_T8_74_jpg.rf.5f9ff17c6606aa23eece6259c8e78980_0.jpg,train,mata,8,10
dataset_mobilenet_ready/train/mata/mata_T18_0_jpg.rf.50b0769c1ed0b5923361c19bcf88ff8a_1.jpg,train,mata,18,0
dataset_mobilenet_ready/train/mata/mata_T13_115_jpg.rf.3660625bd05027180231232dace3bed2_0.jpg,train,mata,13,5
dataset_mobilenet_ready/train/mata/mata_T12_45_jpg.rf.5516dbca2e17011eb0ffb1450d4a344b_0.jpg,train,mata,12,6
dataset_mobilenet_ready/train/mata/mata_T14_3_jpg.rf.0188c33fa7a1dd834ae980a41eb4782c_1.jpg,train,mata,14,4
dataset_mobilenet_ready/train/mata/mata_T15_97_jpg.rf.4c81bb75c166effa631d2734944d8cde_0.jpg,train,mata,15,3
dataset_mobilenet_ready/train/mata/mata_T7_21_jpg.rf.5bb02cd1d19deeb2c6d78b9b06c3b5a0_1.jpg,train,mata,7,11
dataset_mobilenet_ready/train/mata/mata_T3_118_jpg.rf.79f777352c96dcc23fd255724864f0a8_1.jpg,train,mata,3,15
dataset_mobilenet_ready/train/mata/mata_T9_1_jpg.rf.1fe3c0bd40e253e63179f1c03bda77cb_0.jpg,train,mata,9,9
dataset_mobilenet_ready/train/mata/mata_T13_89_jpg.rf.b6af0f23f9070dcd1cc9fdd16837a6d9_1.jpg,train,mata,13,5
dataset_mobilenet_ready/train/mata/mata_T17_92_jpg.rf.7a57d856345af10d19d2896b2adb5b09_0.jpg,train,mata,17,1
dataset_mobilenet_ready/train/mata/mata_T4_26_jpg.rf.10da47b67c1828f1c709aec12909b2a8_0.jpg,train,mata,4,14
dataset_mobilenet_ready/train/mata/mata_T9_119_jpg.rf.494662fc5f2ab8073ca8110b181fb35e_0.jpg,train,mata,9,9
dataset_mobilenet_ready/train/mata/mata_T7_44_jpg.rf.755061915db2a8ffe820f948594fe866_0.jpg,train,mata,7,11
dataset_mobilenet_ready/train/mata/mata_T6_117_jpg.rf.da87f8418923b084995f9fde674f5ee0_0.jpg,train,mata,6,12
dataset_mobilenet_ready/train/mata/mata_T6_46_jpg.rf.ee96b16f51721c11d4be0b3bef8942ba_1.jpg,train,mata,6,12
dataset_mobilenet_ready/train/mata/mata_T8_15_jpg.rf.a8773c4c141bd5b8589702af563d7d79_0.jpg,train,mata,8,10
dataset_mobilenet_ready/train/mata/mata_T8_12_jpg.rf.95ef378328cde6a1d3651a29457548bc_0.jpg,train,mata,8,10
dataset_mobilenet_ready/train/mata/mata_T16_96_jpg.rf.d2b71dc2a10bac7b7818914b494555cb_0.jpg,train,mata,16,2
dataset_mobilenet_ready/train/mata/mata_T4_56_jpg.rf.2d4824f7f66ad88e9bbb9ec5616345a4_1.jpg,train,mata,4,14
dataset_mobilenet_ready/train/mata/mata_T12_11_jpg.rf.20ad92bb0de4dd51d2c1b5a771e4f9d1_0.jpg,train,mata,12,6
dataset_mobilenet_ready/train/mata/mata_T15_102_jpg.rf.994bb5e864c8a8938702e1a7c450eebb_0.jpg,train,mata,15,3
dataset_mobilenet_ready/train/mata/mata_T12_117_jpg.rf.d649ed947931f32f3177f7355e1e2103_0.jpg,train,mata,12,6
dataset_mobilenet_ready/train/mata/mata_T7_62_jpg.rf.f663df91140b2dd468d180ae7cb45c03_0.jpg,train,mata,7,11
dataset_mobilenet_ready/train/mata/mata_T15_111_jpg.rf.86b1429ce44edbb8f4d3313ccb0a2349_1.jpg,train,mata,15,3
dataset_mobilenet_ready/train/mata/mata_T14_41_jpg.rf.4dbf265f5cdc143619aa052995c1144b_0.jpg,train,mata,14,4
dataset_mobilenet_ready/train/mata/mata_T13_122_jpg.rf.addf21e8e14701f7cf5d1efb610d317b_0.jpg,train,mata,13,5
dataset_mobilenet_ready/train/mata/mata_T12_108_jpg.rf.2c5be548936598d8158b681d15d76715_0.jpg,train,mata,12,6
dataset_mobilenet_ready/train/mata/mata_T15_72_jpg.rf.d3abe57cb54ff0d92d5ccf0321e61501_0.jpg,train,mata,15,3
dataset_mobilenet_ready/train/mata/mata_T15_36_jpg.rf.a8543f654efda218424acc46c446edf2_0.jpg,train,mata,15,3
dataset_mobilenet_ready/train/mata/mata_T2_54_jpg.rf.7e6fbf1f0c4cfeaf34d311b6b18fad2e_1.jpg,train,mata,2,16
dataset_mobilenet_ready/train/mata/mata_T16_70_jpg.rf.750d4d3bb9b34b075e119101d7e6d812_0.jpg,train,mata,16,2
dataset_mobilenet_ready/train/mata/mata_T16_18_jpg.rf.ec94432b80e6e5f305e756298f0ffb3d_0.jpg,train,mata,16,2
dataset_mobilenet_ready/train/mata/mata_T14_79_jpg.rf.367d1c5427fbbdd4a041844e53682507_0.jpg,train,mata,14,4
dataset_mobilenet_ready/train/mata/mata_T11_123_jpg.rf.e5d0689b2cebc7fd0dd178b038470e42_0.jpg,train,mata,11,7
dataset_mobilenet_ready/train/mata/mata_T8_124_jpg.rf.236d6abcfd6d4aa2761740616c27e695_0.jpg,train,mata,8,10
dataset_mobilenet_ready/train/mata/mata_T10_58_jpg.rf.0bc7388016bddf88a7bfdcd346ed9a94_0.jpg,train,mata,10,8
dataset_mobilenet_ready/train/mata/mata_T8_43_jpg.rf.039c41d0e9182ae42d6eff5c15cc2322_0.jpg,train,mata,8,10
dataset_mobilenet_ready/train/mata/mata_T18_112_jpg.rf.3f00bf5fac20f7fb92646206f00c460c_0.jpg,train,mata,18,0
dataset_mobilenet_ready/train/mata/mata_T8_71_jpg.rf.5394702b9e517a13a47c354b7114975f_0.jpg,train,mata,8,10
dataset_mobilenet_ready/train/mata/mata_T4_64_jpg.rf.9a95cd348814f36fe82a8adba92d7fb6_1.jpg,train,mata,4,14
dataset_mobilenet_ready/train/mata/mata_T10_9_jpg.rf.905a88a4c7a028996d753896e62c14d2_0.jpg,train,mata,10,8
dataset_mobilenet_ready/train/mata/mata_T8_31_jpg.rf.c571ab4d8aaaba2e19bea98600b160a8_1.jpg,train,mata,8,10
dataset_mobilenet_ready/train/mata/mata_T6_102_jpg.rf.be67ede04ff86e40c28cfc934aab65a8_0.jpg,train,mata,6,12
dataset_mobilenet_ready/train/mata/mata_T5_86_jpg.rf.f96d801855f80d10280fd50480f78c37_0.jpg,train,mata,5,13
dataset_mobilenet_ready/train/mata/mata_T7_70_jpg.rf.488e34a74a1b617f34c86697c5efbd3d_0.jpg,train,mata,7,11
dataset_mobilenet_ready/train/mata/mata_T4_72_jpg.rf.3ddda8b2fe3b940b72ed5468aa792152_0.jpg,train,mata,4,14
dataset_mobilenet_ready/train/mata/mata_T15_50_jpg.rf.85d567d06459c5ae4127374a50ef799f_0.jpg,train,mata,15,3
dataset_mobilenet_ready/train/mata/mata_T17_4_jpg.rf.b7ec3d88e4ca45b3271884a2a9552065_0.jpg,train,mata,17,1
dataset_mobilenet_ready/train/mata/mata_T2_22_jpg.rf.0420b038cdee41ee70aa80f86ca31394_0.jpg,train,mata,2,16
dataset_mobilenet_ready/train/mata/mata_T6_24_jpg.rf.c104d543b9debc7230d3493519edb30d_0.jpg,train,mata,6,12
dataset_mobilenet_ready/train/mata/mata_T15_39_jpg.rf.c61aebd1ee10a63b35a3cb533b0e565d_1.jpg,train,mata,15,3
dataset_mobilenet_ready/train/mata/mata_T12_72_jpg.rf.bdaa5152d25ab11504c832de3e73bbbe_0.jpg,train,mata,12,6
dataset_mobilenet_ready/train/mata/mata_T16_39_jpg.rf.9c5ed518d4190a7feec118f24a6598f1_1.jpg,train,mata,16,2
dataset_mobilenet_ready/train/mata/mata_T14_49_jpg.rf.fa4c553641c51e947caa841863e67da5_0.jpg,train,mata,14,4
dataset_mobilenet_ready/train/mata/mata_T13_42_jpg.rf.fde9c26b1245e8f17636f047fe7ddd88_1.jpg,train,mata,13,5
dataset_mobilenet_ready/train/mata/mata_T2_85_jpg.rf.32b7f2075bf544579ed706a69e167482_0.jpg,train,mata,2,16
dataset_mobilenet_ready/train/mata/mata_T10_92_jpg.rf.292b634a0a83ba8bd1d9bc925ca5b994_0.jpg,train,mata,10,8
dataset_mobilenet_ready/train/mata/mata_T16_82_jpg.rf.f3dcc953e0df76ebd0321e9e3c55883a_0.jpg,train,mata,16,2
dataset_mobilenet_ready/train/mata/mata_T12_10_jpg.rf.92d065734e44df5ebe223ef3fa5ad6e3_0.jpg,train,mata,12,6
dataset_mobilenet_ready/train/mata/mata_T17_119_jpg.rf.7c311f84e3101e4fe421a5b24c939bf6_0.jpg,train,mata,17,1
dataset_mobilenet_ready/train/mata/mata_T14_120_jpg.rf.56a6c804e23f3e8ff6459ff5a861719e_0.jpg,train,mata,14,4
dataset_mobilenet_ready/train/mata/mata_T11_36_jpg.rf.593e425262d76f0a073ad9a15d95b895_0.jpg,train,mata,11,7
dataset_mobilenet_ready/train/mata/mata_T15_3_jpg.rf.7865d8a511bf05316e3ac8e4c9e87284_0.jpg,train,mata,15,3
dataset_mobilenet_ready/train/mata/mata_T7_39_jpg.rf.a799d7c5bc1c7c10d7c8ded7cc8c38cd_1.jpg,train,mata,7,11
dataset_mobilenet_ready/train/mata/mata_T16_90_jpg.rf.670f8fd5ed393361b91e0ce0c6850334_0.jpg,train,mata,16,2
dataset_mobilenet_ready/train/mata/mata_T8_14_jpg.rf.545d41120cb4ab8c973c8f1065c4a9cd_0.jpg,train,mata,8,10
dataset_mobilenet_ready/train/mata/mata_T15_12_jpg.rf.146046403dc97bdf7fb58b251431e96e_0.jpg,train,mata,15,3
dataset_mobilenet_ready/train/mata/mata_T14_50_jpg.rf.a96f63f2f4d7499284ce185c8f7b0cc4_0.jpg,train,mata,14,4
dataset_mobilenet_ready/train/mata/mata_T13_73_jpg.rf.1f2ba0944f49805dc9c43c88b82f08da_1.jpg,train,mata,13,5
dataset_mobilenet_ready/train/mata/mata_T10_77_jpg.rf.f60c941265ff316ee13bd2c60200877f_0.jpg,train,mata,10,8
dataset_mobilenet_ready/train/mata/mata_T13_98_jpg.rf.831c4b291d0e21c7756d410da71ba58f_0.jpg,train,mata,13,5
dataset_mobilenet_ready/train/mata/mata_T7_57_jpg.rf.72342819216881ae65c79cf7496ddcaf_1.jpg,train,mata,7,11
dataset_mobilenet_ready/train/mata/mata_T17_113_jpg.rf.339b9e404e0ecd57b0e5d0cc261f037e_0.jpg,train,mata,17,1
dataset_mobilenet_ready/train/mata/mata_T16_59_jpg.rf.9ad208c0a3ab588d4e9ed5e065f6931a_0.jpg,train,mata,16,2
dataset_mobilenet_ready/train/mata/mata_T8_3_jpg.rf.ff67c39ba491ed038e46f4aaeff66a4d_0.jpg,train,mata,8,10
dataset_mobilenet_ready/train/mata/mata_T8_10_jpg.rf.7cbf1ac61939665a3863321b42a42e10_0.jpg,train,mata,8,10
dataset_mobilenet_ready/train/mata/mata_T3_46_jpg.rf.48cd7181b8bd9ce71f4bbda215788bc3_1.jpg,train,mata,3,15
dataset_mobilenet_ready/train/mata/mata_T8_85_jpg.rf.fac22b91e3c65b8b1d7883b316c694eb_0.jpg,train,mata,8,10
dataset_mobilenet_ready/train/mata/mata_T9_46_jpg.rf.755e33db35c77297d2a8d4b6624118c0_0.jpg,train,mata,9,9
dataset_mobilenet_ready/train/mata/mata_T8_50_jpg.rf.52bc82b8ca59b47f978f1eb16a06b12c_1.jpg,train,mata,8,10
dataset_mobilenet_ready/train/mata/mata_T9_40_jpg.rf.01eb4612333b67e65561f0fdcc3cc65e_0.jpg,train,mata,9,9
dataset_mobilenet_ready/train/mata/mata_T8_110_jpg.rf.3fbe8f540ff610a84d40f12f6b117841_0.jpg,train,mata,8,10
dataset_mobilenet_ready/train/mata/mata_T9_30_jpg.rf.891f5da062a4c8a08d56d5cd7ccd349c_0.jpg,train,mata,9,9
dataset_mobilenet_ready/train/mata/mata_T9_89_jpg.rf.067a76008a915b319f289ea7e4860d19_1.jpg,train,mata,9,9
dataset_mobilenet_ready/train/mata/mata_T14_45_jpg.rf.6dbaa4faaa1a6597c9df688f772051d3_0.jpg,train,mata,14,4
dataset_mobilenet_ready/train/mata/mata_T17_23_jpg.rf.6eb8b1c138bf63602036e45d9e996253_0.jpg,train,mata,17,1
dataset_mobilenet_ready/train/mata/mata_T11_87_jpg.rf.ae5197fc495d6354af598c14fb01d34f_0.jpg,train,mata,11,7
dataset_mobilenet_ready/train/mata/mata_T11_54_jpg.rf.81742808160ebb0d7015c260ae4be5e4_1.jpg,train,mata,11,7
dataset_mobilenet_ready/train/mata/mata_T6_58_jpg.rf.755f33f6277e8c26c63e3cf5586ce293_1.jpg,train,mata,6,12
dataset_mobilenet_ready/train/mata/mata_T10_113_jpg.rf.865dd52406f6e4328a8eba2d2cdb5948_0.jpg,train,mata,10,8
dataset_mobilenet_ready/train/mata/mata_T10_81_jpg.rf.285e9879aefb3e59eab08227e564b641_0.jpg,train,mata,10,8
dataset_mobilenet_ready/train/mata/mata_T16_81_jpg.rf.ae362107079b6f6c9d5139fd71a7d257_0.jpg,train,mata,16,2
dataset_mobilenet_ready/train/mata/mata_T12_30_jpg.rf.59e32655f36a21c18c9fd7a046d73b5f_0.jpg,train,mata,12,6
dataset_mobilenet_ready/train/mata/mata_T3_91_jpg.rf.f78bdd2e6783ad77fb6504c3cc04be34_0.jpg,train,mata,3,15
dataset_mobilenet_ready/train/mata/mata_T9_19_jpg.rf.ea1a3b4175e286a29d9c4840b8e5c8cc_0.jpg,train,mata,9,9
dataset_mobilenet_ready/train/mata/mata_T16_32_jpg.rf.4d73ea8cc17072ff82d504fdcd7710dd_0.jpg,train,mata,16,2
dataset_mobilenet_ready/train/mata/mata_T5_10_jpg.rf.cbef9d15d75b17f34eed3587f35ab0b7_1.jpg,train,mata,5,13
dataset_mobilenet_ready/train/mata/mata_T3_18_jpg.rf.ec2f9fca7d61e5df51ec7ace68abf510_0.jpg,train,mata,3,15
dataset_mobilenet_ready/train/mata/mata_T13_3_jpg.rf.e44f5be2946286b696be42c25fb68e4e_0.jpg,train,mata,13,5
dataset_mobilenet_ready/train/mata/mata_T12_105_jpg.rf.314e5f89953f98fb43a9c1a121b3705e_0.jpg,train,mata,12,6
dataset_mobilenet_ready/train/mata/mata_T12_33_jpg.rf.fdd6db726cdced0c8cf6f9ba30bc4f8a_0.jpg,train,mata,12,6
dataset_mobilenet_ready/train/mata/mata_T18_85_jpg.rf.a2c5089bde91e9ee26e16e570f9c8a91_0.jpg,train,mata,18,0
dataset_mobilenet_ready/train/mata/mata_T2_17_jpg.rf.83c14325017087a03e096ecf8927832a_0.jpg,train,mata,2,16
dataset_mobilenet_ready/train/mata/mata_T12_124_jpg.rf.6090ecd15e0c47d25ff17ad076de2ac0_0.jpg,train,mata,12,6
dataset_mobilenet_ready/train/mata/mata_T11_34_jpg.rf.9abda634364fd0f0100d8abded2989d2_0.jpg,train,mata,11,7
dataset_mobilenet_ready/train/mata/mata_T18_101_jpg.rf.0a8a7b2ed34ab694071e723ead3ef636_0.jpg,train,mata,18,0
dataset_mobilenet_ready/train/mata/mata_T11_4_jpg.rf.0a856b71ab2ba623ddc883a3c7c1f671_0.jpg,train,mata,11,7
dataset_mobilenet_ready/train/mata/mata_T2_94_jpg.rf.e9f4704b550296abf4855edeff54c4da_0.jpg,train,mata,2,16
dataset_mobilenet_ready/train/mata/mata_T16_99_jpg.rf.dc6bae2cf89b208aa91f1cdf7bb64aa5_0.jpg,train,mata,16,2
dataset_mobilenet_ready/train/mata/mata_T17_12_jpg.rf.d066f875af64d23f9adcf3f27b501b86_0.jpg,train,mata,17,1
dataset_mobilenet_ready/train/mata/mata_T12_113_jpg.rf.8f6936728f848d3b55bbe1217c00d0d6_0.jpg,train,mata,12,6
dataset_mobilenet_ready/train/mata/mata_T17_28_jpg.rf.580ab99b5fa0db288c364c39368f8aa8_1.jpg,train,mata,17,1
dataset_mobilenet_ready/train/mata/mata_T8_0_jpg.rf.829dc2b3049622e27317bb879e181045_0.jpg,train,mata,8,10
dataset_mobilenet_ready/train/mata/mata_T10_65_jpg.rf.20c07a693ca75e0bb307de9ff39117c5_0.jpg,train,mata,10,8
dataset_mobilenet_ready/train/mata/mata_T5_71_jpg.rf.e48d5e6acaf214b15804b586937d7518_0.jpg,train,mata,5,13
dataset_mobilenet_ready/train/mata/mata_T15_76_jpg.rf.32dcd364896d519c3c4cf70c3b985d50_0.jpg,train,mata,15,3
dataset_mobilenet_ready/train/mata/mata_T13_8_jpg.rf.a5fcea4bb93a842eaa98930040b4a09f_0.jpg,train,mata,13,5
dataset_mobilenet_ready/train/mata/mata_T17_80_jpg.rf.5950d2d5faf7160678d81016c98beed0_0.jpg,train,mata,17,1
dataset_mobilenet_ready/train/mata/mata_T10_51_jpg.rf.edfa7e565b2b34f282e648c70174b90b_0.jpg,train,mata,10,8
dataset_mobilenet_ready/train/mata/mata_T6_27_jpg.rf.2a73b551d716b6de32918278dbb56699_0.jpg,train,mata,6,12
dataset_mobilenet_ready/train/mata/mata_T17_17_jpg.rf.c4cbb32fc5093c2bafa0c7542e6d72bb_0.jpg,train,mata,17,1
dataset_mobilenet_ready/train/mata/mata_T18_71_jpg.rf.8e1314f470fb59024d05a8ba81516b53_0.jpg,train,mata,18,0
dataset_mobilenet_ready/train/mata/mata_T16_12_jpg.rf.dfe52b3f70c1523c1f0326f381968c3f_0.jpg,train,mata,16,2
dataset_mobilenet_ready/train/mata/mata_T10_94_jpg.rf.2d8cc0ab5b563304032157c28f42f4a5_0.jpg,train,mata,10,8
dataset_mobilenet_ready/train/mata/mata_T3_81_jpg.rf.02439373bc96595690b850992754a593_0.jpg,train,mata,3,15
dataset_mobilenet_ready/train/mata/mata_T9_51_jpg.rf.fae91592d4d783bcd9a9213e45ccf5f4_0.jpg,train,mata,9,9
dataset_mobilenet_ready/train/mata/mata_T5_53_jpg.rf.ad3218293b7fb2919f280b3ebe69b314_0.jpg,train,mata,5,13
dataset_mobilenet_ready/train/mata/mata_T9_104_jpg.rf.adbf0a3459296490d5fd5d81521e1dc2_0.jpg,train,mata,9,9
dataset_mobilenet_ready/train/mata/mata_T8_94_jpg.rf.95e3f288e0697ad69302cbc22540d2eb_1.jpg,train,mata,8,10
dataset_mobilenet_ready/train/mata/mata_T13_49_jpg.rf.decabca567f6c6e93aebf6dab1024ffd_0.jpg,train,mata,13,5
dataset_mobilenet_ready/train/mata/mata_T15_2_jpg.rf.5fd910cc36421cc8c7c3972d2de384b8_0.jpg,train,mata,15,3
dataset_mobilenet_ready/train/mata/mata_T6_60_jpg.rf.ec371c39a46d9ce7e80fd44b49c72538_0.jpg,train,mata,6,12
dataset_mobilenet_ready/train/mata/mata_T17_107_jpg.rf.e69bc5e5fa6b46c3eeba553e0e15ee1c_0.jpg,train,mata,17,1
dataset_mobilenet_ready/train/mata/mata_T5_29_jpg.rf.e7e1cb9f0f3f93f729376f2edf5661fd_0.jpg,train,mata,5,13
dataset_mobilenet_ready/train/mata/mata_T6_45_jpg.rf.88f29291354827819e7410efdf435a70_0.jpg,train,mata,6,12
dataset_mobilenet_ready/train/mata/mata_T14_21_jpg.rf.5cace14984622e7e907c638d3c092641_0.jpg,train,mata,14,4
dataset_mobilenet_ready/train/mata/mata_T12_61_jpg.rf.949bbcda267727208f64628b309c7e9f_0.jpg,train,mata,12,6
dataset_mobilenet_ready/train/mata/mata_T13_53_jpg.rf.c7db7aed869bff4d2c32d670cdc7494d_0.jpg,train,mata,13,5
dataset_mobilenet_ready/train/mata/mata_T5_48_jpg.rf.cbb97e8cdad4f6aab39d3037f29cbc66_0.jpg,train,mata,5,13
dataset_mobilenet_ready/train/mata/mata_T15_55_jpg.rf.f8b5be66a765c7d2a8372de071b09b86_0.jpg,train,mata,15,3
dataset_mobilenet_ready/train/mata/mata_T10_49_jpg.rf.b11ef16e5fde602b82a6ef95b93cc619_0.jpg,train,mata,10,8
dataset_mobilenet_ready/train/mata/mata_T6_3_jpg.rf.68edc9e9ceee2a452741b017306b90fa_0.jpg,train,mata,6,12
dataset_mobilenet_ready/train/mata/mata_T13_118_jpg.rf.d87de31cf9aaace29c8c273f3783333d_0.jpg,train,mata,13,5
dataset_mobilenet_ready/train/mata/mata_T8_33_jpg.rf.62bd4fd3c868ecd6fd234c5a75e61f63_0.jpg,train,mata,8,10
dataset_mobilenet_ready/train/mata/mata_T14_117_jpg.rf.883d2712ee706bd175881d820b211379_0.jpg,train,mata,14,4
dataset_mobilenet_ready/train/mata/mata_T18_58_jpg.rf.1c501114a75d53e7dbdcfd88a3e71403_1.jpg,train,mata,18,0
dataset_mobilenet_ready/train/mata/mata_T6_90_jpg.rf.5449358016e1d8b23b5895f7ded85610_0.jpg,train,mata,6,12
dataset_mobilenet_ready/train/mata/mata_T10_118_jpg.rf.c9ea2f074101393419182c7ade151156_0.jpg,train,mata,10,8
dataset_mobilenet_ready/train/mata/mata_T10_93_jpg.rf.34e5f48795f3c302ddc0cd4869dfb598_1.jpg,train,mata,10,8
dataset_mobilenet_ready/train/mata/mata_T4_120_jpg.rf.ed0cd995ce007c6177a3edde4693b99b_0.jpg,train,mata,4,14
dataset_mobilenet_ready/train/mata/mata_T12_99_jpg.rf.2c92ce0a8fdb7ee10f94eaa7def96560_0.jpg,train,mata,12,6
dataset_mobilenet_ready/train/mata/mata_T5_93_jpg.rf.429d147ad403af08fd3e3c849940f396_0.jpg,train,mata,5,13
dataset_mobilenet_ready/train/mata/mata_T8_35_jpg.rf.f280bc503bb132221cbf545181f83209_0.jpg,train,mata,8,10
dataset_mobilenet_ready/train/mata/mata_T15_7_jpg.rf.10f3a2307221cb2367f8d82d23dc02d2_0.jpg,train,mata,15,3
dataset_mobilenet_ready/train/mata/mata_T11_37_jpg.rf.79a1f289bc2e5942dca3e6dc32a98825_0.jpg,train,mata,11,7
dataset_mobilenet_ready/train/mata/mata_T15_16_jpg.rf.9fe093f41ffbe82d5d06682655f4a147_0.jpg,train,mata,15,3
dataset_mobilenet_ready/train/mata/mata_T15_115_jpg.rf.a7ff67fa0e8f1ee1def7b5ca61974589_0.jpg,train,mata,15,3
dataset_mobilenet_ready/train/mata/mata_T16_101_jpg.rf.d787d8635815a995b1029e6e80888a8f_0.jpg,train,mata,16,2
dataset_mobilenet_ready/train/mata/mata_T8_98_jpg.rf.90939d02f8e325dff0ebf186acdeca36_0.jpg,train,mata,8,10
dataset_mobilenet_ready/train/mata/mata_T18_7_jpg.rf.b7237c0bb9414e48cb49d44666cc394e_1.jpg,train,mata,18,0
dataset_mobilenet_ready/train/mata/mata_T10_114_jpg.rf.72a7827eeac153c2483466320b7844eb_0.jpg,train,mata,10,8
dataset_mobilenet_ready/train/mata/mata_T18_66_jpg.rf.3a934fafc7ef582afbee0453b2fe8539_0.jpg,train,mata,18,0
dataset_mobilenet_ready/train/mata/mata_T10_64_jpg.rf.b64f99fd160027310e08e9c39c187d90_0.jpg,train,mata,10,8
dataset_mobilenet_ready/train/mata/mata_T6_109_jpg.rf.96fe77f21be282e198778ee9fb364951_0.jpg,train,mata,6,12
dataset_mobilenet_ready/train/mata/mata_T14_61_jpg.rf.570c61e659ad55aa3c37c29b7dbc8eba_0.jpg,train,mata,14,4
dataset_mobilenet_ready/train/mata/mata_T5_69_jpg.rf.36853f09fa0a540e730b3ee9eb5ebac1_0.jpg,train,mata,5,13
dataset_mobilenet_ready/train/mata/mata_T13_117_jpg.rf.6a2e980edd6c7c8ee4256edc74f6b54c_0.jpg,train,mata,13,5
dataset_mobilenet_ready/train/mata/mata_T14_82_jpg.rf.e3fa3b41ac013bb18c7e9cce9a234d8a_0.jpg,train,mata,14,4
dataset_mobilenet_ready/train/mata/mata_T7_108_jpg.rf.44e917ec49e38c96ff8c1507cc33fd9b_0.jpg,train,mata,7,11
dataset_mobilenet_ready/train/mata/mata_T6_112_jpg.rf.d91e3fdc36c5d8137e73846ad884e135_0.jpg,train,mata,6,12
dataset_mobilenet_ready/train/mata/mata_T4_20_jpg.rf.2f28262ffc4bd2485cff01b9f304e1fb_0.jpg,train,mata,4,14
dataset_mobilenet_ready/train/mata/mata_T14_85_jpg.rf.a960a272bf79b29f8b3f465123ba1f1f_0.jpg,train,mata,14,4
dataset_mobilenet_ready/train/mata/mata_T10_5_jpg.rf.0214d46a95c0374e7a4b9ee4e673aee6_0.jpg,train,mata,10,8
dataset_mobilenet_ready/train/mata/mata_T2_103_jpg.rf.eedc24591d0eade6c32590d585144a5d_0.jpg,train,mata,2,16
dataset_mobilenet_ready/train/mata/mata_T11_101_jpg.rf.d2a71b57dd7e9ff49aa0fd750afaf449_0.jpg,train,mata,11,7
dataset_mobilenet_ready/train/mata/mata_T15_28_jpg.rf.aa2a4f2ec8300730a3cb79a46c4dbcce_0.jpg,train,mata,15,3
dataset_mobilenet_ready/train/mata/mata_T3_58_jpg.rf.a18f3d1db2c1aeaae74f6b89933c8cab_1.jpg,train,mata,3,15
dataset_mobilenet_ready/train/mata/mata_T15_94_jpg.rf.6668cc367d551a7e9650a4eb45f34f5a_0.jpg,train,mata,15,3
dataset_mobilenet_ready/train/mata/mata_T9_110_jpg.rf.15db13fc0d1154b905161c987377c46d_0.jpg,train,mata,9,9
dataset_mobilenet_ready/train/mata/mata_T14_52_jpg.rf.6e28c21716d05c86f6a8057f85b1aa6e_0.jpg,train,mata,14,4
dataset_mobilenet_ready/train/mata/mata_T9_94_jpg.rf.b6f30428e3b28e20caf6172ec629599b_0.jpg,train,mata,9,9
dataset_mobilenet_ready/train/mata/mata_T11_88_jpg.rf.88ee43afbabbc3ea24abbcba71627bcd_0.jpg,train,mata,11,7
dataset_mobilenet_ready/train/mata/mata_T15_96_jpg.rf.feecd6b058a194009b3d7cdc8470e742_0.jpg,train,mata,15,3
dataset_mobilenet_ready/train/mata/mata_T12_7_jpg.rf.281307712e517f076b49e3e86f7a811b_0.jpg,train,mata,12,6
dataset_mobilenet_ready/train/mata/mata_T14_94_jpg.rf.5585ac7ab947ccf26f26261317a42801_0.jpg,train,mata,14,4
dataset_mobilenet_ready/train/mata/mata_T5_24_jpg.rf.f751ed55fc7c9e93ffec89b6118861aa_0.jpg,train,mata,5,13
dataset_mobilenet_ready/train/mata/mata_T4_91_jpg.rf.9e3b0007b9e41131f3024d301c5e3709_0.jpg,train,mata,4,14
dataset_mobilenet_ready/train/mata/mata_T2_19_jpg.rf.09d77593c85658a830540fda220051c3_0.jpg,train,mata,2,16
dataset_mobilenet_ready/train/mata/mata_T15_120_jpg.rf.d416ef7eedcc96267733fe94e733d3d0_0.jpg,train,mata,15,3
dataset_mobilenet_ready/train/mata/mata_T10_68_jpg.rf.f36c9199e5da314f8170f618521ef7cd_0.jpg,train,mata,10,8
dataset_mobilenet_ready/train/mata/mata_T4_5_jpg.rf.2343846abbcdfe1eb44e4cd8802d52ce_1.jpg,train,mata,4,14
dataset_mobilenet_ready/train/mata/mata_T6_124_jpg.rf.8aa2f512c326257368c996a0f12fee22_0.jpg,train,mata,6,12
dataset_mobilenet_ready/train/mata/mata_T4_98_jpg.rf.134d6f0df8e32d7d27cb8622de6fd6a0_0.jpg,train,mata,4,14
dataset_mobilenet_ready/train/mata/mata_T15_58_jpg.rf.6e01f9f1332c2e0e46992111637afcbb_1.jpg,train,mata,15,3
dataset_mobilenet_ready/train/mata/mata_T4_92_jpg.rf.fbf25c67953ced20d25a23d86199da40_0.jpg,train,mata,4,14
dataset_mobilenet_ready/train/mata/mata_T7_102_jpg.rf.05ce16309af37bc0193e7ef9f25af599_0.jpg,train,mata,7,11
dataset_mobilenet_ready/train/mata/mata_T6_2_jpg.rf.9e346bfd3bfa66a8f35367cd069ec531_0.jpg,train,mata,6,12
dataset_mobilenet_ready/train/mata/mata_T18_94_jpg.rf.9aa5ea76d67ba61b790682fab3847305_0.jpg,train,mata,18,0
dataset_mobilenet_ready/train/mata/mata_T17_87_jpg.rf.9d8a6f4c99c5282c297585a6846eccb8_0.jpg,train,mata,17,1
dataset_mobilenet_ready/train/mata/mata_T3_94_jpg.rf.eec94bc937672be8f1c923e25d4c9e15_0.jpg,train,mata,3,15
dataset_mobilenet_ready/train/mata/mata_T2_107_jpg.rf.0043b0a14db84249413d4cb02ff6d9f7_0.jpg,train,mata,2,16
dataset_mobilenet_ready/train/mata/mata_T4_71_jpg.rf.6465a55e4c876f8affdfe141ff7c08a1_0.jpg,train,mata,4,14
dataset_mobilenet_ready/train/mata/mata_T8_92_jpg.rf.f18c243082fb2bd936c35d884b4b1c4d_1.jpg,train,mata,8,10
dataset_mobilenet_ready/train/mata/mata_T4_50_jpg.rf.f85fd5a4a89392f7f0378e28f421406e_1.jpg,train,mata,4,14
dataset_mobilenet_ready/train/mata/mata_T6_100_jpg.rf.ee1eaf0b19ccc2ac647a1ff7e38d73a0_0.jpg,train,mata,6,12
dataset_mobilenet_ready/train/mata/mata_T3_104_jpg.rf.277197b6eaa4a8fe20b79fbe5ab752bf_1.jpg,train,mata,3,15
dataset_mobilenet_ready/train/mata/mata_T12_12_jpg.rf.210cf5abd401b25c1ce8d38c792d6a65_0.jpg,train,mata,12,6
dataset_mobilenet_ready/train/mata/mata_T11_17_jpg.rf.f17e073d8f871fbc96b78d9d25cb9c39_0.jpg,train,mata,11,7
dataset_mobilenet_ready/train/mata/mata_T9_17_jpg.rf.2d6e7c0ae94d0bf5aabc557b48cb62a7_0.jpg,train,mata,9,9
dataset_mobilenet_ready/train/mata/mata_T18_90_jpg.rf.fae4ada323612f4a89a3db0efc755606_0.jpg,train,mata,18,0
dataset_mobilenet_ready/train/mata/mata_T12_115_jpg.rf.cab895b8275dc6bf1c013b0ca7f8331e_1.jpg,train,mata,12,6
dataset_mobilenet_ready/train/mata/mata_T5_120_jpg.rf.5c7499994a212d25b08fe123785cc28e_0.jpg,train,mata,5,13
dataset_mobilenet_ready/train/mata/mata_T11_80_jpg.rf.eaa06f206f14bea200fed05740f150a7_0.jpg,train,mata,11,7
dataset_mobilenet_ready/train/mata/mata_T14_116_jpg.rf.0284cb774a174424cd10200ddf3047a6_0.jpg,train,mata,14,4
dataset_mobilenet_ready/train/mata/mata_T13_18_jpg.rf.6ae91525d3392041312ff6d69f0b1e1d_1.jpg,train,mata,13,5
dataset_mobilenet_ready/train/mata/mata_T2_32_jpg.rf.e24be802b2036821a8888600fd2c58e1_0.jpg,train,mata,2,16
dataset_mobilenet_ready/train/mata/mata_T15_14_jpg.rf.f752b0d3ecfd781345acc006706cee62_0.jpg,train,mata,15,3
dataset_mobilenet_ready/train/mata/mata_T13_56_jpg.rf.09405ab3018b04c606d45a9808878232_1.jpg,train,mata,13,5
dataset_mobilenet_ready/train/mata/mata_T10_72_jpg.rf.f44965c6b14a938a3267cb30f5e0b89e_0.jpg,train,mata,10,8
dataset_mobilenet_ready/train/mata/mata_T16_1_jpg.rf.48ce6e2134b921d0eab4dc589a71cc70_0.jpg,train,mata,16,2
dataset_mobilenet_ready/train/mata/mata_T9_36_jpg.rf.0a228864a90bc76fa859af0982345f98_0.jpg,train,mata,9,9
dataset_mobilenet_ready/train/mata/mata_T5_57_jpg.rf.b19ed52a0c44b75b005343dee90e739e_0.jpg,train,mata,5,13
dataset_mobilenet_ready/train/mata/mata_T18_25_jpg.rf.f68de80476c91e187f5b976f50468ac3_0.jpg,train,mata,18,0
dataset_mobilenet_ready/train/mata/mata_T6_104_jpg.rf.9f28cf7fc36ac62f1ee51e1637675731_0.jpg,train,mata,6,12
dataset_mobilenet_ready/train/mata/mata_T15_40_jpg.rf.11fb0ab3379e6565483ec8186660ad03_0.jpg,train,mata,15,3
dataset_mobilenet_ready/train/mata/mata_T5_16_jpg.rf.cd01eaa4298a525def44da8b29584e37_1.jpg,train,mata,5,13
dataset_mobilenet_ready/train/mata/mata_T4_124_jpg.rf.15ee472738b2575200819032ce3d9423_0.jpg,train,mata,4,14
dataset_mobilenet_ready/train/mata/mata_T17_94_jpg.rf.1271fd65b9cd4d77126313327eca57f6_0.jpg,train,mata,17,1
dataset_mobilenet_ready/train/mata/mata_T11_31_jpg.rf.89c5309461b729c9e18f458896879561_0.jpg,train,mata,11,7
dataset_mobilenet_ready/train/mata/mata_T8_115_jpg.rf.fb5c271a1a136cc4852d25cc4f1f13b6_1.jpg,train,mata,8,10
dataset_mobilenet_ready/train/mata/mata_T15_78_jpg.rf.27391027cddc0fbe6d71270e5d46305c_1.jpg,train,mata,15,3
dataset_mobilenet_ready/train/mata/mata_T16_68_jpg.rf.1d89d184cd3a17cf8046c353888ad85b_0.jpg,train,mata,16,2
dataset_mobilenet_ready/train/mata/mata_T18_28_jpg.rf.0fb2a85eeca2e06ab3db324c363c49cf_0.jpg,train,mata,18,0
dataset_mobilenet_ready/train/mata/mata_T6_54_jpg.rf.2d3dc3b87970e01e47c5982f7b9d9512_1.jpg,train,mata,6,12
dataset_mobilenet_ready/train/mata/mata_T9_100_jpg.rf.7cc50f48dd811b9136b89dd8b81f5d07_0.jpg,train,mata,9,9
dataset_mobilenet_ready/train/mata/mata_T15_123_jpg.rf.3c77b62d965ecb36727f2dd779c28744_0.jpg,train,mata,15,3
dataset_mobilenet_ready/train/mata/mata_T4_95_jpg.rf.3db8cd88348621e6da816741954ee818_0.jpg,train,mata,4,14
dataset_mobilenet_ready/train/mata/mata_T15_5_jpg.rf.97a6329f8e7ca0a3b74b7ff79bfe810b_0.jpg,train,mata,15,3
dataset_mobilenet_ready/train/mata/mata_T15_4_jpg.rf.3b5b41e95e6be1856260d9ef8085edff_1.jpg,train,mata,15,3
dataset_mobilenet_ready/train/mata/mata_T2_42_jpg.rf.c252311eb47fe491e48626b2cfe190cb_0.jpg,train,mata,2,16
dataset_mobilenet_ready/train/mata/mata_T17_82_jpg.rf.d1fdf020b8a08e3bb967681ec95e47cd_1.jpg,train,mata,17,1
dataset_mobilenet_ready/train/mata/mata_T5_13_jpg.rf.e5c074dd27fe05f15b30aee2478089ad_0.jpg,train,mata,5,13
dataset_mobilenet_ready/train/mata/mata_T13_2_jpg.rf.b5a9bc1b35eeab79d3f840ba199202f7_0.jpg,train,mata,13,5
dataset_mobilenet_ready/train/mata/mata_T8_76_jpg.rf.45f0f079735bd0decbba4e506dd31705_0.jpg,train,mata,8,10
dataset_mobilenet_ready/train/mata/mata_T14_31_jpg.rf.6028c21afa3eb4511db1ff230972fb80_0.jpg,train,mata,14,4
dataset_mobilenet_ready/train/mata/mata_T8_96_jpg.rf.d450618e34586ec0498fde8595ea5d9f_0.jpg,train,mata,8,10
dataset_mobilenet_ready/train/mata/mata_T7_66_jpg.rf.6090c73747758a1ee3f09cc9ed899dc1_0.jpg,train,mata,7,11
dataset_mobilenet_ready/train/mata/mata_T3_72_jpg.rf.5b25a326f756467c43b3912e7f8ad64f_0.jpg,train,mata,3,15
dataset_mobilenet_ready/train/mata/mata_T4_99_jpg.rf.48e34da28567ea36447ed9d3bc822c19_0.jpg,train,mata,4,14
dataset_mobilenet_ready/train/mata/mata_T7_16_jpg.rf.2b9a90bcda0a46ab1fb32437e90df124_0.jpg,train,mata,7,11
dataset_mobilenet_ready/train/mata/mata_T15_31_jpg.rf.6633fd409ff23f3065433f1c6ee13d70_0.jpg,train,mata,15,3
dataset_mobilenet_ready/train/mata/mata_T14_80_jpg.rf.57aa1c8e6185bcd43bdbf7681da94ecb_0.jpg,train,mata,14,4
dataset_mobilenet_ready/train/mata/mata_T4_41_jpg.rf.b651134eaf301b2cd4efe872a49afd1e_0.jpg,train,mata,4,14
dataset_mobilenet_ready/train/mata/mata_T16_89_jpg.rf.d9e9d7658f24dd02b7176fbdc4348aa3_1.jpg,train,mata,16,2
dataset_mobilenet_ready/train/mata/mata_T5_85_jpg.rf.c65ea1482ae9ed307a54aeb3f0e5c933_0.jpg,train,mata,5,13
dataset_mobilenet_ready/train/mata/mata_T17_101_jpg.rf.ae98b6c9cadf1971ba61ad125ef1eee7_0.jpg,train,mata,17,1
dataset_mobilenet_ready/train/mata/mata_T13_67_jpg.rf.8e561e8e09421099c83d00d4609037f2_0.jpg,train,mata,13,5
dataset_mobilenet_ready/train/mata/mata_T16_110_jpg.rf.6cd2f145a66791be0049b7f8e6eb8215_1.jpg,train,mata,16,2
dataset_mobilenet_ready/train/mata/mata_T7_5_jpg.rf.7a1c2f34a71248c5d95335479eed9e37_0.jpg,train,mata,7,11
dataset_mobilenet_ready/train/mata/mata_T13_4_jpg.rf.52da91b5650c8c876fa56be2cfef0b18_0.jpg,train,mata,13,5
dataset_mobilenet_ready/train/mata/mata_T5_90_jpg.rf.ce05530e963988dc810c98e206758ead_0.jpg,train,mata,5,13
dataset_mobilenet_ready/train/mata/mata_T4_63_jpg.rf.aff6be5e8c33489954f229cbac87b472_0.jpg,train,mata,4,14
dataset_mobilenet_ready/train/mata/mata_T5_83_jpg.rf.1990ddad9b88390bec456867a6643245_0.jpg,train,mata,5,13
dataset_mobilenet_ready/train/mata/mata_T5_42_jpg.rf.c928de6fa5e29ce7b54fc032077772e6_0.jpg,train,mata,5,13
dataset_mobilenet_ready/train/mata/mata_T18_82_jpg.rf.6370fc9cf92c1a87dc7b0795aa75cc82_0.jpg,train,mata,18,0
dataset_mobilenet_ready/train/mata/mata_T4_44_jpg.rf.a7c264b7f7820b964a473c71e727e6c7_0.jpg,train,mata,4,14
dataset_mobilenet_ready/train/mata/mata_T16_83_jpg.rf.7775f27ba5b8e2c1a82b24fabb3db19f_0.jpg,train,mata,16,2
dataset_mobilenet_ready/train/mata/mata_T3_122_jpg.rf.fe60419c8c162b7529680064f41d2f03_0.jpg,train,mata,3,15
dataset_mobilenet_ready/train/mata/mata_T9_37_jpg.rf.38288b2388be35f4ffef6f6ffc6cd198_0.jpg,train,mata,9,9
dataset_mobilenet_ready/train/mata/mata_T6_8_jpg.rf.859939e9a13ed6b7fa0eb5320f187e58_0.jpg,train,mata,6,12
dataset_mobilenet_ready/train/mata/mata_T5_27_jpg.rf.b1209b2185e962b0cf59013ec5d24bc0_0.jpg,train,mata,5,13
dataset_mobilenet_ready/train/mata/mata_T6_56_jpg.rf.a451de78f6f7fd6fa8dbbd85dee9e478_1.jpg,train,mata,6,12
dataset_mobilenet_ready/train/mata/mata_T9_52_jpg.rf.4b2afb0f2b653f1ae8c8e42db0386a91_1.jpg,train,mata,9,9
dataset_mobilenet_ready/train/mata/mata_T12_98_jpg.rf.29183441c8df871bae0b89463d48ab9d_0.jpg,train,mata,12,6
dataset_mobilenet_ready/train/mata/mata_T14_119_jpg.rf.7823913e2d67c7621c3d0ca4f7b68767_1.jpg,train,mata,14,4
dataset_mobilenet_ready/train/mata/mata_T6_71_jpg.rf.b8815a70421fe4e8eaad3e8d61123147_0.jpg,train,mata,6,12
dataset_mobilenet_ready/train/mata/mata_T5_81_jpg.rf.441447ffab0a35f6bfb08fabf25a40d7_0.jpg,train,mata,5,13
dataset_mobilenet_ready/train/mata/mata_T8_80_jpg.rf.40e05f78e5997200b6c85114913f4408_1.jpg,train,mata,8,10
dataset_mobilenet_ready/train/mata/mata_T15_104_jpg.rf.4e2ab89ad5082eb62648b1c73871f6f4_0.jpg,train,mata,15,3
dataset_mobilenet_ready/train/mata/mata_T15_30_jpg.rf.be308ce7ab782b70c1175d7ab1ea064d_0.jpg,train,mata,15,3
dataset_mobilenet_ready/train/mata/mata_T3_17_jpg.rf.bf6d09362277a1c56c7aa1f8fc826ea5_0.jpg,train,mata,3,15
dataset_mobilenet_ready/train/mata/mata_T4_105_jpg.rf.a5076385bb0d992d26ddce1faa90cab0_0.jpg,train,mata,4,14
dataset_mobilenet_ready/train/mata/mata_T18_86_jpg.rf.1cd07e59e03d3a01bba36666b49e119d_0.jpg,train,mata,18,0
dataset_mobilenet_ready/train/mata/mata_T2_96_jpg.rf.fe118af22e9d926ccccf231edd43c010_0.jpg,train,mata,2,16
dataset_mobilenet_ready/train/mata/mata_T2_10_jpg.rf.8e7f60eb596f7289e4542e8bd254197e_1.jpg,train,mata,2,16
dataset_mobilenet_ready/train/mata/mata_T4_0_jpg.rf.34dbf82f8736f48ae35251135cfbe320_0.jpg,train,mata,4,14
dataset_mobilenet_ready/train/mata/mata_T14_84_jpg.rf.3f705da43fd7fc880f0642b7a0a95b8c_0.jpg,train,mata,14,4
dataset_mobilenet_ready/train/mata/mata_T3_64_jpg.rf.46dcb7522120436ed97b4245be42a84b_0.jpg,train,mata,3,15
dataset_mobilenet_ready/train/mata/mata_T7_2_jpg.rf.b61617ee86e8697b697e47f84f837bed_0.jpg,train,mata,7,11
dataset_mobilenet_ready/train/mata/mata_T11_89_jpg.rf.1c9d50332842bf928ea1e1d4af5b1135_1.jpg,train,mata,11,7
dataset_mobilenet_ready/train/mata/mata_T9_62_jpg.rf.dde5a26c7bd0ffdee2530701fa218077_0.jpg,train,mata,9,9
dataset_mobilenet_ready/train/mata/mata_T3_8_jpg.rf.ac522b265a11ec1f52a7a29d4b30e836_0.jpg,train,mata,3,15
dataset_mobilenet_ready/train/mata/mata_T11_41_jpg.rf.4b0a91f67f1e67a24e994005c7b3626c_0.jpg,train,mata,11,7
dataset_mobilenet_ready/train/mata/mata_T16_45_jpg.rf.c8f466a114bf7ca9a8912daa566b2ad3_0.jpg,train,mata,16,2
dataset_mobilenet_ready/train/mata/mata_T3_111_jpg.rf.4957bda46872cf313e0f9fca735eec9c_1.jpg,train,mata,3,15
dataset_mobilenet_ready/train/mata/mata_T5_117_jpg.rf.b5e26a598737fc59066e2dc612f670e3_0.jpg,train,mata,5,13
dataset_mobilenet_ready/train/mata/mata_T13_14_jpg.rf.4314bf9d049eac34ca648bd1e6b2ebbc_0.jpg,train,mata,13,5
dataset_mobilenet_ready/train/mata/mata_T7_68_jpg.rf.9165e34b0492fc1d7e60cc89314fe7a2_1.jpg,train,mata,7,11
dataset_mobilenet_ready/train/mata/mata_T15_69_jpg.rf.2c63ae7e279b861d3a4d8b2f73a90a81_0.jpg,train,mata,15,3
dataset_mobilenet_ready/train/mata/mata_T16_41_jpg.rf.656775913d4161996253effe53994a76_0.jpg,train,mata,16,2
dataset_mobilenet_ready/train/mata/mata_T3_7_jpg.rf.3063b7e88a26c4408f0aa98e073b52bd_1.jpg,train,mata,3,15
dataset_mobilenet_ready/train/mata/mata_T13_62_jpg.rf.cbba3ea5468df98c9d85203f03e70629_1.jpg,train,mata,13,5
dataset_mobilenet_ready/train/mata/mata_T16_8_jpg.rf.44a0b7ccafe54187dccebff89044224d_0.jpg,train,mata,16,2
dataset_mobilenet_ready/train/mata/mata_T9_2_jpg.rf.fc172e9bed5783f2bcb0122fe07323de_0.jpg,train,mata,9,9
dataset_mobilenet_ready/train/mata/mata_T4_102_jpg.rf.32ac08260bd29300b9e91353ccaec095_1.jpg,train,mata,4,14
dataset_mobilenet_ready/train/mata/mata_T5_92_jpg.rf.d374472180a4e720078a498f26597065_0.jpg,train,mata,5,13
dataset_mobilenet_ready/train/mata/mata_T11_0_jpg.rf.16ebb526dfd4ac07d36933d49e5c94fd_0.jpg,train,mata,11,7
dataset_mobilenet_ready/train/mata/mata_T13_74_jpg.rf.267f9d43e72ed872f83216efb209f0c0_1.jpg,train,mata,13,5
dataset_mobilenet_ready/train/mata/mata_T2_5_jpg.rf.921d0764c7235e37215ba500eca4de41_0.jpg,train,mata,2,16
dataset_mobilenet_ready/train/mata/mata_T6_22_jpg.rf.c3fe5215e8daf215bd6bbca25108386b_0.jpg,train,mata,6,12
dataset_mobilenet_ready/train/mata/mata_T17_88_jpg.rf.7ebfced79a379f0958de868787b7a978_0.jpg,train,mata,17,1
dataset_mobilenet_ready/train/mata/mata_T14_29_jpg.rf.6e35af3b867d65bc18cd60e2d836e727_1.jpg,train,mata,14,4
dataset_mobilenet_ready/train/mata/mata_T12_9_jpg.rf.e3773dc2fa557c551ff0b5071c1d595b_0.jpg,train,mata,12,6
dataset_mobilenet_ready/train/mata/mata_T7_84_jpg.rf.13fb38fa613e93b517180e0f84281050_0.jpg,train,mata,7,11
dataset_mobilenet_ready/train/mata/mata_T5_32_jpg.rf.bd4c33960cf433863e4c2157cd6d527b_0.jpg,train,mata,5,13
dataset_mobilenet_ready/train/mata/mata_T13_55_jpg.rf.dc09cce1103e61771c3a2e646e7a8196_0.jpg,train,mata,13,5
dataset_mobilenet_ready/train/mata/mata_T3_124_jpg.rf.84eb1fd4cf23243a5135aad4f2355078_0.jpg,train,mata,3,15
dataset_mobilenet_ready/train/mata/mata_T8_49_jpg.rf.c8a426c2203873cfa608e157f63d23b4_1.jpg,train,mata,8,10
dataset_mobilenet_ready/train/mata/mata_T7_72_jpg.rf.1cd8a21fd6dee70bb99f5b74c7310a01_0.jpg,train,mata,7,11
dataset_mobilenet_ready/train/mata/mata_T6_59_jpg.rf.75363d83f61d1c0ee7183f6dac2d8663_1.jpg,train,mata,6,12
dataset_mobilenet_ready/train/mata/mata_T12_49_jpg.rf.b0b315097c104774a9a1714eb629bc7f_0.jpg,train,mata,12,6
dataset_mobilenet_ready/train/mata/mata_T2_7_jpg.rf.cb7b6c2343162322fe26c3aafb263535_0.jpg,train,mata,2,16
dataset_mobilenet_ready/train/mata/mata_T16_23_jpg.rf.c2b3167c57baf8b41c6b14ebd28b62f7_0.jpg,train,mata,16,2
dataset_mobilenet_ready/train/mata/mata_T12_39_jpg.rf.561639cf436bba060b50012c794965ab_0.jpg,train,mata,12,6
dataset_mobilenet_ready/train/mata/mata_T15_74_jpg.rf.b781ad17151eb95be34cb2be6eaa5166_0.jpg,train,mata,15,3
dataset_mobilenet_ready/train/mata/mata_T18_123_jpg.rf.a25f481300e0c15c4eda4668b05e30b9_0.jpg,train,mata,18,0
dataset_mobilenet_ready/train/mata/mata_T18_81_jpg.rf.9ca5a88256441900035d5e6c456c80bc_0.jpg,train,mata,18,0
dataset_mobilenet_ready/train/mata/mata_T12_14_jpg.rf.50a232c739cb55344a9dbf0b315d115d_0.jpg,train,mata,12,6
dataset_mobilenet_ready/train/mata/mata_T3_4_jpg.rf.27dd151898187fc10396231486da0ab9_0.jpg,train,mata,3,15
dataset_mobilenet_ready/train/mata/mata_T2_113_jpg.rf.c1d2b5ef40ed4d5783c2c8dbba6225e9_0.jpg,train,mata,2,16
dataset_mobilenet_ready/train/mata/mata_T7_55_jpg.rf.22f67f74d2a8a6bb79b16d46115be569_0.jpg,train,mata,7,11
dataset_mobilenet_ready/train/mata/mata_T5_84_jpg.rf.518088710273451d128a375eec31fece_0.jpg,train,mata,5,13
dataset_mobilenet_ready/train/mata/mata_T8_11_jpg.rf.b7224099467f43eb90dedf71b6d5a919_0.jpg,train,mata,8,10
dataset_mobilenet_ready/train/mata/mata_T9_106_jpg.rf.70aa9bd23acdcf8e2767e3d259c07337_0.jpg,train,mata,9,9
dataset_mobilenet_ready/train/mata/mata_T9_79_jpg.rf.167559f39e360c73825f575151f0f4ad_0.jpg,train,mata,9,9
dataset_mobilenet_ready/train/mata/mata_T2_62_jpg.rf.1641a7971798c5a80a114e0685e6fbea_0.jpg,train,mata,2,16
dataset_mobilenet_ready/train/mata/mata_T3_3_jpg.rf.4f415e43d39dc86149c4a1352491523a_1.jpg,train,mata,3,15
dataset_mobilenet_ready/train/mata/mata_T13_114_jpg.rf.fb706341f59cedea1b38fac7714a0b9a_1.jpg,train,mata,13,5
dataset_mobilenet_ready/train/mata/mata_T13_71_jpg.rf.2e1e3c51f8a0d3d7c23e984846910ead_1.jpg,train,mata,13,5
dataset_mobilenet_ready/train/mata/mata_T10_123_jpg.rf.7ada3c3f5145520363b71d4dbecd159a_0.jpg,train,mata,10,8
dataset_mobilenet_ready/train/mata/mata_T18_89_jpg.rf.2a559441f78bf78993d14050b4e9f9ce_0.jpg,train,mata,18,0
dataset_mobilenet_ready/train/mata/mata_T13_26_jpg.rf.51469650ad03ca69cf6972476ec460f7_0.jpg,train,mata,13,5
dataset_mobilenet_ready/train/mata/mata_T18_111_jpg.rf.c123fee2d70c4778587df08516eb349f_0.jpg,train,mata,18,0
dataset_mobilenet_ready/train/mata/mata_T11_114_jpg.rf.ebefb7b3ee692b49b90be3464eb357bb_0.jpg,train,mata,11,7
dataset_mobilenet_ready/train/mata/mata_T13_119_jpg.rf.8e76439314e7f19e31e02d85782ce6bd_0.jpg,train,mata,13,5
dataset_mobilenet_ready/train/mata/mata_T18_24_jpg.rf.3a061d09b89d8edaa6fd15c8561e4bff_0.jpg,train,mata,18,0
dataset_mobilenet_ready/train/mata/mata_T6_53_jpg.rf.b5ade2f8ce96503c6259d58ef7680912_1.jpg,train,mata,6,12
dataset_mobilenet_ready/train/mata/mata_T7_52_jpg.rf.42fd42f617a6193be9a58a7f71959df4_0.jpg,train,mata,7,11
dataset_mobilenet_ready/train/mata/mata_T13_91_jpg.rf.217eb15c2804e5d2f1a7b68292d1f3cf_0.jpg,train,mata,13,5
dataset_mobilenet_ready/train/mata/mata_T11_71_jpg.rf.792ed9c2ef5068f4fa23b554395a0adf_0.jpg,train,mata,11,7
dataset_mobilenet_ready/train/mata/mata_T4_29_jpg.rf.de45b23065326ecbfe749209ebfca331_0.jpg,train,mata,4,14
dataset_mobilenet_ready/train/mata/mata_T12_104_jpg.rf.f164646527cb81e45e330d259bb963ed_0.jpg,train,mata,12,6
dataset_mobilenet_ready/train/mata/mata_T14_58_jpg.rf.f9b61581ba4b1fda4962b70790ae6f72_0.jpg,train,mata,14,4
dataset_mobilenet_ready/train/mata/mata_T10_84_jpg.rf.2b9f82314aca4dc1aa8740b178bd7b74_0.jpg,train,mata,10,8
dataset_mobilenet_ready/train/mata/mata_T16_75_jpg.rf.0c8bb9118d25b216b295b1a3d953195c_0.jpg,train,mata,16,2
dataset_mobilenet_ready/train/mata/mata_T15_88_jpg.rf.47d9796e1a2d117ac98a6d4ed01d200d_0.jpg,train,mata,15,3
dataset_mobilenet_ready/train/mata/mata_T15_32_jpg.rf.5e014db1aea2a40126ef3813071cd0f2_0.jpg,train,mata,15,3
dataset_mobilenet_ready/train/mata/mata_T15_89_jpg.rf.4777412085989c1c5e56618a7f3d2932_0.jpg,train,mata,15,3
dataset_mobilenet_ready/train/mata/mata_T18_47_jpg.rf.8ccdbe7ca00d0f80b1d6c89b7bba0e79_0.jpg,train,mata,18,0
dataset_mobilenet_ready/train/mata/mata_T9_22_jpg.rf.9a9287bb6795c22b9657b6be2b57031a_1.jpg,train,mata,9,9
dataset_mobilenet_ready/train/mata/mata_T4_36_jpg.rf.ac0e2c0969daf58ac93966d01aab76a5_0.jpg,train,mata,4,14
dataset_mobilenet_ready/train/mata/mata_T2_87_jpg.rf.6d6c19e408af5829924de6778e1b5c94_0.jpg,train,mata,2,16
dataset_mobilenet_ready/train/mata/mata_T8_58_jpg.rf.25864b082bbedb8557045b0b5dc59b32_0.jpg,train,mata,8,10
dataset_mobilenet_ready/train/mata/mata_T2_47_jpg.rf.091128275b3fba458fabec79f3b781eb_0.jpg,train,mata,2,16
dataset_mobilenet_ready/train/mata/mata_T18_124_jpg.rf.8324dfd4002879070fc2dd9fb7b8473a_0.jpg,train,mata,18,0
dataset_mobilenet_ready/train/mata/mata_T18_102_jpg.rf.a83b77b913697e8feea207ad54bed9da_0.jpg,train,mata,18,0
dataset_mobilenet_ready/train/mata/mata_T2_88_jpg.rf.d8c8f350489eb731a4cb10568c47d053_0.jpg,train,mata,2,16
dataset_mobilenet_ready/train/mata/mata_T13_36_jpg.rf.1b9ad140e02316c0a06685f89e05d854_0.jpg,train,mata,13,5
dataset_mobilenet_ready/train/mata/mata_T4_88_jpg.rf.d27dbcf9cf764369844a90d636493d29_0.jpg,train,mata,4,14
dataset_mobilenet_ready/train/mata/mata_T6_65_jpg.rf.9646de6eaa8ff01c741150172e3e2292_0.jpg,train,mata,6,12
dataset_mobilenet_ready/train/mata/mata_T12_81_jpg.rf.b2f1586b091e13b71e9253b4a68711e6_0.jpg,train,mata,12,6
dataset_mobilenet_ready/train/mata/mata_T13_77_jpg.rf.82552cf68460efffc4a79cb7403b5318_0.jpg,train,mata,13,5
dataset_mobilenet_ready/train/mata/mata_T10_82_jpg.rf.b567232b3370a07dd54d4fe12176fa8e_0.jpg,train,mata,10,8
dataset_mobilenet_ready/train/mata/mata_T11_19_jpg.rf.9f10459156259c1496671936fdf95838_0.jpg,train,mata,11,7
dataset_mobilenet_ready/train/mata/mata_T2_46_jpg.rf.04220c2ab405159352467f09b5cdb92e_0.jpg,train,mata,2,16
dataset_mobilenet_ready/train/mata/mata_T2_77_jpg.rf.972b226a5d99b9491b32ae18f57096f6_0.jpg,train,mata,2,16
dataset_mobilenet_ready/train/mata/mata_T17_39_jpg.rf.6521b37ec106899ce6e779f3de05c2c7_1.jpg,train,mata,17,1
dataset_mobilenet_ready/train/mata/mata_T15_6_jpg.rf.ece094714915d2a745863795491b489d_1.jpg,train,mata,15,3
dataset_mobilenet_ready/train/mata/mata_T2_49_jpg.rf.67a4961f0b6a255ec5c16c5879b6a8bf_1.jpg,train,mata,2,16
dataset_mobilenet_ready/train/mata/mata_T16_76_jpg.rf.77f1544d9d4d65170c0b03ec6c76a8b5_0.jpg,train,mata,16,2
dataset_mobilenet_ready/train/mata/mata_T14_7_jpg.rf.b95b148236cd9d694225a0c85cb86d30_0.jpg,train,mata,14,4
dataset_mobilenet_ready/train/mata/mata_T13_107_jpg.rf.43cfee83d832762c7fd90a32d4f4918e_0.jpg,train,mata,13,5
dataset_mobilenet_ready/train/mata/mata_T8_97_jpg.rf.609fa3e6504b66d68739b316d5878afb_0.jpg,train,mata,8,10
dataset_mobilenet_ready/train/mata/mata_T3_123_jpg.rf.8223dc9329c4c5f5a9fbf8ddbfe9cca3_0.jpg,train,mata,3,15
dataset_mobilenet_ready/train/mata/mata_T10_10_jpg.rf.13532dcfa1037bec1393f42d3a125be6_0.jpg,train,mata,10,8
dataset_mobilenet_ready/train/mata/mata_T15_25_jpg.rf.3b97b9b33ae59a50c899b518d631e04d_0.jpg,train,mata,15,3
dataset_mobilenet_ready/train/mata/mata_T9_32_jpg.rf.7c00ea686d51d7bb64416fe2c9b92999_0.jpg,train,mata,9,9
dataset_mobilenet_ready/train/mata/mata_T12_2_jpg.rf.6f8dde9482a1d27674fee4994460e5dc_0.jpg,train,mata,12,6
dataset_mobilenet_ready/train/mata/mata_T6_25_jpg.rf.95d6d4222026e478a8f3c61b15e4ff7b_0.jpg,train,mata,6,12
dataset_mobilenet_ready/train/mata/mata_T3_56_jpg.rf.92086bfc36c9caaf9115a6ce0d6f7583_1.jpg,train,mata,3,15
dataset_mobilenet_ready/train/mata/mata_T16_35_jpg.rf.db9d3460ac41a30d0741b47476dfb1b8_0.jpg,train,mata,16,2
dataset_mobilenet_ready/train/mata/mata_T13_63_jpg.rf.8ac1e9c886ba47b1f24ec55213e04811_0.jpg,train,mata,13,5
dataset_mobilenet_ready/train/mata/mata_T15_54_jpg.rf.89e2c7a1192903426df8132920b4883f_0.jpg,train,mata,15,3
dataset_mobilenet_ready/train/mata/mata_T15_83_jpg.rf.2bb1d80dbea458b1a46a96a74716ee44_0.jpg,train,mata,15,3
dataset_mobilenet_ready/train/mata/mata_T9_68_jpg.rf.18fd6baa9e0006b8f215951d3f73f332_0.jpg,train,mata,9,9
dataset_mobilenet_ready/train/mata/mata_T15_109_jpg.rf.7a06383b7e8afc3852023ede20abb23e_1.jpg,train,mata,15,3
dataset_mobilenet_ready/train/mata/mata_T12_36_jpg.rf.b7a44362d51d6e965c1ba4d4c9d3e202_0.jpg,train,mata,12,6
dataset_mobilenet_ready/train/mata/mata_T13_104_jpg.rf.9e91efda017f1bc1f80b0765c4c9ff01_0.jpg,train,mata,13,5
dataset_mobilenet_ready/train/mata/mata_T17_72_jpg.rf.ba42f14dcb8235c0f1dff8b8ff01acb2_0.jpg,train,mata,17,1
dataset_mobilenet_ready/train/mata/mata_T4_46_jpg.rf.00e461df5be9631bc9b89edca4bf2c51_0.jpg,train,mata,4,14
dataset_mobilenet_ready/train/mata/mata_T11_77_jpg.rf.d9e5b486f496ab59e53f7a389893a786_0.jpg,train,mata,11,7
dataset_mobilenet_ready/train/mata/mata_T3_120_jpg.rf.a891791740ba46d550617b8b011b337e_1.jpg,train,mata,3,15
dataset_mobilenet_ready/train/mata/mata_T3_22_jpg.rf.bcb2ba7a349a2db55953fb07b15455a7_0.jpg,train,mata,3,15
dataset_mobilenet_ready/train/mata/mata_T9_44_jpg.rf.88b05c37f84e5085cf22657a5b0d3ce6_1.jpg,train,mata,9,9
dataset_mobilenet_ready/train/mata/mata_T7_94_jpg.rf.6a3964f08fb5f5e63097143086c22614_0.jpg,train,mata,7,11
dataset_mobilenet_ready/train/mata/mata_T14_68_jpg.rf.9e95dc1eb444e51ee6b71e9e33c5cfc3_0.jpg,train,mata,14,4
dataset_mobilenet_ready/train/mata/mata_T15_82_jpg.rf.3b9598947e61f930988c1a7b12668e71_0.jpg,train,mata,15,3
dataset_mobilenet_ready/train/mata/mata_T2_4_jpg.rf.d7fbf2626bd39fd12d3ccbb66420a4fd_0.jpg,train,mata,2,16
dataset_mobilenet_ready/train/mata/mata_T7_109_jpg.rf.35eba24d01d776141dcaafa92bf7e2eb_0.jpg,train,mata,7,11
dataset_mobilenet_ready/train/mata/mata_T15_19_jpg.rf.a86af9cc24ad434079f9b94bf6f4a89f_0.jpg,train,mata,15,3
dataset_mobilenet_ready/train/mata/mata_T11_1_jpg.rf.fff51274a04c31b9b251431afc787549_0.jpg,train,mata,11,7
dataset_mobilenet_ready/train/mata/mata_T18_1_jpg.rf.a6d3f877bfbcad5fc0cc7e0c129a96c1_1.jpg,train,mata,18,0
dataset_mobilenet_ready/train/mata/mata_T15_75_jpg.rf.69d12a77ffdf8479bb3c95d07943dd0e_0.jpg,train,mata,15,3
dataset_mobilenet_ready/train/mata/mata_T9_33_jpg.rf.051b533f5028726c9384f57071585f6c_0.jpg,train,mata,9,9
dataset_mobilenet_ready/train/mata/mata_T15_53_jpg.rf.a233b170af62b187651d7eef6baa5b9d_0.jpg,train,mata,15,3
dataset_mobilenet_ready/train/mata/mata_T9_23_jpg.rf.3e70118745595ec83ae2b2f2a8cb3f8c_0.jpg,train,mata,9,9
dataset_mobilenet_ready/train/mata/mata_T12_120_jpg.rf.77f30067a95d3bad72546a289fa9ef96_0.jpg,train,mata,12,6
dataset_mobilenet_ready/train/mata/mata_T7_92_jpg.rf.23d1cb162c05bba29496953d04114856_0.jpg,train,mata,7,11
dataset_mobilenet_ready/train/mata/mata_T5_76_jpg.rf.f864a1e5c94d87c6c15dceddb7331c23_0.jpg,train,mata,5,13
dataset_mobilenet_ready/train/mata/mata_T7_103_jpg.rf.04ab1b581e27f46f2f4d585482b96b69_0.jpg,train,mata,7,11
dataset_mobilenet_ready/train/mata/mata_T18_49_jpg.rf.e3d55af76d3f668e409fcb225958b446_0.jpg,train,mata,18,0
dataset_mobilenet_ready/train/mata/mata_T12_63_jpg.rf.8b305f77776a1e40fe2349935b5e387e_0.jpg,train,mata,12,6
dataset_mobilenet_ready/train/mata/mata_T13_39_jpg.rf.ef9258ff3a39a553d4f1057d189472fd_1.jpg,train,mata,13,5
dataset_mobilenet_ready/train/mata/mata_T2_111_jpg.rf.728c5213a3bcc8070215d8affb506755_0.jpg,train,mata,2,16
dataset_mobilenet_ready/train/mata/mata_T16_87_jpg.rf.53a5b602368c3d9453925ffc5595da44_0.jpg,train,mata,16,2
dataset_mobilenet_ready/train/mata/mata_T2_3_jpg.rf.829e4a86a27f6d01022183fd9898ab4b_1.jpg,train,mata,2,16
dataset_mobilenet_ready/train/mata/mata_T3_95_jpg.rf.6dea9b3d39f5445740525b0fd58f1f35_0.jpg,train,mata,3,15
dataset_mobilenet_ready/train/mata/mata_T3_5_jpg.rf.a26af8e6dc9de75a504f5d6f74c16afa_1.jpg,train,mata,3,15
dataset_mobilenet_ready/train/mata/mata_T7_38_jpg.rf.510f9865ebb1adac1bcdcfeef82b7025_1.jpg,train,mata,7,11
dataset_mobilenet_ready/train/mata/mata_T7_73_jpg.rf.3c113f2e0fffd882e4377473dd822253_0.jpg,train,mata,7,11
dataset_mobilenet_ready/train/mata/mata_T15_49_jpg.rf.0e5261c7cdcce14a478e582c3f7708e5_1.jpg,train,mata,15,3
dataset_mobilenet_ready/train/mata/mata_T6_23_jpg.rf.f1f9ce2cf5ccabeeb5b4d5ac86708d52_1.jpg,train,mata,6,12
dataset_mobilenet_ready/train/mata/mata_T18_59_jpg.rf.a168be974bc4023a3e5326491d1c4635_1.jpg,train,mata,18,0
dataset_mobilenet_ready/train/mata/mata_T2_105_jpg.rf.c0e30b989d9e8cbce79014e12307016b_0.jpg,train,mata,2,16
dataset_mobilenet_ready/train/mata/mata_T3_100_jpg.rf.7cd1262e1f7c1d1623e5c843d86f3cfe_1.jpg,train,mata,3,15
dataset_mobilenet_ready/train/mata/mata_T14_86_jpg.rf.c40f44a64ad159ceddbb2b2a9f964946_0.jpg,train,mata,14,4
dataset_mobilenet_ready/train/mata/mata_T4_100_jpg.rf.ac669c9669942112e98872bb2025df0d_0.jpg,train,mata,4,14
dataset_mobilenet_ready/train/mata/mata_T13_79_jpg.rf.c689f15640b6c81ca331c47b059b6154_0.jpg,train,mata,13,5
dataset_mobilenet_ready/train/mata/mata_T14_20_jpg.rf.da7456d0879b0c67ae2caf7d86392e3f_0.jpg,train,mata,14,4
dataset_mobilenet_ready/train/mata/mata_T7_76_jpg.rf.9a0bd3a9db451f381c3d79e93a9fc026_0.jpg,train,mata,7,11
dataset_mobilenet_ready/train/mata/mata_T6_113_jpg.rf.be7ef6d2088958670bf5be3949e14a36_0.jpg,train,mata,6,12
dataset_mobilenet_ready/train/mata/mata_T8_109_jpg.rf.f3cf7a7dd5b634d946b3f8d66d0e41eb_0.jpg,train,mata,8,10
dataset_mobilenet_ready/train/mata/mata_T7_64_jpg.rf.67e1e5bb29c8d7082cdfb246b554eb31_0.jpg,train,mata,7,11
dataset_mobilenet_ready/train/mata/mata_T4_51_jpg.rf.6c0f1fa01522a675cc0d8ace7bfe68ac_0.jpg,train,mata,4,14
dataset_mobilenet_ready/train/mata/mata_T15_43_jpg.rf.a71804ed2ec09da804668f1beb5d302e_0.jpg,train,mata,15,3
dataset_mobilenet_ready/train/mata/mata_T3_69_jpg.rf.fc1660dc17f0f44e02e2b637d9d204c9_0.jpg,train,mata,3,15
dataset_mobilenet_ready/train/mata/mata_T4_73_jpg.rf.231bf28e3185bbc6d985527386578d4a_0.jpg,train,mata,4,14
dataset_mobilenet_ready/train/mata/mata_T2_0_jpg.rf.f2f4a941d28b5b9c33d26595d787c875_1.jpg,train,mata,2,16
dataset_mobilenet_ready/train/mata/mata_T12_64_jpg.rf.e7679b6b6310fa3466e6e6e46af44887_0.jpg,train,mata,12,6
dataset_mobilenet_ready/train/mata/mata_T13_66_jpg.rf.7bc220d96dfa79e5f9c232983e1124d0_0.jpg,train,mata,13,5
dataset_mobilenet_ready/train/mata/mata_T8_123_jpg.rf.682243df34a1d408b14bc13b888eff9f_0.jpg,train,mata,8,10
dataset_mobilenet_ready/train/mata/mata_T2_64_jpg.rf.944e662846399bebc2b9dcf0c41ba9df_1.jpg,train,mata,2,16
dataset_mobilenet_ready/train/mata/mata_T17_68_jpg.rf.946032fd3cf9e6cd815341f07a1ede62_0.jpg,train,mata,17,1
dataset_mobilenet_ready/train/mata/mata_T10_61_jpg.rf.fa41a983f820f214faf473fbac8a5623_0.jpg,train,mata,10,8
dataset_mobilenet_ready/train/mata/mata_T6_97_jpg.rf.e67a8ae2ddcbebdd94729ebedd44b12f_0.jpg,train,mata,6,12
dataset_mobilenet_ready/train/mata/mata_T2_112_jpg.rf.5be2c66e780ad6e8da0ffbe0fbe4424e_0.jpg,train,mata,2,16
dataset_mobilenet_ready/train/mata/mata_T5_87_jpg.rf.9543e5d922ac7f87c440a95665d6fb01_0.jpg,train,mata,5,13
dataset_mobilenet_ready/train/mata/mata_T9_25_jpg.rf.25f1b9069f7b17372712531f1740a4a3_1.jpg,train,mata,9,9
dataset_mobilenet_ready/train/mata/mata_T12_28_jpg.rf.bb1b0c26d3c54316410fb082c0bf4c5e_0.jpg,train,mata,12,6
dataset_mobilenet_ready/train/mata/mata_T7_0_jpg.rf.bbe363f55e33d95842f6df14743fa206_0.jpg,train,mata,7,11
dataset_mobilenet_ready/train/mata/mata_T3_40_jpg.rf.7e8bfbf8e8d29b2e8151c3921bb051fa_0.jpg,train,mata,3,15
dataset_mobilenet_ready/train/mata/mata_T5_91_jpg.rf.ee10e0c74d8396b414f8939accf4abe4_0.jpg,train,mata,5,13
dataset_mobilenet_ready/train/mata/mata_T7_59_jpg.rf.2118854d18ab9b27d60b3aa6f71498ad_0.jpg,train,mata,7,11
dataset_mobilenet_ready/train/mata/mata_T10_25_jpg.rf.8db7f1937bfec2a4a9e37da73d8d0c41_0.jpg,train,mata,10,8
dataset_mobilenet_ready/train/mata/mata_T9_107_jpg.rf.19139459a484f624a624e6e1bc6b7e36_0.jpg,train,mata,9,9
dataset_mobilenet_ready/train/mata/mata_T3_54_jpg.rf.750adcfa724def95c863c448edb2df50_0.jpg,train,mata,3,15
dataset_mobilenet_ready/train/mata/mata_T5_21_jpg.rf.4b28a056fd12b1fb877f5736f2451940_0.jpg,train,mata,5,13
dataset_mobilenet_ready/train/mata/mata_T15_122_jpg.rf.7bb6c7eaae609baace15ccc373aa1495_1.jpg,train,mata,15,3
dataset_mobilenet_ready/train/mata/mata_T12_84_jpg.rf.4f97a2b5ac892ee8f8399b5822d4a64d_0.jpg,train,mata,12,6
dataset_mobilenet_ready/train/mata/mata_T6_105_jpg.rf.0ba508440a10de00a52ad889b64af404_0.jpg,train,mata,6,12
dataset_mobilenet_ready/train/mata/mata_T3_60_jpg.rf.fedd7c08176947809a4af9687d7a77a6_0.jpg,train,mata,3,15
dataset_mobilenet_ready/train/mata/mata_T15_59_jpg.rf.2c176e51196dc1bffc492d2c98cf5671_0.jpg,train,mata,15,3
dataset_mobilenet_ready/train/mata/mata_T10_80_jpg.rf.28e283fa7c2507492dd0fcf48b51b92f_0.jpg,train,mata,10,8
dataset_mobilenet_ready/train/mata/mata_T14_9_jpg.rf.b96bf3712da278da0a3cf15e6a0841d1_1.jpg,train,mata,14,4
dataset_mobilenet_ready/train/mata/mata_T2_1_jpg.rf.43d422d24dcbacfff5671cab4abcd3c4_1.jpg,train,mata,2,16
dataset_mobilenet_ready/train/mata/mata_T11_83_jpg.rf.417e6131510f079a2c04847fd592f79f_0.jpg,train,mata,11,7
dataset_mobilenet_ready/train/mata/mata_T4_13_jpg.rf.87a67dd9ccf1a2abe6429af53a4adf77_1.jpg,train,mata,4,14
dataset_mobilenet_ready/train/mata/mata_T17_61_jpg.rf.6297ad71c84d8e2d18581d860aca1dfd_1.jpg,train,mata,17,1
dataset_mobilenet_ready/train/mata/mata_T18_37_jpg.rf.8c4769145e898ef4beae34be6fafbacf_0.jpg,train,mata,18,0
dataset_mobilenet_ready/train/mata/mata_T5_7_jpg.rf.13807fd54f0aeac500db97a3c499d1cc_0.jpg,train,mata,5,13
dataset_mobilenet_ready/train/mata/mata_T10_89_jpg.rf.d14ea0634d19daa86bb4fcab1444e7c5_0.jpg,train,mata,10,8
dataset_mobilenet_ready/train/mata/mata_T3_68_jpg.rf.00e56875fae4db5465c7cfe8f656b75e_0.jpg,train,mata,3,15
dataset_mobilenet_ready/train/mata/mata_T17_3_jpg.rf.c15c9677d2850a654175aceff4d31885_0.jpg,train,mata,17,1
dataset_mobilenet_ready/train/mata/mata_T4_81_jpg.rf.c054d45a8b9dbf278b26e8285175bdda_0.jpg,train,mata,4,14
dataset_mobilenet_ready/train/mata/mata_T9_113_jpg.rf.35c3aed59913b56d9ec77b1c83bcd938_0.jpg,train,mata,9,9
dataset_mobilenet_ready/train/mata/mata_T14_115_jpg.rf.478a9345620906741a2d21287506c2b8_0.jpg,train,mata,14,4
dataset_mobilenet_ready/train/mata/mata_T8_99_jpg.rf.3866644f910b93574b8bd22856aea0b4_0.jpg,train,mata,8,10
dataset_mobilenet_ready/train/mata/mata_T12_70_jpg.rf.f241df4bc5d1790b77342868cd3e31a0_1.jpg,train,mata,12,6
dataset_mobilenet_ready/train/mata/mata_T16_123_jpg.rf.69032aafcacb4a0e37c039c87106e329_1.jpg,train,mata,16,2
dataset_mobilenet_ready/train/mata/mata_T18_84_jpg.rf.a33cd61c3dabbaed81df94904400760f_0.jpg,train,mata,18,0
dataset_mobilenet_ready/train/mata/mata_T14_89_jpg.rf.b1820420b18b49580235b2c1dd64bdff_0.jpg,train,mata,14,4
dataset_mobilenet_ready/train/mata/mata_T7_26_jpg.rf.82496fe1052fb9d8825bc0b43d4a23c8_0.jpg,train,mata,7,11
dataset_mobilenet_ready/train/mata/mata_T5_50_jpg.rf.7bb55d8f8e26ca996868f1cf2ced1399_0.jpg,train,mata,5,13
dataset_mobilenet_ready/train/mata/mata_T17_27_jpg.rf.1d602b07e397ecf88178e3364a5205ca_1.jpg,train,mata,17,1
dataset_mobilenet_ready/train/mata/mata_T3_96_jpg.rf.20b4763debcef4a643fe76294a7a330e_0.jpg,train,mata,3,15
dataset_mobilenet_ready/train/mata/mata_T8_8_jpg.rf.3afd8589052c44e68279aef3ade1e520_0.jpg,train,mata,8,10
dataset_mobilenet_ready/train/mata/mata_T6_44_jpg.rf.eb8575c287043cb021b80a647da333e4_0.jpg,train,mata,6,12
dataset_mobilenet_ready/train/mata/mata_T17_18_jpg.rf.91e82c413a07ac3aa31cb2ebc92699bd_0.jpg,train,mata,17,1
dataset_mobilenet_ready/train/mata/mata_T8_66_jpg.rf.4529bc2dd2750608cca3cd95b36b7ad3_0.jpg,train,mata,8,10
dataset_mobilenet_ready/train/mata/mata_T5_11_jpg.rf.5e09d19a7a0e1b8fb939b2d0b62a2974_0.jpg,train,mata,5,13
dataset_mobilenet_ready/train/mata/mata_T17_105_jpg.rf.68420d4bcc086629eaa07b7e9bfffd8a_0.jpg,train,mata,17,1
dataset_mobilenet_ready/train/mata/mata_T11_108_jpg.rf.ebe52e0164d7b42b5eaf51f62b9e8efd_0.jpg,train,mata,11,7
dataset_mobilenet_ready/train/mata/mata_T16_16_jpg.rf.1a5c7291d4601e48d182aa76719a8759_0.jpg,train,mata,16,2
dataset_mobilenet_ready/train/mata/mata_T3_105_jpg.rf.93c9b3f6c0d4fe9dd73c9bbe34174d54_0.jpg,train,mata,3,15
dataset_mobilenet_ready/train/mata/mata_T10_121_jpg.rf.a87e88168c3b9870a44552be65a90409_0.jpg,train,mata,10,8
dataset_mobilenet_ready/train/mata/mata_T14_99_jpg.rf.e3aba90809966e478ac2a7938a5ca3d3_0.jpg,train,mata,14,4
dataset_mobilenet_ready/train/mata/mata_T11_61_jpg.rf.f76153d9f6cb4598cffbc1372a9340ff_1.jpg,train,mata,11,7
dataset_mobilenet_ready/train/mata/mata_T18_73_jpg.rf.69a93484ee1747b0c915322f01d39ae5_0.jpg,train,mata,18,0
dataset_mobilenet_ready/train/mata/mata_T10_27_jpg.rf.ddb35dccad924bde319ff389139ad830_0.jpg,train,mata,10,8
dataset_mobilenet_ready/train/mata/mata_T7_29_jpg.rf.3ceb2d4f4abfdaf56dfd6c77484725ce_0.jpg,train,mata,7,11
dataset_mobilenet_ready/train/mata/mata_T14_57_jpg.rf.f43f49bd6559c4a3fbc93a165ab05548_0.jpg,train,mata,14,4
dataset_mobilenet_ready/train/mata/mata_T13_105_jpg.rf.138bd8e3ed6393e7dc3301e93bb266eb_1.jpg,train,mata,13,5
dataset_mobilenet_ready/train/mata/mata_T14_18_jpg.rf.8fd02f8c0a5b2800a79162d9ac938e4f_1.jpg,train,mata,14,4
dataset_mobilenet_ready/train/mata/mata_T15_119_jpg.rf.03c2aba431b93b1f21be68eba76669fe_0.jpg,train,mata,15,3
dataset_mobilenet_ready/train/mata/mata_T14_95_jpg.rf.8b207b06fa9005bfd8b05563f6847b5d_0.jpg,train,mata,14,4
dataset_mobilenet_ready/train/mata/mata_T3_52_jpg.rf.a05bee6ec12e4b8a727c1e0a0f707c6c_0.jpg,train,mata,3,15
dataset_mobilenet_ready/train/mata/mata_T15_24_jpg.rf.ca28a36b9ebc354d4425a6e7fd9b9c50_0.jpg,train,mata,15,3
dataset_mobilenet_ready/train/mata/mata_T11_104_jpg.rf.dcf569cd304f1bf39cedf88b955834df_0.jpg,train,mata,11,7
dataset_mobilenet_ready/train/mata/mata_T13_20_jpg.rf.1cbcd27728c6f80325115a4444750878_0.jpg,train,mata,13,5
dataset_mobilenet_ready/train/mata/mata_T12_92_jpg.rf.bd01d5e4281e40ae0a82354249568a45_0.jpg,train,mata,12,6
dataset_mobilenet_ready/train/mata/mata_T7_17_jpg.rf.500d6197f6dbc3a127f5532a151dbecd_1.jpg,train,mata,7,11
dataset_mobilenet_ready/train/mata/mata_T6_10_jpg.rf.7f70769dd22242350531a2d1b42122c2_1.jpg,train,mata,6,12
dataset_mobilenet_ready/train/mata/mata_T16_34_jpg.rf.ff664729be713e7f865bc318ffd35b4d_0.jpg,train,mata,16,2
dataset_mobilenet_ready/train/mata/mata_T6_75_jpg.rf.8caeedb4064b368d76236c72a6a8e096_0.jpg,train,mata,6,12
dataset_mobilenet_ready/train/mata/mata_T17_54_jpg.rf.afe825a905b67691a70b39f5138492d6_0.jpg,train,mata,17,1
dataset_mobilenet_ready/train/mata/mata_T5_37_jpg.rf.6391fd107c499630c8df0a43107b1c61_0.jpg,train,mata,5,13
dataset_mobilenet_ready/train/mata/mata_T10_53_jpg.rf.8ccece537ae56b439038a68b3afee507_1.jpg,train,mata,10,8
dataset_mobilenet_ready/train/mata/mata_T16_24_jpg.rf.3ebc18560844f9f956cc42d73b6263ce_0.jpg,train,mata,16,2
dataset_mobilenet_ready/train/mata/mata_T7_56_jpg.rf.dd23a0feebf34a85f196a5e69f88642d_0.jpg,train,mata,7,11
dataset_mobilenet_ready/train/mata/mata_T4_53_jpg.rf.23ecf8c74125a232f88e48fcc017d30a_0.jpg,train,mata,4,14
dataset_mobilenet_ready/train/mata/mata_T2_31_jpg.rf.b8e4e8430f3047c6ca24ec40ab491c5a_0.jpg,train,mata,2,16
dataset_mobilenet_ready/train/mata/mata_T9_38_jpg.rf.0a53caf52da12dbf171fa051ba0a28d0_0.jpg,train,mata,9,9
dataset_mobilenet_ready/train/mata/mata_T5_79_jpg.rf.5af493db7d498408182d59c9d4d0e2e4_0.jpg,train,mata,5,13
dataset_mobilenet_ready/train/mata/mata_T15_37_jpg.rf.977141a659607c526efceb5b157fe345_0.jpg,train,mata,15,3
dataset_mobilenet_ready/train/mata/mata_T16_63_jpg.rf.18366b7282eabc98bc9b1cb966e234dd_0.jpg,train,mata,16,2
dataset_mobilenet_ready/train/mata/mata_T6_80_jpg.rf.67287e0746b5ab01bd8be8943fc926ed_0.jpg,train,mata,6,12
dataset_mobilenet_ready/train/mata/mata_T15_62_jpg.rf.512441f3419a1b768df4c800e3e9def8_1.jpg,train,mata,15,3
dataset_mobilenet_ready/train/mata/mata_T7_99_jpg.rf.a46d29ed1a2f26698413483f92361fe6_0.jpg,train,mata,7,11
dataset_mobilenet_ready/train/mata/mata_T13_64_jpg.rf.63a82b29f1459775bd05acfc9afde4ad_1.jpg,train,mata,13,5
dataset_mobilenet_ready/train/mata/mata_T2_81_jpg.rf.943e50c5a7a1cfe4682f963ad1ecdf7c_0.jpg,train,mata,2,16
dataset_mobilenet_ready/train/mata/mata_T11_20_jpg.rf.9540ae724cec99d8fb33439a9d5fda1a_0.jpg,train,mata,11,7
dataset_mobilenet_ready/train/mata/mata_T18_52_jpg.rf.2f5df733c20d2f15817047d3518dbd4a_1.jpg,train,mata,18,0
dataset_mobilenet_ready/train/mata/mata_T3_110_jpg.rf.8670d0bf394b345afb3c9facc512ebda_1.jpg,train,mata,3,15
dataset_mobilenet_ready/train/mata/mata_T7_96_jpg.rf.559a3449848e084a00128bbe957e740b_0.jpg,train,mata,7,11
dataset_mobilenet_ready/train/mata/mata_T4_12_jpg.rf.f4ef2631ef4a90fe7be064f6d132b2fc_1.jpg,train,mata,4,14
dataset_mobilenet_ready/train/mata/mata_T11_85_jpg.rf.58fd59f0bf3841ed79f837e61591eff2_1.jpg,train,mata,11,7
dataset_mobilenet_ready/train/mata/mata_T14_96_jpg.rf.1a288af1dbd9070d69c538985fea110e_0.jpg,train,mata,14,4
dataset_mobilenet_ready/train/mata/mata_T14_72_jpg.rf.e5f545352fa8fc09fda2ddb111eb0c7d_0.jpg,train,mata,14,4
dataset_mobilenet_ready/train/mata/mata_T10_99_jpg.rf.8ee3637a07a9d96c54d27920885b1749_1.jpg,train,mata,10,8
dataset_mobilenet_ready/train/mata/mata_T8_1_jpg.rf.7ed04d1f38ef7bcef244780c23e02f1e_0.jpg,train,mata,8,10
dataset_mobilenet_ready/train/mata/mata_T3_30_jpg.rf.2e11695ef67ee4aedfffcd578dc880e4_0.jpg,train,mata,3,15
dataset_mobilenet_ready/train/mata/mata_T4_96_jpg.rf.7ca00e871b5782b2c542ae53a243b953_0.jpg,train,mata,4,14
dataset_mobilenet_ready/train/mata/mata_T8_45_jpg.rf.bfacca685cc80ef4bc29033cf2107e26_0.jpg,train,mata,8,10
dataset_mobilenet_ready/train/mata/mata_T15_110_jpg.rf.182c47e51c39b33eb9ff8d011c7f1f59_1.jpg,train,mata,15,3
dataset_mobilenet_ready/train/mata/mata_T5_33_jpg.rf.f12ec5214216ffafe443c04cd4b510be_0.jpg,train,mata,5,13
dataset_mobilenet_ready/train/mata/mata_T16_48_jpg.rf.6745d9a3225f744a269e81e4f51634be_0.jpg,train,mata,16,2
dataset_mobilenet_ready/train/mata/mata_T12_26_jpg.rf.da631bc59015903cde22b4dbdb5596ff_0.jpg,train,mata,12,6
dataset_mobilenet_ready/train/mata/mata_T9_57_jpg.rf.815e0ee232d228ba48f0c617ad0ac8db_0.jpg,train,mata,9,9
dataset_mobilenet_ready/train/mata/mata_T11_10_jpg.rf.646ec65c5d0d293c9c60effea65f878e_0.jpg,train,mata,11,7
dataset_mobilenet_ready/train/mata/mata_T10_104_jpg.rf.3f68deb6293a3b5a028642ebcabbf1a9_1.jpg,train,mata,10,8
dataset_mobilenet_ready/train/mata/mata_T11_43_jpg.rf.b1dc5434757c0cf5b8772766a60c63c1_0.jpg,train,mata,11,7
dataset_mobilenet_ready/train/mata/mata_T15_17_jpg.rf.648d260f816cd8b7ac95d85e5d688174_0.jpg,train,mata,15,3
dataset_mobilenet_ready/train/mata/mata_T5_40_jpg.rf.dcfa1dbee17b0ae16a8c45419d0729d6_0.jpg,train,mata,5,13
dataset_mobilenet_ready/train/mata/mata_T5_78_jpg.rf.cf0681c87fbb92ba7421211f32c1993f_0.jpg,train,mata,5,13
dataset_mobilenet_ready/train/mata/mata_T3_50_jpg.rf.919bbf57f4cdb61541229b4b9fcbaad2_1.jpg,train,mata,3,15
dataset_mobilenet_ready/train/mata/mata_T8_9_jpg.rf.75666efa076d425d2ee7e54116149aff_0.jpg,train,mata,8,10
dataset_mobilenet_ready/train/mata/mata_T2_60_jpg.rf.dfe1b178af5e9d5d102f2156feabce14_1.jpg,train,mata,2,16
dataset_mobilenet_ready/train/mata/mata_T16_51_jpg.rf.588154766d4657612554f4c08e15c3f8_0.jpg,train,mata,16,2
dataset_mobilenet_ready/train/mata/mata_T9_56_jpg.rf.abe1f1589fd82db17ef08dbc2a00abc4_0.jpg,train,mata,9,9
dataset_mobilenet_ready/train/mata/mata_T6_13_jpg.rf.fd032d2828de459bd4cf2e52c187adef_0.jpg,train,mata,6,12
dataset_mobilenet_ready/train/mata/mata_T15_60_jpg.rf.1351f062d09702d18386401e8e5c0ffa_0.jpg,train,mata,15,3
dataset_mobilenet_ready/train/mata/mata_T13_51_jpg.rf.39ee7c19d0de4967c423c02c5834bdc9_0.jpg,train,mata,13,5
dataset_mobilenet_ready/train/mata/mata_T7_42_jpg.rf.0b1a2d88f0327f9a9f94c8b97167c875_0.jpg,train,mata,7,11
dataset_mobilenet_ready/train/mata/mata_T9_14_jpg.rf.12212cb46b514db0ccd75cf256f3e49e_0.jpg,train,mata,9,9
dataset_mobilenet_ready/train/mata/mata_T18_53_jpg.rf.078ef3901f5e6d260f76abde8742bfe8_1.jpg,train,mata,18,0
dataset_mobilenet_ready/train/mata/mata_T14_83_jpg.rf.71dfd1629ce9fc59f8bfe006b832dfbb_0.jpg,train,mata,14,4
dataset_mobilenet_ready/train/mata/mata_T9_53_jpg.rf.7768c922c32e2e9e7ebaf11e6e779096_0.jpg,train,mata,9,9
dataset_mobilenet_ready/train/mata/mata_T13_38_jpg.rf.34b2047042268cccf5f44aef2f414acb_1.jpg,train,mata,13,5
dataset_mobilenet_ready/train/mata/mata_T3_44_jpg.rf.b420cc0e9f96abd8ee2563751595e132_0.jpg,train,mata,3,15
dataset_mobilenet_ready/train/mata/mata_T2_66_jpg.rf.86e2fcb41259b99b31835d74997abd8f_1.jpg,train,mata,2,16
dataset_mobilenet_ready/train/mata/mata_T9_91_jpg.rf.d23cb3b8250b46fb2b3cb0dd9d43d0c5_1.jpg,train,mata,9,9
dataset_mobilenet_ready/train/mata/mata_T7_45_jpg.rf.eba786cf3e6fee92f6250e764a475da7_0.jpg,train,mata,7,11
dataset_mobilenet_ready/train/mata/mata_T9_71_jpg.rf.57649abdb45d53161a2cd44bc5f7c2e9_0.jpg,train,mata,9,9
dataset_mobilenet_ready/train/mata/mata_T3_6_jpg.rf.05a59980818277a96b1f75b4c802af32_1.jpg,train,mata,3,15
dataset_mobilenet_ready/train/mata/mata_T7_63_jpg.rf.f66138bf5bfb998bef006f1fc8e68dfc_0.jpg,train,mata,7,11
dataset_mobilenet_ready/train/mata/mata_T18_105_jpg.rf.f535030f505e7b34834cdeb8f8be9bc8_0.jpg,train,mata,18,0
dataset_mobilenet_ready/train/mata/mata_T15_27_jpg.rf.f82c9ffcb3b3f4abbc4a3c18903444cd_1.jpg,train,mata,15,3
dataset_mobilenet_ready/train/mata/mata_T13_93_jpg.rf.503ee595ab2899d7cd7b8ddb468623a4_0.jpg,train,mata,13,5
dataset_mobilenet_ready/train/mata/mata_T2_26_jpg.rf.0b7e8c9c33e714630ad90f032907dc20_0.jpg,train,mata,2,16
dataset_mobilenet_ready/train/mata/mata_T4_76_jpg.rf.8f494704974f587df421e93ffb585bc5_0.jpg,train,mata,4,14
dataset_mobilenet_ready/train/mata/mata_T7_23_jpg.rf.08403b521eb1c8bbfc73e5076653de45_0.jpg,train,mata,7,11
dataset_mobilenet_ready/train/mata/mata_T5_20_jpg.rf.e957e7422fe70c7c30b6a8b41eab1aeb_1.jpg,train,mata,5,13
dataset_mobilenet_ready/train/mata/mata_T6_115_jpg.rf.2e2a6165087ec8fe706941feb588be99_0.jpg,train,mata,6,12
dataset_mobilenet_ready/train/mata/mata_T18_121_jpg.rf.57a8acac943ebcdcf6ea96542882a084_1.jpg,train,mata,18,0
dataset_mobilenet_ready/train/mata/mata_T7_19_jpg.rf.93f54a14f529775a10c542427565ad98_0.jpg,train,mata,7,11
dataset_mobilenet_ready/train/mata/mata_T6_17_jpg.rf.7df8f142ff921ebc06119d4f7399172f_0.jpg,train,mata,6,12
dataset_mobilenet_ready/train/mata/mata_T13_65_jpg.rf.8c0c193ea08c59fb88e3043c82ed30c8_1.jpg,train,mata,13,5
dataset_mobilenet_ready/train/mata/mata_T6_15_jpg.rf.2ccd315bfaf678d55503cea97a0458e3_1.jpg,train,mata,6,12
dataset_mobilenet_ready/train/mata/mata_T6_87_jpg.rf.8c1893b5660935285f206445e91eaa8e_0.jpg,train,mata,6,12
dataset_mobilenet_ready/train/mata/mata_T10_7_jpg.rf.40da4906f57891bbede7cdad06a7f474_0.jpg,train,mata,10,8
dataset_mobilenet_ready/train/mata/mata_T12_60_jpg.rf.cabadb9ec894bff4fcd7b3db900e8491_0.jpg,train,mata,12,6
dataset_mobilenet_ready/train/mata/mata_T16_106_jpg.rf.8b527d2239ef6aa51e10e6848142a9f9_0.jpg,train,mata,16,2
dataset_mobilenet_ready/train/mata/mata_T8_55_jpg.rf.4e7653520b7660c0e146eea26493b206_0.jpg,train,mata,8,10
dataset_mobilenet_ready/train/mata/mata_T6_4_jpg.rf.19efa7a5a548663d1537bd940351063c_0.jpg,train,mata,6,12
dataset_mobilenet_ready/train/mata/mata_T2_25_jpg.rf.f70556f6471e86de6dcee4945761d796_0.jpg,train,mata,2,16
dataset_mobilenet_ready/train/mata/mata_T11_13_jpg.rf.bf7de3891f537edd27a83bb1a64fc128_0.jpg,train,mata,11,7
dataset_mobilenet_ready/train/mata/mata_T9_55_jpg.rf.f63dbc3c9cecfde023fa10d8826134af_0.jpg,train,mata,9,9
dataset_mobilenet_ready/train/mata/mata_T6_37_jpg.rf.4933dff8e0000f3751e3b8983ce25d85_0.jpg,train,mata,6,12
dataset_mobilenet_ready/train/mata/mata_T13_111_jpg.rf.31472f245e42933b8d46306840500e6a_1.jpg,train,mata,13,5
dataset_mobilenet_ready/train/mata/mata_T12_80_jpg.rf.a5ba8b5ed59130d49dba4014ff214c2a_0.jpg,train,mata,12,6
dataset_mobilenet_ready/train/mata/mata_T6_57_jpg.rf.ad48e464144518b12694454b540c868d_1.jpg,train,mata,6,12
dataset_mobilenet_ready/train/mata/mata_T17_121_jpg.rf.51553ee3fed63cc3f09897975308b401_0.jpg,train,mata,17,1
dataset_mobilenet_ready/train/mata/mata_T14_39_jpg.rf.d5845b57156dd98ca86cd8f94f5a045e_0.jpg,train,mata,14,4
dataset_mobilenet_ready/train/mata/mata_T11_18_jpg.rf.b0e1c8d88282e5367994cbae0fe7be43_0.jpg,train,mata,11,7
dataset_mobilenet_ready/train/mata/mata_T6_34_jpg.rf.f768384a46fdef8db11e79b93a5a9095_0.jpg,train,mata,6,12
dataset_mobilenet_ready/train/mata/mata_T2_104_jpg.rf.e4295ceb5a2630f7cd13d421ac04b065_0.jpg,train,mata,2,16
dataset_mobilenet_ready/train/mata/mata_T3_106_jpg.rf.5545dd5d9ab2e845ed74f6e5f1e84051_1.jpg,train,mata,3,15
dataset_mobilenet_ready/train/mata/mata_T15_18_jpg.rf.8304662fdacb8652f3e75cae725b435a_0.jpg,train,mata,15,3
dataset_mobilenet_ready/train/mata/mata_T18_4_jpg.rf.55b59d0b4647d128cf009f0f5b7f6bb6_0.jpg,train,mata,18,0
dataset_mobilenet_ready/train/mata/mata_T17_74_jpg.rf.d009c1425ec60f3a7174aef224893f6b_0.jpg,train,mata,17,1
dataset_mobilenet_ready/train/mata/mata_T14_37_jpg.rf.5d6ca98275aa963c82c93a68d9879aa1_0.jpg,train,mata,14,4
dataset_mobilenet_ready/train/mata/mata_T9_99_jpg.rf.f12991c0064946a846e294581ac66a94_0.jpg,train,mata,9,9
dataset_mobilenet_ready/train/mata/mata_T10_23_jpg.rf.f955e8e9c5d5c232c92a60003ae33983_0.jpg,train,mata,10,8
dataset_mobilenet_ready/train/mata/mata_T13_78_jpg.rf.801e59c8c094180de67136eaf78a12ee_0.jpg,train,mata,13,5
dataset_mobilenet_ready/train/mata/mata_T2_45_jpg.rf.0b333d5a2097b790b9a8a7deffec3b70_0.jpg,train,mata,2,16
dataset_mobilenet_ready/train/mata/mata_T13_58_jpg.rf.882b72c2c6c8659206926b5b707b244e_0.jpg,train,mata,13,5
dataset_mobilenet_ready/train/mata/mata_T13_94_jpg.rf.c607555fe05559ee91e934f0101991d6_1.jpg,train,mata,13,5
dataset_mobilenet_ready/train/mata/mata_T4_94_jpg.rf.3bc0d53aa68b1cae796338c85bfc3e67_0.jpg,train,mata,4,14
dataset_mobilenet_ready/train/mata/mata_T15_15_jpg.rf.deae605200a1f1b7556a8ab7b1bd7850_0.jpg,train,mata,15,3
dataset_mobilenet_ready/train/mata/mata_T4_22_jpg.rf.bf6adf7c59840320645421780d1ef605_1.jpg,train,mata,4,14
dataset_mobilenet_ready/train/mata/mata_T15_29_jpg.rf.2440ccb1b5197d25adb5356968c4c3ce_0.jpg,train,mata,15,3
dataset_mobilenet_ready/train/mata/mata_T14_15_jpg.rf.1a0bf984215f21ee04a7bbc0f1e39890_0.jpg,train,mata,14,4
dataset_mobilenet_ready/train/mata/mata_T13_28_jpg.rf.a9bf27f2087dd0f6335160a10efef7a8_0.jpg,train,mata,13,5
dataset_mobilenet_ready/train/mata/mata_T10_26_jpg.rf.69706895719d3a8479a696e98cc22c91_0.jpg,train,mata,10,8
dataset_mobilenet_ready/train/mata/mata_T2_93_jpg.rf.ec336ccc0c2fa137c1c4e52f5fb7d4bd_0.jpg,train,mata,2,16
dataset_mobilenet_ready/train/mata/mata_T14_87_jpg.rf.eae566bc95c6f62aea8761991bd31a5b_0.jpg,train,mata,14,4
dataset_mobilenet_ready/train/mata/mata_T15_48_jpg.rf.ee930dfd3392ef81c61e404de14f3a5b_1.jpg,train,mata,15,3
dataset_mobilenet_ready/train/mata/mata_T16_46_jpg.rf.66e37e3bfc4d0d7f7ba24a0880b14e09_0.jpg,train,mata,16,2
dataset_mobilenet_ready/train/mata/mata_T13_40_jpg.rf.c535d42aa81bdafd20b88eef379b5aa7_1.jpg,train,mata,13,5
dataset_mobilenet_ready/train/mata/mata_T9_86_jpg.rf.b6bf136a1a005f24b7ef31017037b86f_0.jpg,train,mata,9,9
dataset_mobilenet_ready/train/mata/mata_T6_70_jpg.rf.242efa360b392c0a8e0385d7ea818bb5_0.jpg,train,mata,6,12
dataset_mobilenet_ready/train/mata/mata_T16_33_jpg.rf.a19b1b77996985e3cdca7bf7730c56dc_0.jpg,train,mata,16,2
dataset_mobilenet_ready/train/mata/mata_T18_26_jpg.rf.687af14845042777f7a57743c674bd44_0.jpg,train,mata,18,0
dataset_mobilenet_ready/train/mata/mata_T6_72_jpg.rf.760ce9907716e30afefd21880733d850_0.jpg,train,mata,6,12
dataset_mobilenet_ready/train/mata/mata_T15_13_jpg.rf.e816beae0b5e05212c5453992f76c617_0.jpg,train,mata,15,3
dataset_mobilenet_ready/train/mata/mata_T15_41_jpg.rf.6411fbac3a433b9e5d92256c2581e835_0.jpg,train,mata,15,3
dataset_mobilenet_ready/train/mata/mata_T9_45_jpg.rf.d52438ce279b396560810cd1c065391f_1.jpg,train,mata,9,9
dataset_mobilenet_ready/train/mata/mata_T13_86_jpg.rf.654da9580db8ae03299d4ca56196e629_0.jpg,train,mata,13,5
dataset_mobilenet_ready/train/mata/mata_T13_31_jpg.rf.a4e049cf56a0d641aa3541ee22161728_0.jpg,train,mata,13,5
dataset_mobilenet_ready/train/mata/mata_T3_98_jpg.rf.f743e689f1a1dc24c0ca5b630a25bc65_0.jpg,train,mata,3,15
dataset_mobilenet_ready/train/mata/mata_T17_65_jpg.rf.82af1097ca8fc1891dd09d433d739cdc_0.jpg,train,mata,17,1
dataset_mobilenet_ready/train/mata/mata_T12_79_jpg.rf.7eb7a994bd1f95258d58d446de7b2261_0.jpg,train,mata,12,6
dataset_mobilenet_ready/train/mata/mata_T16_113_jpg.rf.e9de66ecbd16d6c63dad1ae84ce8ef7b_0.jpg,train,mata,16,2
dataset_mobilenet_ready/train/mata/mata_T12_8_jpg.rf.56b2c5a7089925a578c2c4c51edba466_0.jpg,train,mata,12,6
dataset_mobilenet_ready/train/mata/mata_T12_31_jpg.rf.ecf018f0a73629840b2484a3988206b5_0.jpg,train,mata,12,6
dataset_mobilenet_ready/train/mata/mata_T4_37_jpg.rf.97f87db5f10d704febbcaf6ef185fb53_0.jpg,train,mata,4,14
dataset_mobilenet_ready/train/mata/mata_T8_2_jpg.rf.45ee8f7c0e2e97882d4fd133b736cebd_0.jpg,train,mata,8,10
dataset_mobilenet_ready/train/mata/mata_T15_92_jpg.rf.ca2e4ece1a4ccd7d8e8b1fd9e1374883_1.jpg,train,mata,15,3
dataset_mobilenet_ready/train/mata/mata_T8_61_jpg.rf.88ab37d525ba15fc6c094bc7f252a608_1.jpg,train,mata,8,10
dataset_mobilenet_ready/train/mata/mata_T8_51_jpg.rf.53e1194f05e4e8e9ac7964833dc91ea5_1.jpg,train,mata,8,10
dataset_mobilenet_ready/train/mata/mata_T4_78_jpg.rf.30b8ddf3f50292bddced67d3de591213_0.jpg,train,mata,4,14
dataset_mobilenet_ready/train/mata/mata_T18_61_jpg.rf.aa1edf3c22d083681954bd04c6d3d082_1.jpg,train,mata,18,0
dataset_mobilenet_ready/train/mata/mata_T9_12_jpg.rf.f50618f7ef04afd84fc9feb539c000a3_0.jpg,train,mata,9,9
dataset_mobilenet_ready/train/mata/mata_T7_24_jpg.rf.63a8e00008f81942fe6765486a164b5b_0.jpg,train,mata,7,11
dataset_mobilenet_ready/train/mata/mata_T10_31_jpg.rf.c410deaf82c33eb18fd9263eae121d0f_0.jpg,train,mata,10,8
dataset_mobilenet_ready/train/mata/mata_T18_92_jpg.rf.5490f40d78fea45f09eceef9bfbba5c3_0.jpg,train,mata,18,0
dataset_mobilenet_ready/train/mata/mata_T10_36_jpg.rf.d8d97e82b8d634fce072ad84efb582ee_0.jpg,train,mata,10,8
dataset_mobilenet_ready/train/mata/mata_T13_23_jpg.rf.60e755b158b580daf6396e2a55f2594b_0.jpg,train,mata,13,5
dataset_mobilenet_ready/train/mata/mata_T18_118_jpg.rf.14209359adf3e08552b677032a7800e3_0.jpg,train,mata,18,0
dataset_mobilenet_ready/train/mata/mata_T17_75_jpg.rf.806970360685c949011bd36e28b050f7_0.jpg,train,mata,17,1
dataset_mobilenet_ready/train/mata/mata_T6_1_jpg.rf.d54510525cb919aa26b42fe0eca71968_0.jpg,train,mata,6,12
dataset_mobilenet_ready/train/mata/mata_T11_6_jpg.rf.e88024edeee038fe204544a70be398f8_0.jpg,train,mata,11,7
dataset_mobilenet_ready/train/mata/mata_T18_80_jpg.rf.4fb6f51024acdfbab28d9d0edfb0003f_0.jpg,train,mata,18,0
dataset_mobilenet_ready/train/mata/mata_T2_65_jpg.rf.722d271b53074a8ae47b494a26bed80e_0.jpg,train,mata,2,16
dataset_mobilenet_ready/train/mata/mata_T15_63_jpg.rf.125e527926d2a6f129128fe8ecdb41ec_0.jpg,train,mata,15,3
dataset_mobilenet_ready/train/mata/mata_T15_73_jpg.rf.d74d114d28ff1bc836741c4c1b94b59e_0.jpg,train,mata,15,3
dataset_mobilenet_ready/train/mata/mata_T18_68_jpg.rf.c5a40fe010307cd35ef21314598baacd_0.jpg,train,mata,18,0
dataset_mobilenet_ready/train/mata/mata_T11_16_jpg.rf.6f81ad53db4c8647f5c01624f32775ed_0.jpg,train,mata,11,7
dataset_mobilenet_ready/train/mata/mata_T18_10_jpg.rf.bd2f6dcfae2f88afd8b0e01d7e10b185_0.jpg,train,mata,18,0
dataset_mobilenet_ready/train/mata/mata_T18_48_jpg.rf.bc05f54c828e4e94acbfe42b209c98e4_0.jpg,train,mata,18,0
dataset_mobilenet_ready/train/mata/mata_T13_24_jpg.rf.9daf1553120f4dfe1d206a9e0f248d95_0.jpg,train,mata,13,5
dataset_mobilenet_ready/train/mata/mata_T18_114_jpg.rf.0c181e9efc1d97f457e7b308c165d252_1.jpg,train,mata,18,0
dataset_mobilenet_ready/train/mata/mata_T5_82_jpg.rf.7374116fdb1a736bb50f04747982c741_0.jpg,train,mata,5,13
dataset_mobilenet_ready/train/mata/mata_T16_102_jpg.rf.ac80c2ff1634ff488196a827e7536eb5_0.jpg,train,mata,16,2
dataset_mobilenet_ready/train/mata/mata_T15_107_jpg.rf.e08107ba8ff2c594a74da9006ccb0add_0.jpg,train,mata,15,3
dataset_mobilenet_ready/train/mata/mata_T5_14_jpg.rf.e549ebd27ef88f75074e4288543aab19_0.jpg,train,mata,5,13
dataset_mobilenet_ready/train/mata/mata_T2_33_jpg.rf.22c9668b4691f0da762c2fb8e55e616d_0.jpg,train,mata,2,16
dataset_mobilenet_ready/train/mata/mata_T17_41_jpg.rf.1aa2143acc38d8a1c38bb9577561ca20_0.jpg,train,mata,17,1
dataset_mobilenet_ready/train/mata/mata_T15_79_jpg.rf.15ae47578eb287716cba9a7ed2b67e6c_1.jpg,train,mata,15,3
dataset_mobilenet_ready/train/mata/mata_T3_19_jpg.rf.7c13ee7750439aaeafd14e3ff86b39f1_0.jpg,train,mata,3,15
dataset_mobilenet_ready/train/mata/mata_T8_6_jpg.rf.3c4b4c0ad90e222b3ea06fbe41e7b147_0.jpg,train,mata,8,10
dataset_mobilenet_ready/train/mata/mata_T14_60_jpg.rf.68f6ff7b4702c99aad6c6adfde0db455_0.jpg,train,mata,14,4
dataset_mobilenet_ready/train/mata/mata_T10_8_jpg.rf.c8976375866a7a7abddc1a24ac1779a4_0.jpg,train,mata,10,8
dataset_mobilenet_ready/train/mata/mata_T13_87_jpg.rf.3b48d80d575b5ca81e1ac8b8685a58a5_0.jpg,train,mata,13,5
dataset_mobilenet_ready/train/mata/mata_T11_97_jpg.rf.796f098de445449d6cde17b7a64b5b71_0.jpg,train,mata,11,7
dataset_mobilenet_ready/train/mata/mata_T9_4_jpg.rf.0e1b9d83dabb0b5857b9ab3b9df3fca3_0.jpg,train,mata,9,9
dataset_mobilenet_ready/train/mata/mata_T14_109_jpg.rf.68f7fa5580758a64e7a80e3f35a6eaeb_0.jpg,train,mata,14,4
dataset_mobilenet_ready/train/mata/mata_T15_81_jpg.rf.bc61176030b1b77eb63722cbc39bd207_1.jpg,train,mata,15,3
dataset_mobilenet_ready/train/mata/mata_T13_102_jpg.rf.c48f416c9aa596a1b3c11a6422254958_0.jpg,train,mata,13,5
dataset_mobilenet_ready/train/mata/mata_T7_122_jpg.rf.da25c215e284e3ca18f99805654df403_0.jpg,train,mata,7,11
dataset_mobilenet_ready/train/mata/mata_T18_95_jpg.rf.5938cceaa1b7d74c3e11e1b562eb82fe_0.jpg,train,mata,18,0
dataset_mobilenet_ready/train/mata/mata_T18_63_jpg.rf.283c19330b519e5671c1950e2e7d4b11_0.jpg,train,mata,18,0
dataset_mobilenet_ready/train/mata/mata_T6_7_jpg.rf.ab9dc45238f43e1c2fa1145094d0b401_0.jpg,train,mata,6,12
dataset_mobilenet_ready/train/mata/mata_T13_123_jpg.rf.e08306605d7503c62b170ac745e380fd_0.jpg,train,mata,13,5
dataset_mobilenet_ready/train/mata/mata_T11_105_jpg.rf.41e3eb073498b69876c2b4a6034abf8b_0.jpg,train,mata,11,7
dataset_mobilenet_ready/train/mata/mata_T13_46_jpg.rf.9865e32cb93512e15493861dc31a3e63_0.jpg,train,mata,13,5
dataset_mobilenet_ready/train/mata/mata_T11_106_jpg.rf.9b7a43b227de4363a39f58bd52842d78_0.jpg,train,mata,11,7
dataset_mobilenet_ready/train/mata/mata_T18_62_jpg.rf.32c586b72d5e900d9ccde9be6e1e3e21_1.jpg,train,mata,18,0
dataset_mobilenet_ready/train/mata/mata_T14_108_jpg.rf.32f130f2ee891300070659cfd4ccf70a_0.jpg,train,mata,14,4
dataset_mobilenet_ready/train/mata/mata_T14_59_jpg.rf.f13a31d47cecfeba0507b425494a3f1d_0.jpg,train,mata,14,4
dataset_mobilenet_ready/train/mata/mata_T8_28_jpg.rf.2673305e1aa884dfffe7b9ad651929ff_1.jpg,train,mata,8,10
dataset_mobilenet_ready/train/mata/mata_T6_62_jpg.rf.21b8a7edec67b75b49c97dd9f6ca8eef_0.jpg,train,mata,6,12
dataset_mobilenet_ready/train/mata/mata_T15_91_jpg.rf.a21f19348b5188a45f846b690d406ed9_1.jpg,train,mata,15,3
dataset_mobilenet_ready/train/mata/mata_T13_124_jpg.rf.86a71d261948e0a9244edf8139f1c4bc_0.jpg,train,mata,13,5
dataset_mobilenet_ready/train/mata/mata_T3_25_jpg.rf.48a0828934dd780d18632832227800eb_0.jpg,train,mata,3,15
dataset_mobilenet_ready/train/mata/mata_T13_47_jpg.rf.9e0a0d4a64bfe060a629b42f5296cfe8_0.jpg,train,mata,13,5
dataset_mobilenet_ready/train/mata/mata_T10_2_jpg.rf.90a1b6b872587efd4fe7a37f6cec7d10_0.jpg,train,mata,10,8
dataset_mobilenet_ready/train/mata/mata_T8_108_jpg.rf.54752b244a33c28ca4fed90d2b75c747_0.jpg,train,mata,8,10
dataset_mobilenet_ready/train/mata/mata_T6_12_jpg.rf.73ff56f9970daaacc69f593ae65a84eb_0.jpg,train,mata,6,12
dataset_mobilenet_ready/train/mata/mata_T3_2_jpg.rf.4f38cdfff03603a71beb17f477d2ab30_1.jpg,train,mata,3,15
dataset_mobilenet_ready/train/mata/mata_T17_122_jpg.rf.cbe5b8217f1752c4e3626e7e61efa06b_0.jpg,train,mata,17,1
dataset_mobilenet_ready/train/mata/mata_T16_72_jpg.rf.1e6aeb7db77341857e34e9f2326a9bb6_0.jpg,train,mata,16,2
dataset_mobilenet_ready/train/mata/mata_T16_66_jpg.rf.8793549c24af7da0290fd7c319e9da09_0.jpg,train,mata,16,2
dataset_mobilenet_ready/train/mata/mata_T13_48_jpg.rf.4af5c21ce3632d6a46a612630323d296_0.jpg,train,mata,13,5
dataset_mobilenet_ready/train/mata/mata_T14_10_jpg.rf.610614b06b2a925f4fa80e22e9f0a8a7_1.jpg,train,mata,14,4
dataset_mobilenet_ready/train/mata/mata_T17_109_jpg.rf.5a17e0a86dd063ee7fd6fe8e432f703d_1.jpg,train,mata,17,1
dataset_mobilenet_ready/train/mata/mata_T6_95_jpg.rf.b10f371aae23fd8de39f31f314aae478_0.jpg,train,mata,6,12
dataset_mobilenet_ready/train/mata/mata_T10_71_jpg.rf.0ce0a6bd71ef391ba8c7a62c18e172bf_0.jpg,train,mata,10,8
dataset_mobilenet_ready/train/mata/mata_T3_28_jpg.rf.9ffeafccd4a85b71eef62731dd1fc358_0.jpg,train,mata,3,15
dataset_mobilenet_ready/train/mata/mata_T8_21_jpg.rf.9e93d2ff19fc1eeb3d63f9c33a56c0f3_1.jpg,train,mata,8,10
dataset_mobilenet_ready/train/mata/mata_T9_65_jpg.rf.b98dbf9eab18570189a2ad148d613bcc_0.jpg,train,mata,9,9
dataset_mobilenet_ready/train/mata/mata_T15_93_jpg.rf.a0e45ceb085790817ecc3fd8fb472d73_1.jpg,train,mata,15,3
dataset_mobilenet_ready/train/mata/mata_T7_71_jpg.rf.598a3dc80b73225bed4d44076e71b2b3_0.jpg,train,mata,7,11
dataset_mobilenet_ready/train/mata/mata_T2_69_jpg.rf.a21b4a93c737abe30fbfaee98e60934c_0.jpg,train,mata,2,16
dataset_mobilenet_ready/train/mata/mata_T5_12_jpg.rf.89c9fdc6a1544fbb8da14f36d7be6f08_0.jpg,train,mata,5,13
dataset_mobilenet_ready/train/mata/mata_T3_117_jpg.rf.a59df6843018b4c2530385ac9aa74564_0.jpg,train,mata,3,15
dataset_mobilenet_ready/train/mata/mata_T16_112_jpg.rf.a2396d4d80efb0a924213d805fcabbff_0.jpg,train,mata,16,2
dataset_mobilenet_ready/train/mata/mata_T17_53_jpg.rf.c6ff961033ac624c417edb8305c2475d_0.jpg,train,mata,17,1
dataset_mobilenet_ready/train/mata/mata_T10_41_jpg.rf.0c44eb98604a8cffca063080f5aaeefe_0.jpg,train,mata,10,8
dataset_mobilenet_ready/train/mata/mata_T6_48_jpg.rf.c30794349894708350ae4724ec7f7ee5_1.jpg,train,mata,6,12
dataset_mobilenet_ready/train/mata/mata_T8_34_jpg.rf.6f5439eadb1ed5ed0cba284a8f2b9a28_0.jpg,train,mata,8,10
dataset_mobilenet_ready/train/mata/mata_T13_5_jpg.rf.02badfe5daddbbf69da5195e43772cc2_0.jpg,train,mata,13,5
dataset_mobilenet_ready/train/mata/mata_T7_37_jpg.rf.0b6cd5c17c9a17978d2e364f893738c3_0.jpg,train,mata,7,11
dataset_mobilenet_ready/train/mata/mata_T12_44_jpg.rf.303fe9e9121d4cb8c1a4ad86f6574e8b_0.jpg,train,mata,12,6
dataset_mobilenet_ready/train/mata/mata_T2_79_jpg.rf.25b319ec2da112e7a3c9c522a5e9ea9d_0.jpg,train,mata,2,16
dataset_mobilenet_ready/train/mata/mata_T14_103_jpg.rf.2dc0b0c84ac32ff047757dc37a3da77f_0.jpg,train,mata,14,4
dataset_mobilenet_ready/train/mata/mata_T10_17_jpg.rf.dc77114849b2187e4b481f8d3d82dee4_0.jpg,train,mata,10,8
dataset_mobilenet_ready/train/mata/mata_T6_73_jpg.rf.a7944f3973222e1afaa31c100f96c662_0.jpg,train,mata,6,12
dataset_mobilenet_ready/train/mata/mata_T16_4_jpg.rf.ce2f3ae3ab4f8dfe3280aaaf2737128f_0.jpg,train,mata,16,2
dataset_mobilenet_ready/train/mata/mata_T3_0_jpg.rf.f00b8b869228e75691e04a0a50eeac59_1.jpg,train,mata,3,15
dataset_mobilenet_ready/train/mata/mata_T2_98_jpg.rf.337500db602614ad74be2e96fba24bd9_0.jpg,train,mata,2,16
dataset_mobilenet_ready/train/mata/mata_T3_90_jpg.rf.7a04928c20aec93da22ec8523af5a9f8_0.jpg,train,mata,3,15
dataset_mobilenet_ready/train/mata/mata_T14_106_jpg.rf.c078576b6c92a1f8c90b7a4c87624503_0.jpg,train,mata,14,4
dataset_mobilenet_ready/train/mata/mata_T5_55_jpg.rf.19bb52c23c6634ac94c880515b16c994_0.jpg,train,mata,5,13
dataset_mobilenet_ready/train/mata/mata_T5_121_jpg.rf.3e2da59fb6acfcdd672bc8fcacb883ed_0.jpg,train,mata,5,13
dataset_mobilenet_ready/train/mata/mata_T10_33_jpg.rf.5bdfa51b6b6545e928a6a568cdd0ed84_0.jpg,train,mata,10,8
dataset_mobilenet_ready/train/mata/mata_T18_33_jpg.rf.e0ace67243645ca9370c34392088cbb5_1.jpg,train,mata,18,0
dataset_mobilenet_ready/train/mata/mata_T2_61_jpg.rf.c4aa4d4ce8a5536b4522553f98884699_0.jpg,train,mata,2,16
dataset_mobilenet_ready/train/mata/mata_T4_106_jpg.rf.5cf1116d79b6ce03e5da6435a196e1d7_0.jpg,train,mata,4,14
dataset_mobilenet_ready/train/mata/mata_T2_78_jpg.rf.aa0949d85c77624e5915c851f59021f6_0.jpg,train,mata,2,16
dataset_mobilenet_ready/train/mata/mata_T17_99_jpg.rf.8a670b09c6ec67e8ffd6d4d0943fc332_1.jpg,train,mata,17,1
dataset_mobilenet_ready/train/mata/mata_T13_43_jpg.rf.97af2392a5b0af4125bf742a24ad2a17_0.jpg,train,mata,13,5
dataset_mobilenet_ready/train/mata/mata_T12_118_jpg.rf.189a12cd1e639775f4bd3f86d61e3258_0.jpg,train,mata,12,6
dataset_mobilenet_ready/train/mata/mata_T18_115_jpg.rf.6748c215a92d7d393e0aef59521629dc_0.jpg,train,mata,18,0
dataset_mobilenet_ready/train/mata/mata_T11_78_jpg.rf.8d8ab3938ec902b22bdc97e766b348fb_0.jpg,train,mata,11,7
dataset_mobilenet_ready/train/mata/mata_T17_116_jpg.rf.fadffd86d06ef47490b0b4b6007dab3f_0.jpg,train,mata,17,1
dataset_mobilenet_ready/train/mata/mata_T3_92_jpg.rf.a351783b611d9afe09b013073293eb77_0.jpg,train,mata,3,15
dataset_mobilenet_ready/train/mata/mata_T3_1_jpg.rf.f29f86522df5d137a53635c7502d30fd_0.jpg,train,mata,3,15
dataset_mobilenet_ready/train/mata/mata_T15_114_jpg.rf.32cf68f1e27172553079cc88ea5e4f14_1.jpg,train,mata,15,3
dataset_mobilenet_ready/train/mata/mata_T14_34_jpg.rf.1dfe00bbe5bcbc62dfa91db049116ec0_0.jpg,train,mata,14,4
dataset_mobilenet_ready/train/mata/mata_T10_6_jpg.rf.ce1b93aeb6790e4c5c20539632d2370c_0.jpg,train,mata,10,8
dataset_mobilenet_ready/train/mata/mata_T11_51_jpg.rf.4b29ec30be250400620a9602311d53be_0.jpg,train,mata,11,7
dataset_mobilenet_ready/train/mata/mata_T16_27_jpg.rf.7dd9f71078a5fc4bc3d1da7864fd9d19_1.jpg,train,mata,16,2
dataset_mobilenet_ready/train/mata/mata_T18_75_jpg.rf.04ece4a3d43dacb294f999ed4883ca5c_0.jpg,train,mata,18,0
dataset_mobilenet_ready/train/mata/mata_T6_98_jpg.rf.3d98ee6082ec158231b0a248f5049bd2_0.jpg,train,mata,6,12
dataset_mobilenet_ready/train/mata/mata_T12_114_jpg.rf.e03bb8fe7a76c3810850ced2111199db_0.jpg,train,mata,12,6
dataset_mobilenet_ready/train/mata/mata_T18_76_jpg.rf.6ee3f86047ed0fed95159b83c3e8c4ec_0.jpg,train,mata,18,0
dataset_mobilenet_ready/train/mata/mata_T17_60_jpg.rf.5f0f90c4da5712c9d508fb947cc7a830_1.jpg,train,mata,17,1
dataset_mobilenet_ready/train/mata/mata_T12_19_jpg.rf.a67bab9812eaf92d8ec0230f57f66396_0.jpg,train,mata,12,6
dataset_mobilenet_ready/train/mata/mata_T15_21_jpg.rf.596854b1a1fc82f4055f9cabac5b6959_0.jpg,train,mata,15,3
dataset_mobilenet_ready/train/mata/mata_T8_82_jpg.rf.8983bc973888c2f944f7779c65189639_0.jpg,train,mata,8,10
dataset_mobilenet_ready/train/mata/mata_T11_116_jpg.rf.fe070239e3c4eba03587178c560f1614_0.jpg,train,mata,11,7
dataset_mobilenet_ready/train/mata/mata_T9_124_jpg.rf.d7ca1ef82eda37629ecb140d57db4f4c_1.jpg,train,mata,9,9
dataset_mobilenet_ready/train/mata/mata_T2_24_jpg.rf.f1dfae216049d8bf11fd44a6f6df38a6_0.jpg,train,mata,2,16
dataset_mobilenet_ready/train/mata/mata_T11_73_jpg.rf.a9c4b6993ea5fba624f282ac88f64a92_0.jpg,train,mata,11,7
dataset_mobilenet_ready/train/mata/mata_T13_68_jpg.rf.523533a2d0518c821167b8a359870613_0.jpg,train,mata,13,5
dataset_mobilenet_ready/train/mata/mata_T10_112_jpg.rf.3085ac96c457cbbb8bd643af6194f4ea_0.jpg,train,mata,10,8
dataset_mobilenet_ready/train/mata/mata_T7_88_jpg.rf.fc57faa626ecdc37253c2fcd7a8c9fa4_0.jpg,train,mata,7,11
dataset_mobilenet_ready/train/mata/mata_T2_76_jpg.rf.580dbc32f2ee610e8fa458187f84a91c_0.jpg,train,mata,2,16
dataset_mobilenet_ready/train/mata/mata_T9_49_jpg.rf.82c831832c4ecad2bc271e695df92840_1.jpg,train,mata,9,9
dataset_mobilenet_ready/train/mata/mata_T17_79_jpg.rf.c4882f9680844d3294d088dfbe117577_0.jpg,train,mata,17,1
dataset_mobilenet_ready/train/mata/mata_T15_8_jpg.rf.061f5a27e19171b85e1cac1c67f76510_1.jpg,train,mata,15,3
dataset_mobilenet_ready/train/mata/mata_T8_39_jpg.rf.aee8d133c384861d4f13679ff2bc7b62_0.jpg,train,mata,8,10
dataset_mobilenet_ready/train/mata/mata_T17_19_jpg.rf.8e19aa0a09f1135a370edf8aca024ce1_1.jpg,train,mata,17,1
dataset_mobilenet_ready/train/mata/mata_T14_90_jpg.rf.e5b2470c095e9ebfb39c0192b45e9616_0.jpg,train,mata,14,4
dataset_mobilenet_ready/train/mata/mata_T7_119_jpg.rf.c7d3dfab0f2941f3927931b0e50d1391_0.jpg,train,mata,7,11
dataset_mobilenet_ready/train/mata/mata_T13_88_jpg.rf.36928604e09f435810f6bc9699c33950_0.jpg,train,mata,13,5
dataset_mobilenet_ready/train/mata/mata_T4_60_jpg.rf.ce62bf11099a7793dacd691d8bc3e624_0.jpg,train,mata,4,14
dataset_mobilenet_ready/train/mata/mata_T16_38_jpg.rf.e7af95b2ac9cfd94ec86a71435db8c3d_1.jpg,train,mata,16,2
dataset_mobilenet_ready/train/mata/mata_T8_60_jpg.rf.a3d4ec2bce0c0839edcfa70cf5b7b6e0_1.jpg,train,mata,8,10
dataset_mobilenet_ready/train/mata/mata_T7_14_jpg.rf.1cec15e300716a37ae8aa55780df89e9_0.jpg,train,mata,7,11
dataset_mobilenet_ready/train/mata/mata_T3_93_jpg.rf.1c01fe1e48cdbdc704ede824d08eb045_0.jpg,train,mata,3,15
dataset_mobilenet_ready/train/mata/mata_T13_83_jpg.rf.106d8271c58ba9e8e837ff8bd697dcea_0.jpg,train,mata,13,5
dataset_mobilenet_ready/train/mata/mata_T9_98_jpg.rf.1430c49d169cdb20cf3fc7de2b062a67_0.jpg,train,mata,9,9
dataset_mobilenet_ready/train/mata/mata_T7_90_jpg.rf.87da6d6c0bc4560bd4af43183f3210f7_0.jpg,train,mata,7,11
dataset_mobilenet_ready/train/mata/mata_T18_79_jpg.rf.8229d77afa46884c94468ee12e3baa91_0.jpg,train,mata,18,0
dataset_mobilenet_ready/train/mata/mata_T12_37_jpg.rf.acc5b1d1ffdc72b33534409abe537a39_0.jpg,train,mata,12,6
dataset_mobilenet_ready/train/mata/mata_T5_4_jpg.rf.97319654fa2b5e5871e58df5ac2bfa9f_0.jpg,train,mata,5,13
dataset_mobilenet_ready/train/mata/mata_T17_57_jpg.rf.a02986b39fe40a29ea4c97990a1e66c8_0.jpg,train,mata,17,1
dataset_mobilenet_ready/train/mata/mata_T7_49_jpg.rf.4cfa6b4021923d4761e68d539ae2c601_0.jpg,train,mata,7,11
dataset_mobilenet_ready/train/mata/mata_T12_110_jpg.rf.7cca8f1d10c3df32c1746bf4ccc383c9_0.jpg,train,mata,12,6
dataset_mobilenet_ready/train/mata/mata_T3_33_jpg.rf.dde3f99333cda2420a1e424cc8ddbbc2_0.jpg,train,mata,3,15
dataset_mobilenet_ready/train/mata/mata_T8_29_jpg.rf.8aed161f7b889b778dde99ef91433fd6_1.jpg,train,mata,8,10
dataset_mobilenet_ready/train/mata/mata_T15_85_jpg.rf.e3235eee24a328e3acd6b792327ad55b_0.jpg,train,mata,15,3
dataset_mobilenet_ready/train/mata/mata_T7_9_jpg.rf.17188aa2c5bc6e7786843e4cdd19233b_0.jpg,train,mata,7,11
dataset_mobilenet_ready/train/mata/mata_T18_30_jpg.rf.419b16c3b34fdc52427d05ea4883d0b5_1.jpg,train,mata,18,0
dataset_mobilenet_ready/train/mata/mata_T14_44_jpg.rf.6dd3b7a1b57cf54c1ecc067e6197d3df_0.jpg,train,mata,14,4
dataset_mobilenet_ready/train/mata/mata_T14_74_jpg.rf.7b1db200b8a4db15228b8ed5048ad1f8_0.jpg,train,mata,14,4
dataset_mobilenet_ready/train/mata/mata_T7_58_jpg.rf.623c0f7142334c61500c96392f967da9_1.jpg,train,mata,7,11
dataset_mobilenet_ready/train/mata/mata_T11_8_jpg.rf.5577ccfaee29a6bfd76ea63ce09920c6_0.jpg,train,mata,11,7
dataset_mobilenet_ready/train/mata/mata_T12_27_jpg.rf.c07f779a34fe9560e03b6e84fb8f2a4e_0.jpg,train,mata,12,6
dataset_mobilenet_ready/train/mata/mata_T4_27_jpg.rf.cd0dfe0e6f5ca02c0069390d2d66d7d6_0.jpg,train,mata,4,14
dataset_mobilenet_ready/train/mata/mata_T4_89_jpg.rf.10f27c8556779ae9476e34337d0f5212_0.jpg,train,mata,4,14
dataset_mobilenet_ready/train/mata/mata_T7_15_jpg.rf.c7fe156824f5a662f2bbffe447da503f_0.jpg,train,mata,7,11
dataset_mobilenet_ready/train/mata/mata_T12_103_jpg.rf.fd972a181edfecce68c4776d7574a3f7_1.jpg,train,mata,12,6
dataset_mobilenet_ready/train/mata/mata_T15_117_jpg.rf.af70ff8fc9cca82c293dbe2353cc4bc2_0.jpg,train,mata,15,3
dataset_mobilenet_ready/train/mata/mata_T17_55_jpg.rf.b51484fad8bdf9e42028f5df817c73b2_0.jpg,train,mata,17,1
dataset_mobilenet_ready/train/mata/mata_T12_71_jpg.rf.9f9905872f8eeae9295e9f37e4a317aa_1.jpg,train,mata,12,6
dataset_mobilenet_ready/train/mata/mata_T2_74_jpg.rf.3c70fa34b752e266a895cf52e471c78a_1.jpg,train,mata,2,16
dataset_mobilenet_ready/train/mata/mata_T14_48_jpg.rf.9bef003390a4a96abd3abc31f0258e98_0.jpg,train,mata,14,4
dataset_mobilenet_ready/train/mata/mata_T8_91_jpg.rf.ca1d8bcfc8729fd153a9ad07ce94bf27_1.jpg,train,mata,8,10
dataset_mobilenet_ready/train/mata/mata_T15_98_jpg.rf.9b6d59c627e10e2c07d6668c26af2ff3_0.jpg,train,mata,15,3
dataset_mobilenet_ready/train/mata/mata_T12_35_jpg.rf.9139344fda6325c721aa2e1639cc1bbd_0.jpg,train,mata,12,6
dataset_mobilenet_ready/train/mata/mata_T11_63_jpg.rf.92d044059b3ce5ecc9191746e0a49e5e_1.jpg,train,mata,11,7
dataset_mobilenet_ready/train/mata/mata_T6_74_jpg.rf.6ba367779a1863e392ce498ed41c8653_0.jpg,train,mata,6,12
dataset_mobilenet_ready/train/mata/mata_T14_33_jpg.rf.8a864529737cdc78ea9cd4ef1fd4e775_0.jpg,train,mata,14,4
dataset_mobilenet_ready/train/mata/mata_T2_51_jpg.rf.94046f574b4362e29393b69ea7049385_0.jpg,train,mata,2,16
dataset_mobilenet_ready/train/mata/mata_T8_36_jpg.rf.976a477b9b020bfdeacc6f99dd839d49_0.jpg,train,mata,8,10
dataset_mobilenet_ready/train/mata/mata_T4_6_jpg.rf.d0dfef68cf2255bff12e38ddfd737d3c_1.jpg,train,mata,4,14
dataset_mobilenet_ready/train/mata/mata_T15_1_jpg.rf.aebab4caebfb49da07adc83fcec4e9e5_0.jpg,train,mata,15,3
dataset_mobilenet_ready/train/mata/mata_T4_28_jpg.rf.a5137b9c95bf83316512a7d825c85f4e_0.jpg,train,mata,4,14
dataset_mobilenet_ready/train/mata/mata_T8_32_jpg.rf.862c74cf133292adc09b9c60535ee6ba_1.jpg,train,mata,8,10
dataset_mobilenet_ready/train/mata/mata_T16_30_jpg.rf.6ea31fa3a93a96bebe9ace6b3c104aac_1.jpg,train,mata,16,2
dataset_mobilenet_ready/train/mata/mata_T16_5_jpg.rf.8a1cfb94d26e2a37bfd2986314cc29de_0.jpg,train,mata,16,2
dataset_mobilenet_ready/train/mata/mata_T13_54_jpg.rf.81d8253e7991585b9fb1e8810821df21_0.jpg,train,mata,13,5
dataset_mobilenet_ready/train/mata/mata_T8_100_jpg.rf.e848ecff19b8772142642a295b00cf34_0.jpg,train,mata,8,10
dataset_mobilenet_ready/train/mata/mata_T12_24_jpg.rf.0f6541bf6e647a22762964057914949d_0.jpg,train,mata,12,6
dataset_mobilenet_ready/train/mata/mata_T12_76_jpg.rf.2e86205707c23b0a95ae4d6daaf74358_0.jpg,train,mata,12,6
dataset_mobilenet_ready/train/mata/mata_T4_49_jpg.rf.946060744210dd6031ae15f78aa274a1_1.jpg,train,mata,4,14
dataset_mobilenet_ready/train/mata/mata_T15_52_jpg.rf.e3e98a15cc94f755263527dc69c1262e_0.jpg,train,mata,15,3
dataset_mobilenet_ready/train/mata/mata_T18_74_jpg.rf.c1a595b8cb7145b148cf1a7dfeb75369_0.jpg,train,mata,18,0
dataset_mobilenet_ready/train/mata/mata_T9_5_jpg.rf.abc280003a9fae00ed28d10b91ac45ef_0.jpg,train,mata,9,9
dataset_mobilenet_ready/train/mata/mata_T15_46_jpg.rf.a9757a7588f289f871fae143a0d69d6d_0.jpg,train,mata,15,3
dataset_mobilenet_ready/train/mata/mata_T17_95_jpg.rf.2510bf3e06b7e793e0444e7af1d5109f_1.jpg,train,mata,17,1
dataset_mobilenet_ready/train/mata/mata_T2_119_jpg.rf.645dd232c9ccb39585bf4aa6f9beca0b_0.jpg,train,mata,2,16
dataset_mobilenet_ready/train/mata/mata_T17_84_jpg.rf.2e9a98d5291e59b6ad890dd89092638d_0.jpg,train,mata,17,1
dataset_mobilenet_ready/train/mata/mata_T5_5_jpg.rf.7e951fffba1678b65c588323edbd63e7_0.jpg,train,mata,5,13
dataset_mobilenet_ready/train/mata/mata_T15_9_jpg.rf.133a3a9d3dbfa73c6febdd87897f8fbe_0.jpg,train,mata,15,3
dataset_mobilenet_ready/train/mata/mata_T6_19_jpg.rf.c86013967e40d6857c7ac4cf3966b041_0.jpg,train,mata,6,12
dataset_mobilenet_ready/train/mata/mata_T9_112_jpg.rf.53a1e0d6a1c7959fc014ca64de1d60ee_0.jpg,train,mata,9,9
dataset_mobilenet_ready/train/mata/mata_T15_61_jpg.rf.194a9029cc2701622aace99225046422_1.jpg,train,mata,15,3
dataset_mobilenet_ready/train/mata/mata_T12_0_jpg.rf.ac459d4c8d30e4a7713084a4e7b46cf0_0.jpg,train,mata,12,6
dataset_mobilenet_ready/train/mata/mata_T7_112_jpg.rf.152d85a36ebda4850905b86f8b61f66f_0.jpg,train,mata,7,11
dataset_mobilenet_ready/train/mata/mata_T14_8_jpg.rf.a1bfc41774124664f789e8a7169e3d5e_0.jpg,train,mata,14,4
dataset_mobilenet_ready/train/mata/mata_T13_11_jpg.rf.886d44c62ddf6aeca8d32412ef4bcaa7_0.jpg,train,mata,13,5
dataset_mobilenet_ready/train/mata/mata_T8_104_jpg.rf.622e9621cea0998cd0ae9d02122d8d64_0.jpg,train,mata,8,10
dataset_mobilenet_ready/train/mata/mata_T3_14_jpg.rf.7e6aad18e012bdae6ed18598ea37c466_0.jpg,train,mata,3,15
dataset_mobilenet_ready/train/mata/mata_T13_121_jpg.rf.81dcbd04bbcd32c237d5336b9285d7b1_0.jpg,train,mata,13,5
dataset_mobilenet_ready/train/mata/mata_T18_77_jpg.rf.5329c363ed8e2d0c8ea755bf8e544363_0.jpg,train,mata,18,0
dataset_mobilenet_ready/train/mata/mata_T16_93_jpg.rf.b2c7c888f892c48b63a613d13429a6c7_1.jpg,train,mata,16,2
dataset_mobilenet_ready/train/mata/mata_T11_40_jpg.rf.eb491a98ff61334d978e1818aab0b1c2_0.jpg,train,mata,11,7
dataset_mobilenet_ready/train/mata/mata_T5_67_jpg.rf.8a2bb481c847acd6a412b0c03f24cc89_0.jpg,train,mata,5,13
dataset_mobilenet_ready/train/mata/mata_T7_33_jpg.rf.129e19b38e41481a2c100bb059edd27c_0.jpg,train,mata,7,11
dataset_mobilenet_ready/train/mata/mata_T8_75_jpg.rf.ced34a6484881c9aa85d66e61521dbea_1.jpg,train,mata,8,10
dataset_mobilenet_ready/train/mata/mata_T4_67_jpg.rf.67cf8346f0a59b1be246e3ba430663f1_0.jpg,train,mata,4,14
dataset_mobilenet_ready/train/mata/mata_T9_7_jpg.rf.314ea87f875c013ff2ee4ce474211dac_0.jpg,train,mata,9,9
dataset_mobilenet_ready/train/mata/mata_T16_58_jpg.rf.b4a78e10f50b1499f5de646107209020_0.jpg,train,mata,16,2
dataset_mobilenet_ready/train/mata/mata_T3_102_jpg.rf.bc88e0da71d3f1554b5f248654af9f59_0.jpg,train,mata,3,15
dataset_mobilenet_ready/train/mata/mata_T7_22_jpg.rf.f57e640ebb47c148a49f923e6802bbd5_0.jpg,train,mata,7,11
dataset_mobilenet_ready/train/mata/mata_T5_72_jpg.rf.5973c9ac81c78acb0195200c55397a8e_0.jpg,train,mata,5,13
dataset_mobilenet_ready/train/mata/mata_T10_38_jpg.rf.8e09218cfc24206c906f6d6ccaf2acce_0.jpg,train,mata,10,8
dataset_mobilenet_ready/train/mata/mata_T5_38_jpg.rf.8b2b7b8f271e6998a809f20c04f8ba12_0.jpg,train,mata,5,13
dataset_mobilenet_ready/train/mata/mata_T5_25_jpg.rf.7306ed520473433d2c008a753a917d79_0.jpg,train,mata,5,13
dataset_mobilenet_ready/train/mata/mata_T18_65_jpg.rf.b33e41f5782569033016643d9377655d_0.jpg,train,mata,18,0
dataset_mobilenet_ready/train/mata/mata_T2_21_jpg.rf.da0758e4483896950e3772ae339216a7_0.jpg,train,mata,2,16
dataset_mobilenet_ready/train/mata/mata_T9_13_jpg.rf.e28868b247ff38b7894fa1935464e1f1_0.jpg,train,mata,9,9
dataset_mobilenet_ready/train/mata/mata_T2_11_jpg.rf.579b9571fbde2a5d97b1275f20eab325_0.jpg,train,mata,2,16
dataset_mobilenet_ready/train/mata/mata_T12_57_jpg.rf.9dacb65ab468a31a4c1f913b7f89e64a_0.jpg,train,mata,12,6
dataset_mobilenet_ready/train/mata/mata_T11_44_jpg.rf.9a7e74f284de9fb77b5e6bdd05d23ca7_0.jpg,train,mata,11,7
dataset_mobilenet_ready/train/mata/mata_T10_83_jpg.rf.13f13d0c1a8f2ef4df9763bfb3cf6975_0.jpg,train,mata,10,8
dataset_mobilenet_ready/train/mata/mata_T4_116_jpg.rf.ecba4f149b4b98418688d41813fcf856_1.jpg,train,mata,4,14
dataset_mobilenet_ready/train/mata/mata_T2_92_jpg.rf.79de1fcbcd6c4f9feeb665a0120c1247_0.jpg,train,mata,2,16
dataset_mobilenet_ready/train/mata/mata_T4_34_jpg.rf.9746d22713949306bde3bdf05e022e6e_0.jpg,train,mata,4,14
dataset_mobilenet_ready/train/mata/mata_T7_116_jpg.rf.e96e3dc22a8f3d2a1490d311cc9455b9_0.jpg,train,mata,7,11
dataset_mobilenet_ready/train/mata/mata_T7_10_jpg.rf.e885f4e9ec3b720139991a8f4f33f961_0.jpg,train,mata,7,11
dataset_mobilenet_ready/train/mata/mata_T9_115_jpg.rf.b9b9ed66c72677df722c61befd1a5800_0.jpg,train,mata,9,9
dataset_mobilenet_ready/train/mata/mata_T5_123_jpg.rf.472300214d37f5732a2a86344b0aa07b_0.jpg,train,mata,5,13
dataset_mobilenet_ready/train/mata/mata_T4_40_jpg.rf.8e3f93baca7272bad3a06b691562ee70_0.jpg,train,mata,4,14
dataset_mobilenet_ready/train/mata/mata_T6_50_jpg.rf.c4806c1aadd8b9fd9c79e8572193f7a5_1.jpg,train,mata,6,12
dataset_mobilenet_ready/train/mata/mata_T7_77_jpg.rf.a59780053266c6e4a45f1baf654a25e0_0.jpg,train,mata,7,11
dataset_mobilenet_ready/train/mata/mata_T18_41_jpg.rf.fab317b6c202ccee3eded888b4e5088a_0.jpg,train,mata,18,0
dataset_mobilenet_ready/train/mata/mata_T3_70_jpg.rf.a0cfd2ca37bb8848874547d37de8ea89_0.jpg,train,mata,3,15
dataset_mobilenet_ready/train/mata/mata_T6_5_jpg.rf.34c9b54a65c16efef88e663856146390_0.jpg,train,mata,6,12
dataset_mobilenet_ready/train/mata/mata_T10_19_jpg.rf.d04860097373a296e3fe916eb2f9de6c_0.jpg,train,mata,10,8
dataset_mobilenet_ready/train/mata/mata_T14_70_jpg.rf.17ceea33d61093c48ed4d2cd3f2254ac_1.jpg,train,mata,14,4
dataset_mobilenet_ready/train/mata/mata_T10_86_jpg.rf.6aabd28f9ea57737292423b79500cc86_0.jpg,train,mata,10,8
dataset_mobilenet_ready/train/mata/mata_T12_51_jpg.rf.837e307cbe5ce2cbfe613cddd5994766_1.jpg,train,mata,12,6
dataset_mobilenet_ready/train/mata/mata_T15_100_jpg.rf.6cb054c57c9c9504022712aa93a95fac_0.jpg,train,mata,15,3
dataset_mobilenet_ready/train/mata/mata_T3_115_jpg.rf.eea4b092678c21db23fb1d5dc1280afc_0.jpg,train,mata,3,15
dataset_mobilenet_ready/train/mata/mata_T8_70_jpg.rf.9a86f2ad37d191c21d75b50255973aa4_0.jpg,train,mata,8,10
dataset_mobilenet_ready/train/mata/mata_T12_106_jpg.rf.cd299a3e4adbb5d53476c24b7d5ab83d_0.jpg,train,mata,12,6
dataset_mobilenet_ready/train/mata/mata_T8_119_jpg.rf.2b386a11c9c7e21aca8e82b5fa543440_1.jpg,train,mata,8,10
dataset_mobilenet_ready/train/mata/mata_T11_115_jpg.rf.85db95d5737ecaa77fa81e463b952cbe_0.jpg,train,mata,11,7
dataset_mobilenet_ready/train/mata/mata_T4_66_jpg.rf.4bc0a71dbaa16513e70631a11d0edc0b_1.jpg,train,mata,4,14
dataset_mobilenet_ready/train/mata/mata_T10_73_jpg.rf.a533f96ba1d74c63632251f46fc4d2c1_0.jpg,train,mata,10,8
dataset_mobilenet_ready/train/mata/mata_T7_107_jpg.rf.aa8b24490b68b38dc3c946fd3cb0e511_0.jpg,train,mata,7,11
dataset_mobilenet_ready/train/mata/mata_T17_15_jpg.rf.cb1fb13adb382eb72e9336e69353fc63_0.jpg,train,mata,17,1
dataset_mobilenet_ready/train/mata/mata_T14_69_jpg.rf.2be938408667194d9ff99876bb48039a_1.jpg,train,mata,14,4
dataset_mobilenet_ready/train/mata/mata_T7_11_jpg.rf.07620e8bd21bb9b5181a015c380b7cf5_1.jpg,train,mata,7,11
dataset_mobilenet_ready/train/mata/mata_T4_111_jpg.rf.5670e213dcae6cbc7971d8afaa32c45a_1.jpg,train,mata,4,14
dataset_mobilenet_ready/train/mata/mata_T9_83_jpg.rf.da8fff0af760ee169ec16356605ba10c_1.jpg,train,mata,9,9
dataset_mobilenet_ready/train/mata/mata_T8_102_jpg.rf.0dde0ef1b05cfedb74688c1b972fca43_0.jpg,train,mata,8,10
dataset_mobilenet_ready/train/mata/mata_T6_42_jpg.rf.3338bd2964e58bbcaedc69e012ed87c2_0.jpg,train,mata,6,12
dataset_mobilenet_ready/train/mata/mata_T17_35_jpg.rf.45b5ade7b6673e7503b07fae7740e437_0.jpg,train,mata,17,1
dataset_mobilenet_ready/train/mata/mata_T8_87_jpg.rf.0d06f884176bfbd58cdd94587b337998_0.jpg,train,mata,8,10
dataset_mobilenet_ready/train/mata/mata_T12_6_jpg.rf.e77f64160814796d32610db0d97226ef_0.jpg,train,mata,12,6
dataset_mobilenet_ready/train/mata/mata_T4_59_jpg.rf.0d7f84711de1c17180ecc66ba1882c6a_0.jpg,train,mata,4,14
dataset_mobilenet_ready/train/mata/mata_T12_21_jpg.rf.11ff429daeb07d71463ac5573ee63a0c_0.jpg,train,mata,12,6
dataset_mobilenet_ready/train/mata/mata_T13_37_jpg.rf.90fcb8c1d54431c19f18e14f5750b36b_1.jpg,train,mata,13,5
dataset_mobilenet_ready/train/mata/mata_T12_43_jpg.rf.a896f5c2862cb82397695d7d3924a095_0.jpg,train,mata,12,6
dataset_mobilenet_ready/train/mata/mata_T10_44_jpg.rf.45d2f6ce59125033f850cbb09115d0ed_0.jpg,train,mata,10,8
dataset_mobilenet_ready/train/mata/mata_T3_16_jpg.rf.491a250cfbcc5875b2f03577dde107a0_0.jpg,train,mata,3,15
dataset_mobilenet_ready/train/mata/mata_T6_94_jpg.rf.5a329981dd4b5faf6c075b33c4027e2c_0.jpg,train,mata,6,12
dataset_mobilenet_ready/train/mata/mata_T2_117_jpg.rf.c4dd0bdfed0e830970b4a9a0a8b7f3de_0.jpg,train,mata,2,16
dataset_mobilenet_ready/train/mata/mata_T12_34_jpg.rf.b6b43fa1f284a01538ad81e955491f3f_0.jpg,train,mata,12,6
dataset_mobilenet_ready/train/mata/mata_T11_9_jpg.rf.bc7c406f4285d1ba70e0d20ca9abb7b1_0.jpg,train,mata,11,7
dataset_mobilenet_ready/train/mata/mata_T16_61_jpg.rf.3f07ac1851d8a80262dba583ae56d9b7_0.jpg,train,mata,16,2
dataset_mobilenet_ready/train/mata/mata_T6_43_jpg.rf.035ebe22d544ff3de360652acef1d928_0.jpg,train,mata,6,12
dataset_mobilenet_ready/train/mata/mata_T12_65_jpg.rf.f20a5f690d20ce36c23181e76c137a9d_1.jpg,train,mata,12,6
dataset_mobilenet_ready/train/mata/mata_T14_12_jpg.rf.cd38a87349dffd74a7f5d5121c9b9402_0.jpg,train,mata,14,4
dataset_mobilenet_ready/train/mata/mata_T6_49_jpg.rf.bac3db42e7e1519260c35dd5aae1825b_1.jpg,train,mata,6,12
dataset_mobilenet_ready/train/mata/mata_T14_6_jpg.rf.0736d5385c9078b5fc34a3a1faecf4b4_0.jpg,train,mata,14,4
dataset_mobilenet_ready/train/mata/mata_T2_116_jpg.rf.b85872a82354e3754580881b0ac13af5_0.jpg,train,mata,2,16
dataset_mobilenet_ready/train/mata/mata_T15_10_jpg.rf.b0207eba2af927724a2bed0e55d03bf1_1.jpg,train,mata,15,3
dataset_mobilenet_ready/train/mata/mata_T4_74_jpg.rf.c0d2c2422cf4d1b75c2a67e5b8bb0356_0.jpg,train,mata,4,14
dataset_mobilenet_ready/train/mata/mata_T18_27_jpg.rf.835f53071e00824271a1a682af5719bc_0.jpg,train,mata,18,0
dataset_mobilenet_ready/train/mata/mata_T2_40_jpg.rf.f59f62a7bdd04e8393c3da5dda612aeb_0.jpg,train,mata,2,16
dataset_mobilenet_ready/train/mata/mata_T15_20_jpg.rf.5bf8d53907d62726d0ad02f4e1817d2b_0.jpg,train,mata,15,3
dataset_mobilenet_ready/train/mata/mata_T9_93_jpg.rf.43975078a059ad4617242dd91dc1aa26_1.jpg,train,mata,9,9
dataset_mobilenet_ready/train/mata/mata_T2_28_jpg.rf.1fe5cc63281663258fd22aa1374e1f00_0.jpg,train,mata,2,16
dataset_mobilenet_ready/train/mata/mata_T15_34_jpg.rf.ac93ca95e7f9f0fedd770135617f304c_0.jpg,train,mata,15,3
dataset_mobilenet_ready/train/mata/mata_T5_28_jpg.rf.24d3b9e3c391e0c73705fe0c464d8c48_0.jpg,train,mata,5,13
dataset_mobilenet_ready/train/mata/mata_T4_4_jpg.rf.66a500ed464667b46356ec368a6777a4_1.jpg,train,mata,4,14
dataset_mobilenet_ready/train/mata/mata_T16_115_jpg.rf.b2bf19776363af87b6f48ddf3c47b78d_0.jpg,train,mata,16,2
dataset_mobilenet_ready/train/mata/mata_T12_73_jpg.rf.435e331b96227cac76476c031dfe5ddd_0.jpg,train,mata,12,6
dataset_mobilenet_ready/train/mata/mata_T11_55_jpg.rf.d49349b0a01f6212599e3337ae2338d1_1.jpg,train,mata,11,7
dataset_mobilenet_ready/train/mata/mata_T16_43_jpg.rf.6fc678efe08e6060440b383090bac0eb_0.jpg,train,mata,16,2
dataset_mobilenet_ready/train/mata/mata_T5_122_jpg.rf.496e50d0a35bf2ed3a14380f64ca7863_0.jpg,train,mata,5,13
dataset_mobilenet_ready/train/mata/mata_T15_70_jpg.rf.920f66687e16ff6fa772083efd343ac8_0.jpg,train,mata,15,3
dataset_mobilenet_ready/train/mata/mata_T12_48_jpg.rf.60b5d28574dfba65a12eb4dc6b5f71e0_0.jpg,train,mata,12,6
dataset_mobilenet_ready/train/mata/mata_T10_110_jpg.rf.510e25b26a663a432059da7dc4d97005_1.jpg,train,mata,10,8
dataset_mobilenet_ready/train/mata/mata_T5_105_jpg.rf.30bf9b720fa2b684adcdf7bd677d06af_1.jpg,train,mata,5,13
dataset_mobilenet_ready/train/mata/mata_T17_44_jpg.rf.0cca48711c6037585440c34649477808_0.jpg,train,mata,17,1
dataset_mobilenet_ready/train/mata/mata_T16_14_jpg.rf.026aace3657485e57213af905f3b8c7f_0.jpg,train,mata,16,2
dataset_mobilenet_ready/train/mata/mata_T12_47_jpg.rf.f3706a3813e9348c0cff8c7a7bc18e3d_1.jpg,train,mata,12,6
dataset_mobilenet_ready/train/mata/mata_T12_102_jpg.rf.2d2127247804d6c3da6814d959f62149_1.jpg,train,mata,12,6
dataset_mobilenet_ready/train/mata/mata_T13_81_jpg.rf.2c66ea65a76cb316736f80805600940b_0.jpg,train,mata,13,5
dataset_mobilenet_ready/train/mata/mata_T12_38_jpg.rf.ca41ec4c158f8cc7fd73cbb204f94f3c_0.jpg,train,mata,12,6
dataset_mobilenet_ready/train/mata/mata_T17_81_jpg.rf.5f4e54a10f351532c6c62cd637cd0b7d_0.jpg,train,mata,17,1
dataset_mobilenet_ready/train/mata/mata_T6_38_jpg.rf.f8435589bfe71268e2d64e8a08feaedd_0.jpg,train,mata,6,12
dataset_mobilenet_ready/train/mata/mata_T14_24_jpg.rf.a56169855d3514124f33fb19b9d207a8_0.jpg,train,mata,14,4
dataset_mobilenet_ready/train/mata/mata_T18_109_jpg.rf.50b20c35269b404e89a95484532bd01a_1.jpg,train,mata,18,0
dataset_mobilenet_ready/train/mata/mata_T5_113_jpg.rf.e4fd99d4d89be5e6bd6bc6d694224364_1.jpg,train,mata,5,13
dataset_mobilenet_ready/train/mata/mata_T5_51_jpg.rf.de3e9614827da513c8d1006d229ed2c0_0.jpg,train,mata,5,13
dataset_mobilenet_ready/train/mata/mata_T13_61_jpg.rf.26a4c7753c0389898c05179ef7557b19_1.jpg,train,mata,13,5
dataset_mobilenet_ready/train/mata/mata_T5_108_jpg.rf.dde578d1c97cbf2dd24ed137d42f8277_0.jpg,train,mata,5,13
dataset_mobilenet_ready/train/mata/mata_T17_50_jpg.rf.4bf8ef664c9b4e83e5881094d190e126_1.jpg,train,mata,17,1
dataset_mobilenet_ready/train/mata/mata_T3_51_jpg.rf.2f59e21cb1f09df404d189c4d5d632e8_1.jpg,train,mata,3,15
dataset_mobilenet_ready/train/mata/mata_T2_121_jpg.rf.76057452e10b1085bb3c7fced632b771_0.jpg,train,mata,2,16
dataset_mobilenet_ready/train/mata/mata_T18_57_jpg.rf.0c595d434c6b0e137f81217616c1c7eb_1.jpg,train,mata,18,0
dataset_mobilenet_ready/train/mata/mata_T13_113_jpg.rf.efe7946bb9bdd1deb686389c088f7541_1.jpg,train,mata,13,5
dataset_mobilenet_ready/train/mata/mata_T17_49_jpg.rf.29cb95058ecb7adec98e5b61845ea68d_1.jpg,train,mata,17,1
dataset_mobilenet_ready/train/mata/mata_T8_84_jpg.rf.448b8de635552b1a0506154ebb4496be_0.jpg,train,mata,8,10
dataset_mobilenet_ready/train/mata/mata_T2_18_jpg.rf.9bf4a9a5513033611d1fbc5b6790636c_0.jpg,train,mata,2,16
dataset_mobilenet_ready/train/mata/mata_T11_117_jpg.rf.b0fec9d96c9cef66d96ecc5dccfec624_0.jpg,train,mata,11,7
dataset_mobilenet_ready/train/mata/mata_T17_6_jpg.rf.13173a1887a5379b2097f161d663830b_0.jpg,train,mata,17,1
dataset_mobilenet_ready/train/mata/mata_T5_19_jpg.rf.c1cd0e30eb73c2d22a41e591bf870e6a_1.jpg,train,mata,5,13
dataset_mobilenet_ready/train/mata/mata_T2_99_jpg.rf.2a362b5ce8d69fc0ff4f49c037beabd1_1.jpg,train,mata,2,16
dataset_mobilenet_ready/train/mata/mata_T15_84_jpg.rf.22942997748583436277b3adc1022163_0.jpg,train,mata,15,3
dataset_mobilenet_ready/train/mata/mata_T5_109_jpg.rf.163027f9253c95874f71a82b56669b09_0.jpg,train,mata,5,13
dataset_mobilenet_ready/train/mata/mata_T12_62_jpg.rf.1c37f6d816705df2971ae193633379f5_0.jpg,train,mata,12,6
dataset_mobilenet_ready/train/mata/mata_T14_47_jpg.rf.7bfc9a83217e97a723300e232a31f437_0.jpg,train,mata,14,4
dataset_mobilenet_ready/train/mata/mata_T15_106_jpg.rf.de00a45fe0925877dd9270a526fc816e_1.jpg,train,mata,15,3
dataset_mobilenet_ready/train/mata/mata_T3_73_jpg.rf.29c1185d08b47a1f72d84a29ed4c7a6b_0.jpg,train,mata,3,15
dataset_mobilenet_ready/train/mata/mata_T18_12_jpg.rf.b37590ac18260beac16bb1f2918587ea_0.jpg,train,mata,18,0
dataset_mobilenet_ready/train/mata/mata_T6_108_jpg.rf.b6c0b1254341def2eed8d0323ce47f3d_0.jpg,train,mata,6,12
dataset_mobilenet_ready/train/mata/mata_T13_21_jpg.rf.63c6117fbbb27a41750e54fbfb47f39a_0.jpg,train,mata,13,5
dataset_mobilenet_ready/train/mata/mata_T13_33_jpg.rf.703c1b5e3556ab662d18d076f6d3b61a_0.jpg,train,mata,13,5
dataset_mobilenet_ready/train/mata/mata_T7_60_jpg.rf.96a6fab2c4069e4dfb61c80074a0ee21_0.jpg,train,mata,7,11
dataset_mobilenet_ready/train/mata/mata_T3_9_jpg.rf.ff687520d7019af4e209599c8e7dc879_0.jpg,train,mata,3,15
dataset_mobilenet_ready/train/mata/mata_T9_8_jpg.rf.3a3ad7c96b48cb69a983275d9266d20d_0.jpg,train,mata,9,9
dataset_mobilenet_ready/train/mata/mata_T8_83_jpg.rf.5ed93c6031362c6389f8140dc4780434_0.jpg,train,mata,8,10
dataset_mobilenet_ready/train/mata/mata_T14_36_jpg.rf.79bab0205714de1efd5e7bd82d1e4511_0.jpg,train,mata,14,4
dataset_mobilenet_ready/train/mata/mata_T15_68_jpg.rf.0bf5ce364bb7ed78355de4f19feb8293_0.jpg,train,mata,15,3
dataset_mobilenet_ready/train/mata/mata_T2_37_jpg.rf.0afd6829c90cf7b1747780b9f8355a14_0.jpg,train,mata,2,16
dataset_mobilenet_ready/train/mata/mata_T14_71_jpg.rf.6ccf01d5a609aee7a6ce8fe37a9a012a_1.jpg,train,mata,14,4
dataset_mobilenet_ready/train/mata/mata_T7_124_jpg.rf.515e22f52e391794a3841a1f6c88cc94_0.jpg,train,mata,7,11
dataset_mobilenet_ready/train/mata/mata_T3_24_jpg.rf.e8089f813de225239be7c13ab2304eb9_1.jpg,train,mata,3,15
dataset_mobilenet_ready/train/mata/mata_T2_39_jpg.rf.a9d13f599d6ad0f80f4bc5a142448016_0.jpg,train,mata,2,16
dataset_mobilenet_ready/train/mata/mata_T5_30_jpg.rf.2d13a1013e728e36f073dc7e7f01fe1a_0.jpg,train,mata,5,13
dataset_mobilenet_ready/train/mata/mata_T17_117_jpg.rf.7ab26ac5560623231592b47167538951_0.jpg,train,mata,17,1
dataset_mobilenet_ready/train/mata/mata_T4_101_jpg.rf.08870296ef7be7f3f285d9e8ed2f2043_1.jpg,train,mata,4,14
dataset_mobilenet_ready/train/mata/mata_T7_6_jpg.rf.359ceab1083112d87b0e7ae6bbb07148_0.jpg,train,mata,7,11
dataset_mobilenet_ready/train/mata/mata_T10_16_jpg.rf.6ec024e40b277d4a3f2c73dc82fc62ef_0.jpg,train,mata,10,8
dataset_mobilenet_ready/train/mata/mata_T18_98_jpg.rf.8d34c969f75a34a91765171fb42ca3a7_0.jpg,train,mata,18,0
dataset_mobilenet_ready/train/mata/mata_T4_57_jpg.rf.7091daf9f350356dea3618c8ecdf3dfc_0.jpg,train,mata,4,14
dataset_mobilenet_ready/train/mata/mata_T9_35_jpg.rf.fa22b6d0afa6f95c123875be19843ea6_0.jpg,train,mata,9,9
dataset_mobilenet_ready/train/mata/mata_T11_7_jpg.rf.2d77b0c7418e53de321956d636faab65_0.jpg,train,mata,11,7
dataset_mobilenet_ready/train/mata/mata_T11_45_jpg.rf.e27f3db07411a06220fa93b0891cd36f_1.jpg,train,mata,11,7
dataset_mobilenet_ready/train/mata/mata_T12_54_jpg.rf.1f8da7c0197c20f71c2c9d7c55fc8d5b_1.jpg,train,mata,12,6
dataset_mobilenet_ready/train/mata/mata_T5_74_jpg.rf.8020472a64c84c6935348fb87e916d89_0.jpg,train,mata,5,13
dataset_mobilenet_ready/train/mata/mata_T10_101_jpg.rf.331d823b4dcc11930cfa0c4efb73eceb_0.jpg,train,mata,10,8
dataset_mobilenet_ready/train/mata/mata_T3_76_jpg.rf.6ae223cb2e18355414ccfa2d16a50aad_0.jpg,train,mata,3,15
dataset_mobilenet_ready/train/mata/mata_T2_101_jpg.rf.e0f28544c51592cdd88188cf766260c5_0.jpg,train,mata,2,16
dataset_mobilenet_ready/train/mata/mata_T15_71_jpg.rf.6ca6b46ff10c55c48f9d014a1368030e_0.jpg,train,mata,15,3
dataset_mobilenet_ready/train/mata/mata_T16_107_jpg.rf.019795593e6c5dce6ea21eda32a5ebe2_0.jpg,train,mata,16,2
dataset_mobilenet_ready/train/mata/mata_T3_114_jpg.rf.419594b1102e214a15459571a37933ee_0.jpg,train,mata,3,15
dataset_mobilenet_ready/train/mata/mata_T4_30_jpg.rf.2b2c8a81403ac5fc2c3dc9c4cc1e0937_0.jpg,train,mata,4,14
dataset_mobilenet_ready/train/mata/mata_T16_91_jpg.rf.fd9d15e8290e9fe00f9d37de2f8446a7_1.jpg,train,mata,16,2
dataset_mobilenet_ready/train/mata/mata_T16_26_jpg.rf.8c820a6b0644c32c1ad6234cd2d6f827_1.jpg,train,mata,16,2
dataset_mobilenet_ready/train/mata/mata_T18_50_jpg.rf.b2dceeaba997dfc663b4fc9458788395_1.jpg,train,mata,18,0
dataset_mobilenet_ready/train/mata/mata_T8_93_jpg.rf.7ddc9a16f932fd95f799ae8ab9903cda_1.jpg,train,mata,8,10
dataset_mobilenet_ready/train/mata/mata_T15_99_jpg.rf.aaaff791090bac79f663ed6610ef533d_0.jpg,train,mata,15,3
dataset_mobilenet_ready/train/mata/mata_T11_32_jpg.rf.5bf3dc281a5e6cc85bc86a54742fce91_0.jpg,train,mata,11,7
dataset_mobilenet_ready/train/mata/mata_T12_111_jpg.rf.37fb3a1eb5a1e8c5d408e550676dd1c5_0.jpg,train,mata,12,6
dataset_mobilenet_ready/train/mata/mata_T15_77_jpg.rf.3146db449203726dd8d33d57a9b6efc7_0.jpg,train,mata,15,3
dataset_mobilenet_ready/train/mata/mata_T4_62_jpg.rf.4b57df4e4024683bfd8e45eddf1f0c48_0.jpg,train,mata,4,14
dataset_mobilenet_ready/train/mata/mata_T16_37_jpg.rf.69f44ff5e441578ba91d4f308b0a24c9_0.jpg,train,mata,16,2
dataset_mobilenet_ready/train/mata/mata_T6_123_jpg.rf.eaa55cb3993a6454661371e458d76f34_0.jpg,train,mata,6,12
dataset_mobilenet_ready/train/mata/mata_T4_93_jpg.rf.e36880c7bcdd649ca27f15e6d2c708eb_0.jpg,train,mata,4,14
dataset_mobilenet_ready/train/mata/mata_T17_56_jpg.rf.a576686e3e13bf90ef37225f8253a744_0.jpg,train,mata,17,1
dataset_mobilenet_ready/train/mata/mata_T14_67_jpg.rf.ac2ddbdf5fe1d19db6aaaabf86b97c28_0.jpg,train,mata,14,4
dataset_mobilenet_ready/train/mata/mata_T14_30_jpg.rf.f54f1c14a6d760e4acd8852003f49297_1.jpg,train,mata,14,4
dataset_mobilenet_ready/train/mata/mata_T11_59_jpg.rf.d14ab6f167e71a55cd1e90583a78af5f_1.jpg,train,mata,11,7
dataset_mobilenet_ready/train/mata/mata_T16_0_jpg.rf.14d14a98d6614089baf18797e8691c14_0.jpg,train,mata,16,2
dataset_mobilenet_ready/train/mata/mata_T18_17_jpg.rf.ef6fc7170be00d002491168759f6c448_0.jpg,train,mata,18,0
dataset_mobilenet_ready/train/mata/mata_T16_7_jpg.rf.7559cae0750ef84401a02fd677b0389a_0.jpg,train,mata,16,2
dataset_mobilenet_ready/train/mata/mata_T9_84_jpg.rf.4d55ba3c341b9faf9963be2cd9a94506_0.jpg,train,mata,9,9
dataset_mobilenet_ready/train/mata/mata_T14_4_jpg.rf.d914c1d86f2277bccab0f217580eb4f4_1.jpg,train,mata,14,4
dataset_mobilenet_ready/train/mata/mata_T10_48_jpg.rf.d8883bd185b92ca0b575f9861e821b5b_0.jpg,train,mata,10,8
dataset_mobilenet_ready/train/mata/mata_T16_2_jpg.rf.a2a15aa7e8cbd33bc555ecea3dcec696_0.jpg,train,mata,16,2
dataset_mobilenet_ready/train/mata/mata_T6_101_jpg.rf.add2f00b40c2456df2fe1ba380510df7_0.jpg,train,mata,6,12
dataset_mobilenet_ready/train/mata/mata_T5_101_jpg.rf.ed02a73cdc36b42a800cc606e9afd082_0.jpg,train,mata,5,13
dataset_mobilenet_ready/train/mata/mata_T2_44_jpg.rf.14cb20ff9fa9516ea8912868866722bd_0.jpg,train,mata,2,16
dataset_mobilenet_ready/train/mata/mata_T2_2_jpg.rf.95fee08c8ee1a0bbb990e0fa25ce8d0f_1.jpg,train,mata,2,16
dataset_mobilenet_ready/train/mata/mata_T11_79_jpg.rf.00321c5b1532b095f8cac372102df502_0.jpg,train,mata,11,7
dataset_mobilenet_ready/train/mata/mata_T12_86_jpg.rf.48246fa15ac3232476e4785c5788dad6_0.jpg,train,mata,12,6
dataset_mobilenet_ready/train/mata/mata_T6_66_jpg.rf.d62bff0b98da415e91c3f0eae85dd682_0.jpg,train,mata,6,12
dataset_mobilenet_ready/train/mata/mata_T8_16_jpg.rf.5303d0a95c2d0095cc21c01f009a8fc1_1.jpg,train,mata,8,10
dataset_mobilenet_ready/train/mata/mata_T7_75_jpg.rf.88f577c3888582e138788deb4217508b_0.jpg,train,mata,7,11
dataset_mobilenet_ready/train/mata/mata_T14_112_jpg.rf.9db9177a06fc1dfb24abe486648f8c04_0.jpg,train,mata,14,4
dataset_mobilenet_ready/train/mata/mata_T10_102_jpg.rf.d788cfa90747c6ca97dca02f9a0bff2a_0.jpg,train,mata,10,8
dataset_mobilenet_ready/train/mata/mata_T16_71_jpg.rf.634adfbddbab3e8feac7084a6e8c9a5b_1.jpg,train,mata,16,2
dataset_mobilenet_ready/train/mata/mata_T7_7_jpg.rf.5ba50f7beb0466f4c132a6376f034b65_0.jpg,train,mata,7,11
dataset_mobilenet_ready/train/mata/mata_T18_54_jpg.rf.8b7f061c347c35b473c5f4f0b9535e55_0.jpg,train,mata,18,0
dataset_mobilenet_ready/train/mata/mata_T15_44_jpg.rf.a0eefc0eb6e28aa2b450dd63ce904b9c_0.jpg,train,mata,15,3
dataset_mobilenet_ready/train/mata/mata_T6_69_jpg.rf.bd44be506df260d981655e4b3b127a1d_0.jpg,train,mata,6,12
dataset_mobilenet_ready/train/mata/mata_T9_87_jpg.rf.28c0eb5a37cd222f645be37426152c76_1.jpg,train,mata,9,9
dataset_mobilenet_ready/train/mata/mata_T5_112_jpg.rf.027c61f44f1918735480254fa0f49fda_0.jpg,train,mata,5,13
dataset_mobilenet_ready/train/mata/mata_T3_79_jpg.rf.1123be7fcda2f8bc30451ce85db3051e_0.jpg,train,mata,3,15
dataset_mobilenet_ready/train/mata/mata_T12_122_jpg.rf.464b22699a57778d160c5f2d9749329a_0.jpg,train,mata,12,6
dataset_mobilenet_ready/train/mata/mata_T17_42_jpg.rf.4db3afd8bd5aa0a36e94b9d4d6cb5912_1.jpg,train,mata,17,1
dataset_mobilenet_ready/train/mata/mata_T11_122_jpg.rf.7132cb56e382de9b41e9ca5d84332e1f_0.jpg,train,mata,11,7
dataset_mobilenet_ready/train/mata/mata_T5_64_jpg.rf.2b1fde122f08a3e7b1cbb1abcf95f16a_0.jpg,train,mata,5,13
dataset_mobilenet_ready/train/mata/mata_T3_63_jpg.rf.b27b5610b10a38fa5a45d28c6d169caf_0.jpg,train,mata,3,15
dataset_mobilenet_ready/train/mata/mata_T2_72_jpg.rf.8089da453bfdf0c114796e98e529a9a2_0.jpg,train,mata,2,16
dataset_mobilenet_ready/train/mata/mata_T8_114_jpg.rf.0342f980ee140e3e41c1e07399cc76d8_1.jpg,train,mata,8,10
dataset_mobilenet_ready/train/mata/mata_T5_46_jpg.rf.7277622a9943413e49a2fd379bb77f0b_0.jpg,train,mata,5,13
dataset_mobilenet_ready/train/mata/mata_T9_63_jpg.rf.48c26a2fdea823f429710e598f98a2f4_0.jpg,train,mata,9,9
dataset_mobilenet_ready/train/mata/mata_T10_106_jpg.rf.cb50e9f1170c5e0a65a973a3737d4cb0_1.jpg,train,mata,10,8
dataset_mobilenet_ready/train/mata/mata_T10_111_jpg.rf.bec28402c7d045d53cf4ee6aa01a26d0_1.jpg,train,mata,10,8
dataset_mobilenet_ready/train/mata/mata_T7_87_jpg.rf.d72b03b6ced096995c1f13a415c7e94b_0.jpg,train,mata,7,11
dataset_mobilenet_ready/train/mata/mata_T9_88_jpg.rf.4f7f8e05c0384182a3011c6c9c4e6cd4_0.jpg,train,mata,9,9
dataset_mobilenet_ready/train/mata/mata_T2_67_jpg.rf.07897bd0c3fa361fe4ced0a1737ee4aa_0.jpg,train,mata,2,16
dataset_mobilenet_ready/train/mata/mata_T3_15_jpg.rf.df036cc71d0b013b1443b52cfc135ef4_1.jpg,train,mata,3,15
dataset_mobilenet_ready/train/mata/mata_T7_41_jpg.rf.ba7b4b194f911d0b01a04bbad34150c9_1.jpg,train,mata,7,11
dataset_mobilenet_ready/train/mata/mata_T2_109_jpg.rf.07b53bb45df7106aa57e99f957cb68e1_1.jpg,train,mata,2,16
dataset_mobilenet_ready/train/mata/mata_T12_58_jpg.rf.87aa79608030452de3a941158f048fad_0.jpg,train,mata,12,6
dataset_mobilenet_ready/train/mata/mata_T7_97_jpg.rf.0d4b89f93582538c8981a12f1097aafc_0.jpg,train,mata,7,11
dataset_mobilenet_ready/train/mata/mata_T11_72_jpg.rf.2cd55d885cf36b936583244789d90bbc_0.jpg,train,mata,11,7
dataset_mobilenet_ready/train/mata/mata_T17_102_jpg.rf.9bb7950dee9a826b09913ce6d01008a8_1.jpg,train,mata,17,1
dataset_mobilenet_ready/train/insang/insang_T13_48_jpg.rf.4af5c21ce3632d6a46a612630323d296_1.jpg,train,insang,13,5
dataset_mobilenet_ready/train/insang/insang_T5_32_jpg.rf.bd4c33960cf433863e4c2157cd6d527b_1.jpg,train,insang,5,13
dataset_mobilenet_ready/train/insang/insang_T16_123_jpg.rf.69032aafcacb4a0e37c039c87106e329_0.jpg,train,insang,16,2
dataset_mobilenet_ready/train/insang/insang_T16_27_jpg.rf.7dd9f71078a5fc4bc3d1da7864fd9d19_0.jpg,train,insang,16,2
dataset_mobilenet_ready/train/insang/insang_T14_30_jpg.rf.f54f1c14a6d760e4acd8852003f49297_0.jpg,train,insang,14,4
dataset_mobilenet_ready/train/insang/insang_T15_21_jpg.rf.596854b1a1fc82f4055f9cabac5b6959_1.jpg,train,insang,15,3
dataset_mobilenet_ready/train/insang/insang_T11_8_jpg.rf.5577ccfaee29a6bfd76ea63ce09920c6_1.jpg,train,insang,11,7
dataset_mobilenet_ready/train/insang/insang_T16_23_jpg.rf.c2b3167c57baf8b41c6b14ebd28b62f7_1.jpg,train,insang,16,2
dataset_mobilenet_ready/train/insang/insang_T13_81_jpg.rf.2c66ea65a76cb316736f80805600940b_1.jpg,train,insang,13,5
dataset_mobilenet_ready/train/insang/insang_T2_28_jpg.rf.1fe5cc63281663258fd22aa1374e1f00_1.jpg,train,insang,2,16
dataset_mobilenet_ready/train/insang/insang_T16_54_jpg.rf.eff5da4cc757cb7e59d6baaf3ec9161f_1.jpg,train,insang,16,2
dataset_mobilenet_ready/train/insang/insang_T14_116_jpg.rf.0284cb774a174424cd10200ddf3047a6_1.jpg,train,insang,14,4
dataset_mobilenet_ready/train/insang/insang_T8_55_jpg.rf.4e7653520b7660c0e146eea26493b206_1.jpg,train,insang,8,10
dataset_mobilenet_ready/train/insang/insang_T18_30_jpg.rf.419b16c3b34fdc52427d05ea4883d0b5_0.jpg,train,insang,18,0
dataset_mobilenet_ready/train/insang/insang_T12_36_jpg.rf.b7a44362d51d6e965c1ba4d4c9d3e202_1.jpg,train,insang,12,6
dataset_mobilenet_ready/train/insang/insang_T11_36_jpg.rf.593e425262d76f0a073ad9a15d95b895_1.jpg,train,insang,11,7
dataset_mobilenet_ready/train/insang/insang_T14_45_jpg.rf.6dbaa4faaa1a6597c9df688f772051d3_1.jpg,train,insang,14,4
dataset_mobilenet_ready/train/insang/insang_T3_106_jpg.rf.5545dd5d9ab2e845ed74f6e5f1e84051_0.jpg,train,insang,3,15
dataset_mobilenet_ready/train/insang/insang_T7_38_jpg.rf.510f9865ebb1adac1bcdcfeef82b7025_0.jpg,train,insang,7,11
dataset_mobilenet_ready/train/insang/insang_T3_112_jpg.rf.63f4eed7df28052f47b4744c010b6192_0.jpg,train,insang,3,15
dataset_mobilenet_ready/train/insang/insang_T11_37_jpg.rf.79a1f289bc2e5942dca3e6dc32a98825_1.jpg,train,insang,11,7
dataset_mobilenet_ready/train/insang/insang_T18_82_jpg.rf.6370fc9cf92c1a87dc7b0795aa75cc82_1.jpg,train,insang,18,0
dataset_mobilenet_ready/train/insang/insang_T9_104_jpg.rf.adbf0a3459296490d5fd5d81521e1dc2_1.jpg,train,insang,9,9
dataset_mobilenet_ready/train/insang/insang_T2_74_jpg.rf.3c70fa34b752e266a895cf52e471c78a_0.jpg,train,insang,2,16
dataset_mobilenet_ready/train/insang/insang_T11_60_jpg.rf.ceb340ff93bcee8ca6d12d2873ffb857_0.jpg,train,insang,11,7
dataset_mobilenet_ready/train/insang/insang_T11_31_jpg.rf.89c5309461b729c9e18f458896879561_1.jpg,train,insang,11,7
dataset_mobilenet_ready/train/insang/insang_T6_101_jpg.rf.add2f00b40c2456df2fe1ba380510df7_1.jpg,train,insang,6,12
dataset_mobilenet_ready/train/insang/insang_T6_115_jpg.rf.2e2a6165087ec8fe706941feb588be99_1.jpg,train,insang,6,12
dataset_mobilenet_ready/train/insang/insang_T15_9_jpg.rf.133a3a9d3dbfa73c6febdd87897f8fbe_1.jpg,train,insang,15,3
dataset_mobilenet_ready/train/insang/insang_T10_16_jpg.rf.6ec024e40b277d4a3f2c73dc82fc62ef_1.jpg,train,insang,10,8
dataset_mobilenet_ready/train/insang/insang_T11_71_jpg.rf.792ed9c2ef5068f4fa23b554395a0adf_1.jpg,train,insang,11,7
dataset_mobilenet_ready/train/insang/insang_T5_2_jpg.rf.f389e6b6123fb190d18fc0ac7173547c_1.jpg,train,insang,5,13
dataset_mobilenet_ready/train/insang/insang_T8_2_jpg.rf.45ee8f7c0e2e97882d4fd133b736cebd_1.jpg,train,insang,8,10
dataset_mobilenet_ready/train/insang/insang_T10_64_jpg.rf.b64f99fd160027310e08e9c39c187d90_1.jpg,train,insang,10,8
dataset_mobilenet_ready/train/insang/insang_T16_89_jpg.rf.d9e9d7658f24dd02b7176fbdc4348aa3_0.jpg,train,insang,16,2
dataset_mobilenet_ready/train/insang/insang_T6_59_jpg.rf.75363d83f61d1c0ee7183f6dac2d8663_0.jpg,train,insang,6,12
dataset_mobilenet_ready/train/insang/insang_T13_122_jpg.rf.addf21e8e14701f7cf5d1efb610d317b_1.jpg,train,insang,13,5
dataset_mobilenet_ready/train/insang/insang_T10_8_jpg.rf.c8976375866a7a7abddc1a24ac1779a4_1.jpg,train,insang,10,8
dataset_mobilenet_ready/train/insang/insang_T13_58_jpg.rf.882b72c2c6c8659206926b5b707b244e_1.jpg,train,insang,13,5
dataset_mobilenet_ready/train/insang/insang_T2_54_jpg.rf.7e6fbf1f0c4cfeaf34d311b6b18fad2e_0.jpg,train,insang,2,16
dataset_mobilenet_ready/train/insang/insang_T16_24_jpg.rf.3ebc18560844f9f956cc42d73b6263ce_1.jpg,train,insang,16,2
dataset_mobilenet_ready/train/insang/insang_T4_41_jpg.rf.b651134eaf301b2cd4efe872a49afd1e_1.jpg,train,insang,4,14
dataset_mobilenet_ready/train/insang/insang_T8_119_jpg.rf.2b386a11c9c7e21aca8e82b5fa543440_0.jpg,train,insang,8,10
dataset_mobilenet_ready/train/insang/insang_T6_19_jpg.rf.c86013967e40d6857c7ac4cf3966b041_1.jpg,train,insang,6,12
dataset_mobilenet_ready/train/insang/insang_T8_28_jpg.rf.2673305e1aa884dfffe7b9ad651929ff_0.jpg,train,insang,8,10
dataset_mobilenet_ready/train/insang/insang_T17_63_jpg.rf.964a3bb66dd8c8339914fa009be096af_1.jpg,train,insang,17,1
dataset_mobilenet_ready/train/insang/insang_T13_43_jpg.rf.97af2392a5b0af4125bf742a24ad2a17_1.jpg,train,insang,13,5
dataset_mobilenet_ready/train/insang/insang_T2_47_jpg.rf.091128275b3fba458fabec79f3b781eb_1.jpg,train,insang,2,16
dataset_mobilenet_ready/train/insang/insang_T12_115_jpg.rf.cab895b8275dc6bf1c013b0ca7f8331e_0.jpg,train,insang,12,6
dataset_mobilenet_ready/train/insang/insang_T13_62_jpg.rf.cbba3ea5468df98c9d85203f03e70629_0.jpg,train,insang,13,5
dataset_mobilenet_ready/train/insang/insang_T12_44_jpg.rf.303fe9e9121d4cb8c1a4ad86f6574e8b_1.jpg,train,insang,12,6
dataset_mobilenet_ready/train/insang/insang_T3_5_jpg.rf.a26af8e6dc9de75a504f5d6f74c16afa_0.jpg,train,insang,3,15
dataset_mobilenet_ready/train/insang/insang_T6_49_jpg.rf.bac3db42e7e1519260c35dd5aae1825b_0.jpg,train,insang,6,12
dataset_mobilenet_ready/train/insang/insang_T16_32_jpg.rf.4d73ea8cc17072ff82d504fdcd7710dd_1.jpg,train,insang,16,2
dataset_mobilenet_ready/train/insang/insang_T6_87_jpg.rf.8c1893b5660935285f206445e91eaa8e_1.jpg,train,insang,6,12
dataset_mobilenet_ready/train/insang/insang_T16_34_jpg.rf.ff664729be713e7f865bc318ffd35b4d_1.jpg,train,insang,16,2
dataset_mobilenet_ready/train/insang/insang_T15_124_jpg.rf.06eed6379360fff49603405aeb45ffa8_1.jpg,train,insang,15,3
dataset_mobilenet_ready/train/insang/insang_T7_58_jpg.rf.623c0f7142334c61500c96392f967da9_0.jpg,train,insang,7,11
dataset_mobilenet_ready/train/insang/insang_T16_57_jpg.rf.a1d0cabdca7613de6268a67a95b008ee_1.jpg,train,insang,16,2
dataset_mobilenet_ready/train/insang/insang_T18_66_jpg.rf.3a934fafc7ef582afbee0453b2fe8539_1.jpg,train,insang,18,0
dataset_mobilenet_ready/train/insang/insang_T5_7_jpg.rf.13807fd54f0aeac500db97a3c499d1cc_1.jpg,train,insang,5,13
dataset_mobilenet_ready/train/insang/insang_T10_7_jpg.rf.40da4906f57891bbede7cdad06a7f474_1.jpg,train,insang,10,8
dataset_mobilenet_ready/train/insang/insang_T18_47_jpg.rf.8ccdbe7ca00d0f80b1d6c89b7bba0e79_1.jpg,train,insang,18,0
dataset_mobilenet_ready/train/insang/insang_T3_31_jpg.rf.0a7abba1b9adf52baece8e20d8d91e75_1.jpg,train,insang,3,15
dataset_mobilenet_ready/train/insang/insang_T6_75_jpg.rf.8caeedb4064b368d76236c72a6a8e096_1.jpg,train,insang,6,12
dataset_mobilenet_ready/train/insang/insang_T9_23_jpg.rf.3e70118745595ec83ae2b2f2a8cb3f8c_1.jpg,train,insang,9,9
dataset_mobilenet_ready/train/insang/insang_T13_119_jpg.rf.8e76439314e7f19e31e02d85782ce6bd_1.jpg,train,insang,13,5
dataset_mobilenet_ready/train/insang/insang_T15_24_jpg.rf.ca28a36b9ebc354d4425a6e7fd9b9c50_1.jpg,train,insang,15,3
dataset_mobilenet_ready/train/insang/insang_T3_105_jpg.rf.93c9b3f6c0d4fe9dd73c9bbe34174d54_1.jpg,train,insang,3,15
dataset_mobilenet_ready/train/insang/insang_T14_54_jpg.rf.7976ba42496d7c6ea6959b1eeb81d02d_1.jpg,train,insang,14,4
dataset_mobilenet_ready/train/insang/insang_T12_10_jpg.rf.92d065734e44df5ebe223ef3fa5ad6e3_1.jpg,train,insang,12,6
dataset_mobilenet_ready/train/insang/insang_T7_26_jpg.rf.82496fe1052fb9d8825bc0b43d4a23c8_1.jpg,train,insang,7,11
dataset_mobilenet_ready/train/insang/insang_T11_78_jpg.rf.8d8ab3938ec902b22bdc97e766b348fb_1.jpg,train,insang,11,7
dataset_mobilenet_ready/train/insang/insang_T6_62_jpg.rf.21b8a7edec67b75b49c97dd9f6ca8eef_1.jpg,train,insang,6,12
dataset_mobilenet_ready/train/insang/insang_T12_0_jpg.rf.ac459d4c8d30e4a7713084a4e7b46cf0_1.jpg,train,insang,12,6
dataset_mobilenet_ready/train/insang/insang_T5_83_jpg.rf.1990ddad9b88390bec456867a6643245_1.jpg,train,insang,5,13
dataset_mobilenet_ready/train/insang/insang_T12_70_jpg.rf.f241df4bc5d1790b77342868cd3e31a0_0.jpg,train,insang,12,6
dataset_mobilenet_ready/train/insang/insang_T2_98_jpg.rf.337500db602614ad74be2e96fba24bd9_1.jpg,train,insang,2,16
dataset_mobilenet_ready/train/insang/insang_T6_22_jpg.rf.c3fe5215e8daf215bd6bbca25108386b_1.jpg,train,insang,6,12
dataset_mobilenet_ready/train/insang/insang_T15_49_jpg.rf.0e5261c7cdcce14a478e582c3f7708e5_0.jpg,train,insang,15,3
dataset_mobilenet_ready/train/insang/insang_T9_53_jpg.rf.7768c922c32e2e9e7ebaf11e6e779096_1.jpg,train,insang,9,9
dataset_mobilenet_ready/train/insang/insang_T3_76_jpg.rf.6ae223cb2e18355414ccfa2d16a50aad_1.jpg,train,insang,3,15
dataset_mobilenet_ready/train/insang/insang_T3_32_jpg.rf.1f8e5970d560176edd7de1fe4e27598a_1.jpg,train,insang,3,15
dataset_mobilenet_ready/train/insang/insang_T16_107_jpg.rf.019795593e6c5dce6ea21eda32a5ebe2_1.jpg,train,insang,16,2
dataset_mobilenet_ready/train/insang/insang_T8_98_jpg.rf.90939d02f8e325dff0ebf186acdeca36_1.jpg,train,insang,8,10
dataset_mobilenet_ready/train/insang/insang_T11_54_jpg.rf.81742808160ebb0d7015c260ae4be5e4_0.jpg,train,insang,11,7
dataset_mobilenet_ready/train/insang/insang_T16_91_jpg.rf.fd9d15e8290e9fe00f9d37de2f8446a7_0.jpg,train,insang,16,2
dataset_mobilenet_ready/train/insang/insang_T3_68_jpg.rf.00e56875fae4db5465c7cfe8f656b75e_1.jpg,train,insang,3,15
dataset_mobilenet_ready/train/insang/insang_T4_16_jpg.rf.672e69442dd3fd09c288729429e5ae0f_1.jpg,train,insang,4,14
dataset_mobilenet_ready/train/insang/insang_T6_90_jpg.rf.5449358016e1d8b23b5895f7ded85610_1.jpg,train,insang,6,12
dataset_mobilenet_ready/train/insang/insang_T5_85_jpg.rf.c65ea1482ae9ed307a54aeb3f0e5c933_1.jpg,train,insang,5,13
dataset_mobilenet_ready/train/insang/insang_T6_8_jpg.rf.859939e9a13ed6b7fa0eb5320f187e58_1.jpg,train,insang,6,12
dataset_mobilenet_ready/train/insang/insang_T18_24_jpg.rf.3a061d09b89d8edaa6fd15c8561e4bff_1.jpg,train,insang,18,0
dataset_mobilenet_ready/train/insang/insang_T13_79_jpg.rf.c689f15640b6c81ca331c47b059b6154_1.jpg,train,insang,13,5
dataset_mobilenet_ready/train/insang/insang_T17_60_jpg.rf.5f0f90c4da5712c9d508fb947cc7a830_0.jpg,train,insang,17,1
dataset_mobilenet_ready/train/insang/insang_T7_73_jpg.rf.3c113f2e0fffd882e4377473dd822253_1.jpg,train,insang,7,11
dataset_mobilenet_ready/train/insang/insang_T16_76_jpg.rf.77f1544d9d4d65170c0b03ec6c76a8b5_1.jpg,train,insang,16,2
dataset_mobilenet_ready/train/insang/insang_T16_78_jpg.rf.6ac7846d969344492c1123a792c661fd_0.jpg,train,insang,16,2
dataset_mobilenet_ready/train/insang/insang_T7_72_jpg.rf.1cd8a21fd6dee70bb99f5b74c7310a01_1.jpg,train,insang,7,11
dataset_mobilenet_ready/train/insang/insang_T16_119_jpg.rf.0134866d2537d80c65be19151e0c63ab_0.jpg,train,insang,16,2
dataset_mobilenet_ready/train/insang/insang_T8_123_jpg.rf.682243df34a1d408b14bc13b888eff9f_1.jpg,train,insang,8,10
dataset_mobilenet_ready/train/insang/insang_T2_78_jpg.rf.aa0949d85c77624e5915c851f59021f6_1.jpg,train,insang,2,16
dataset_mobilenet_ready/train/insang/insang_T2_10_jpg.rf.8e7f60eb596f7289e4542e8bd254197e_0.jpg,train,insang,2,16
dataset_mobilenet_ready/train/insang/insang_T6_108_jpg.rf.b6c0b1254341def2eed8d0323ce47f3d_1.jpg,train,insang,6,12
dataset_mobilenet_ready/train/insang/insang_T6_112_jpg.rf.d91e3fdc36c5d8137e73846ad884e135_1.jpg,train,insang,6,12
dataset_mobilenet_ready/train/insang/insang_T10_93_jpg.rf.34e5f48795f3c302ddc0cd4869dfb598_0.jpg,train,insang,10,8
dataset_mobilenet_ready/train/insang/insang_T18_98_jpg.rf.8d34c969f75a34a91765171fb42ca3a7_1.jpg,train,insang,18,0
dataset_mobilenet_ready/train/insang/insang_T4_50_jpg.rf.f85fd5a4a89392f7f0378e28f421406e_0.jpg,train,insang,4,14
dataset_mobilenet_ready/train/insang/insang_T14_52_jpg.rf.6e28c21716d05c86f6a8057f85b1aa6e_1.jpg,train,insang,14,4
dataset_mobilenet_ready/train/insang/insang_T11_88_jpg.rf.88ee43afbabbc3ea24abbcba71627bcd_1.jpg,train,insang,11,7
dataset_mobilenet_ready/train/insang/insang_T6_74_jpg.rf.6ba367779a1863e392ce498ed41c8653_1.jpg,train,insang,6,12
dataset_mobilenet_ready/train/insang/insang_T11_6_jpg.rf.e88024edeee038fe204544a70be398f8_1.jpg,train,insang,11,7
dataset_mobilenet_ready/train/insang/insang_T15_119_jpg.rf.03c2aba431b93b1f21be68eba76669fe_1.jpg,train,insang,15,3
dataset_mobilenet_ready/train/insang/insang_T3_50_jpg.rf.919bbf57f4cdb61541229b4b9fcbaad2_0.jpg,train,insang,3,15
dataset_mobilenet_ready/train/insang/insang_T16_68_jpg.rf.1d89d184cd3a17cf8046c353888ad85b_1.jpg,train,insang,16,2
dataset_mobilenet_ready/train/insang/insang_T4_96_jpg.rf.7ca00e871b5782b2c542ae53a243b953_1.jpg,train,insang,4,14
dataset_mobilenet_ready/train/insang/insang_T10_99_jpg.rf.8ee3637a07a9d96c54d27920885b1749_0.jpg,train,insang,10,8
dataset_mobilenet_ready/train/insang/insang_T13_23_jpg.rf.60e755b158b580daf6396e2a55f2594b_1.jpg,train,insang,13,5
dataset_mobilenet_ready/train/insang/insang_T12_113_jpg.rf.8f6936728f848d3b55bbe1217c00d0d6_1.jpg,train,insang,12,6
dataset_mobilenet_ready/train/insang/insang_T14_117_jpg.rf.883d2712ee706bd175881d820b211379_1.jpg,train,insang,14,4
dataset_mobilenet_ready/train/insang/insang_T5_48_jpg.rf.cbb97e8cdad4f6aab39d3037f29cbc66_1.jpg,train,insang,5,13
dataset_mobilenet_ready/train/insang/insang_T15_47_jpg.rf.69f1fdb7c2b3be33ed3e9dc221a82237_0.jpg,train,insang,15,3
dataset_mobilenet_ready/train/insang/insang_T12_37_jpg.rf.acc5b1d1ffdc72b33534409abe537a39_1.jpg,train,insang,12,6
dataset_mobilenet_ready/train/insang/insang_T8_17_jpg.rf.faa9e5440e586132cbb3e5141bcc121e_1.jpg,train,insang,8,10
dataset_mobilenet_ready/train/insang/insang_T11_43_jpg.rf.b1dc5434757c0cf5b8772766a60c63c1_1.jpg,train,insang,11,7
dataset_mobilenet_ready/train/insang/insang_T18_26_jpg.rf.687af14845042777f7a57743c674bd44_1.jpg,train,insang,18,0
dataset_mobilenet_ready/train/insang/insang_T18_67_jpg.rf.9b38af770d46dcaa5fd2970c537e18c7_1.jpg,train,insang,18,0
dataset_mobilenet_ready/train/insang/insang_T2_116_jpg.rf.b85872a82354e3754580881b0ac13af5_1.jpg,train,insang,2,16
dataset_mobilenet_ready/train/insang/insang_T8_14_jpg.rf.545d41120cb4ab8c973c8f1065c4a9cd_1.jpg,train,insang,8,10
dataset_mobilenet_ready/train/insang/insang_T16_26_jpg.rf.8c820a6b0644c32c1ad6234cd2d6f827_0.jpg,train,insang,16,2
dataset_mobilenet_ready/train/insang/insang_T13_37_jpg.rf.90fcb8c1d54431c19f18e14f5750b36b_0.jpg,train,insang,13,5
dataset_mobilenet_ready/train/insang/insang_T11_114_jpg.rf.ebefb7b3ee692b49b90be3464eb357bb_1.jpg,train,insang,11,7
dataset_mobilenet_ready/train/insang/insang_T2_40_jpg.rf.f59f62a7bdd04e8393c3da5dda612aeb_1.jpg,train,insang,2,16
dataset_mobilenet_ready/train/insang/insang_T13_88_jpg.rf.36928604e09f435810f6bc9699c33950_1.jpg,train,insang,13,5
dataset_mobilenet_ready/train/insang/insang_T17_119_jpg.rf.7c311f84e3101e4fe421a5b24c939bf6_1.jpg,train,insang,17,1
dataset_mobilenet_ready/train/insang/insang_T3_63_jpg.rf.b27b5610b10a38fa5a45d28c6d169caf_1.jpg,train,insang,3,15
dataset_mobilenet_ready/train/insang/insang_T15_59_jpg.rf.2c176e51196dc1bffc492d2c98cf5671_1.jpg,train,insang,15,3
dataset_mobilenet_ready/train/insang/insang_T3_95_jpg.rf.6dea9b3d39f5445740525b0fd58f1f35_1.jpg,train,insang,3,15
dataset_mobilenet_ready/train/insang/insang_T2_81_jpg.rf.943e50c5a7a1cfe4682f963ad1ecdf7c_1.jpg,train,insang,2,16
dataset_mobilenet_ready/train/insang/insang_T9_92_jpg.rf.33a202f4a8e6b77b9fe95b6014f5c4f6_0.jpg,train,insang,9,9
dataset_mobilenet_ready/train/insang/insang_T16_87_jpg.rf.53a5b602368c3d9453925ffc5595da44_1.jpg,train,insang,16,2
dataset_mobilenet_ready/train/insang/insang_T14_47_jpg.rf.7bfc9a83217e97a723300e232a31f437_1.jpg,train,insang,14,4
dataset_mobilenet_ready/train/insang/insang_T12_58_jpg.rf.87aa79608030452de3a941158f048fad_1.jpg,train,insang,12,6
dataset_mobilenet_ready/train/insang/insang_T8_99_jpg.rf.3866644f910b93574b8bd22856aea0b4_1.jpg,train,insang,8,10
dataset_mobilenet_ready/train/insang/insang_T3_64_jpg.rf.46dcb7522120436ed97b4245be42a84b_1.jpg,train,insang,3,15
dataset_mobilenet_ready/train/insang/insang_T15_118_jpg.rf.284bbab763235bbe41b304e46eb732d0_1.jpg,train,insang,15,3
dataset_mobilenet_ready/train/insang/insang_T18_89_jpg.rf.2a559441f78bf78993d14050b4e9f9ce_1.jpg,train,insang,18,0
dataset_mobilenet_ready/train/insang/insang_T4_116_jpg.rf.ecba4f149b4b98418688d41813fcf856_0.jpg,train,insang,4,14
dataset_mobilenet_ready/train/insang/insang_T15_85_jpg.rf.e3235eee24a328e3acd6b792327ad55b_1.jpg,train,insang,15,3
dataset_mobilenet_ready/train/insang/insang_T17_44_jpg.rf.0cca48711c6037585440c34649477808_1.jpg,train,insang,17,1
dataset_mobilenet_ready/train/insang/insang_T13_64_jpg.rf.63a82b29f1459775bd05acfc9afde4ad_0.jpg,train,insang,13,5
dataset_mobilenet_ready/train/insang/insang_T13_40_jpg.rf.c535d42aa81bdafd20b88eef379b5aa7_0.jpg,train,insang,13,5
dataset_mobilenet_ready/train/insang/insang_T8_31_jpg.rf.c571ab4d8aaaba2e19bea98600b160a8_0.jpg,train,insang,8,10
dataset_mobilenet_ready/train/insang/insang_T7_24_jpg.rf.63a8e00008f81942fe6765486a164b5b_1.jpg,train,insang,7,11
dataset_mobilenet_ready/train/insang/insang_T16_96_jpg.rf.d2b71dc2a10bac7b7818914b494555cb_1.jpg,train,insang,16,2
dataset_mobilenet_ready/train/insang/insang_T8_33_jpg.rf.62bd4fd3c868ecd6fd234c5a75e61f63_1.jpg,train,insang,8,10
dataset_mobilenet_ready/train/insang/insang_T8_84_jpg.rf.448b8de635552b1a0506154ebb4496be_1.jpg,train,insang,8,10
dataset_mobilenet_ready/train/insang/insang_T13_53_jpg.rf.c7db7aed869bff4d2c32d670cdc7494d_1.jpg,train,insang,13,5
dataset_mobilenet_ready/train/insang/insang_T12_14_jpg.rf.50a232c739cb55344a9dbf0b315d115d_1.jpg,train,insang,12,6
dataset_mobilenet_ready/train/insang/insang_T15_110_jpg.rf.182c47e51c39b33eb9ff8d011c7f1f59_0.jpg,train,insang,15,3
dataset_mobilenet_ready/train/insang/insang_T17_101_jpg.rf.ae98b6c9cadf1971ba61ad125ef1eee7_1.jpg,train,insang,17,1
dataset_mobilenet_ready/train/insang/insang_T4_78_jpg.rf.30b8ddf3f50292bddced67d3de591213_1.jpg,train,insang,4,14
dataset_mobilenet_ready/train/insang/insang_T5_117_jpg.rf.b5e26a598737fc59066e2dc612f670e3_1.jpg,train,insang,5,13
dataset_mobilenet_ready/train/insang/insang_T10_57_jpg.rf.4970dddfcc60918de8f44a4c9f30b8ef_1.jpg,train,insang,10,8
dataset_mobilenet_ready/train/insang/insang_T7_59_jpg.rf.2118854d18ab9b27d60b3aa6f71498ad_1.jpg,train,insang,7,11
dataset_mobilenet_ready/train/insang/insang_T15_70_jpg.rf.920f66687e16ff6fa772083efd343ac8_1.jpg,train,insang,15,3
dataset_mobilenet_ready/train/insang/insang_T18_68_jpg.rf.c5a40fe010307cd35ef21314598baacd_1.jpg,train,insang,18,0
dataset_mobilenet_ready/train/insang/insang_T11_13_jpg.rf.bf7de3891f537edd27a83bb1a64fc128_1.jpg,train,insang,11,7
dataset_mobilenet_ready/train/insang/insang_T17_39_jpg.rf.6521b37ec106899ce6e779f3de05c2c7_0.jpg,train,insang,17,1
dataset_mobilenet_ready/train/insang/insang_T4_24_jpg.rf.3e7f80b90d7a06984072ea7ba41daf20_1.jpg,train,insang,4,14
dataset_mobilenet_ready/train/insang/insang_T12_39_jpg.rf.561639cf436bba060b50012c794965ab_1.jpg,train,insang,12,6
dataset_mobilenet_ready/train/insang/insang_T6_40_jpg.rf.100cbf9909a2231926f383c9e72449fa_1.jpg,train,insang,6,12
dataset_mobilenet_ready/train/insang/insang_T15_3_jpg.rf.7865d8a511bf05316e3ac8e4c9e87284_1.jpg,train,insang,15,3
dataset_mobilenet_ready/train/insang/insang_T18_63_jpg.rf.283c19330b519e5671c1950e2e7d4b11_1.jpg,train,insang,18,0
dataset_mobilenet_ready/train/insang/insang_T2_121_jpg.rf.76057452e10b1085bb3c7fced632b771_1.jpg,train,insang,2,16
dataset_mobilenet_ready/train/insang/insang_T18_90_jpg.rf.fae4ada323612f4a89a3db0efc755606_1.jpg,train,insang,18,0
dataset_mobilenet_ready/train/insang/insang_T2_0_jpg.rf.f2f4a941d28b5b9c33d26595d787c875_0.jpg,train,insang,2,16
dataset_mobilenet_ready/train/insang/insang_T6_72_jpg.rf.760ce9907716e30afefd21880733d850_1.jpg,train,insang,6,12
dataset_mobilenet_ready/train/insang/insang_T9_73_jpg.rf.53304fd92bdfd2e2c16a41ccfcdc6474_1.jpg,train,insang,9,9
dataset_mobilenet_ready/train/insang/insang_T6_48_jpg.rf.c30794349894708350ae4724ec7f7ee5_0.jpg,train,insang,6,12
dataset_mobilenet_ready/train/insang/insang_T8_76_jpg.rf.45f0f079735bd0decbba4e506dd31705_1.jpg,train,insang,8,10
dataset_mobilenet_ready/train/insang/insang_T10_113_jpg.rf.865dd52406f6e4328a8eba2d2cdb5948_1.jpg,train,insang,10,8
dataset_mobilenet_ready/train/insang/insang_T13_55_jpg.rf.dc09cce1103e61771c3a2e646e7a8196_1.jpg,train,insang,13,5
dataset_mobilenet_ready/train/insang/insang_T15_11_jpg.rf.bf95d9a5652a8baae78a34583d54e11a_1.jpg,train,insang,15,3
dataset_mobilenet_ready/train/insang/insang_T11_34_jpg.rf.9abda634364fd0f0100d8abded2989d2_1.jpg,train,insang,11,7
dataset_mobilenet_ready/train/insang/insang_T14_108_jpg.rf.32f130f2ee891300070659cfd4ccf70a_1.jpg,train,insang,14,4
dataset_mobilenet_ready/train/insang/insang_T14_44_jpg.rf.6dd3b7a1b57cf54c1ecc067e6197d3df_1.jpg,train,insang,14,4
dataset_mobilenet_ready/train/insang/insang_T15_78_jpg.rf.27391027cddc0fbe6d71270e5d46305c_0.jpg,train,insang,15,3
dataset_mobilenet_ready/train/insang/insang_T17_118_jpg.rf.15e019d865268d2294a4487c4f80ac83_1.jpg,train,insang,17,1
dataset_mobilenet_ready/train/insang/insang_T14_79_jpg.rf.367d1c5427fbbdd4a041844e53682507_1.jpg,train,insang,14,4
dataset_mobilenet_ready/train/insang/insang_T14_90_jpg.rf.e5b2470c095e9ebfb39c0192b45e9616_1.jpg,train,insang,14,4
dataset_mobilenet_ready/train/insang/insang_T16_82_jpg.rf.f3dcc953e0df76ebd0321e9e3c55883a_1.jpg,train,insang,16,2
dataset_mobilenet_ready/train/insang/insang_T13_24_jpg.rf.9daf1553120f4dfe1d206a9e0f248d95_1.jpg,train,insang,13,5
dataset_mobilenet_ready/train/insang/insang_T18_86_jpg.rf.1cd07e59e03d3a01bba36666b49e119d_1.jpg,train,insang,18,0
dataset_mobilenet_ready/train/insang/insang_T7_78_jpg.rf.e0e621d53897f4437ca85d919882077b_1.jpg,train,insang,7,11
dataset_mobilenet_ready/train/insang/insang_T12_108_jpg.rf.2c5be548936598d8158b681d15d76715_1.jpg,train,insang,12,6
dataset_mobilenet_ready/train/insang/insang_T12_84_jpg.rf.4f97a2b5ac892ee8f8399b5822d4a64d_1.jpg,train,insang,12,6
dataset_mobilenet_ready/train/insang/insang_T8_3_jpg.rf.ff67c39ba491ed038e46f4aaeff66a4d_1.jpg,train,insang,8,10
dataset_mobilenet_ready/train/insang/insang_T4_33_jpg.rf.6d54597ef55ff98b8766bf950f8fc80f_1.jpg,train,insang,4,14
dataset_mobilenet_ready/train/insang/insang_T14_60_jpg.rf.68f6ff7b4702c99aad6c6adfde0db455_1.jpg,train,insang,14,4
dataset_mobilenet_ready/train/insang/insang_T18_33_jpg.rf.e0ace67243645ca9370c34392088cbb5_0.jpg,train,insang,18,0
dataset_mobilenet_ready/train/insang/insang_T12_30_jpg.rf.59e32655f36a21c18c9fd7a046d73b5f_1.jpg,train,insang,12,6
dataset_mobilenet_ready/train/insang/insang_T3_118_jpg.rf.79f777352c96dcc23fd255724864f0a8_0.jpg,train,insang,3,15
dataset_mobilenet_ready/train/insang/insang_T16_35_jpg.rf.db9d3460ac41a30d0741b47476dfb1b8_1.jpg,train,insang,16,2
dataset_mobilenet_ready/train/insang/insang_T18_48_jpg.rf.bc05f54c828e4e94acbfe42b209c98e4_1.jpg,train,insang,18,0
dataset_mobilenet_ready/train/insang/insang_T15_17_jpg.rf.648d260f816cd8b7ac95d85e5d688174_1.jpg,train,insang,15,3
dataset_mobilenet_ready/train/insang/insang_T13_118_jpg.rf.d87de31cf9aaace29c8c273f3783333d_1.jpg,train,insang,13,5
dataset_mobilenet_ready/train/insang/insang_T17_57_jpg.rf.a02986b39fe40a29ea4c97990a1e66c8_1.jpg,train,insang,17,1
dataset_mobilenet_ready/train/insang/insang_T4_27_jpg.rf.cd0dfe0e6f5ca02c0069390d2d66d7d6_1.jpg,train,insang,4,14
dataset_mobilenet_ready/train/insang/insang_T7_37_jpg.rf.0b6cd5c17c9a17978d2e364f893738c3_1.jpg,train,insang,7,11
dataset_mobilenet_ready/train/insang/insang_T12_54_jpg.rf.1f8da7c0197c20f71c2c9d7c55fc8d5b_0.jpg,train,insang,12,6
dataset_mobilenet_ready/train/insang/insang_T18_72_jpg.rf.9464b6962224fe6e10d6cae293af8406_1.jpg,train,insang,18,0
dataset_mobilenet_ready/train/insang/insang_T3_48_jpg.rf.381658539fa3b905a035edbc1720fd7a_1.jpg,train,insang,3,15
dataset_mobilenet_ready/train/insang/insang_T8_74_jpg.rf.5f9ff17c6606aa23eece6259c8e78980_1.jpg,train,insang,8,10
dataset_mobilenet_ready/train/insang/insang_T15_15_jpg.rf.deae605200a1f1b7556a8ab7b1bd7850_1.jpg,train,insang,15,3
dataset_mobilenet_ready/train/insang/insang_T14_3_jpg.rf.0188c33fa7a1dd834ae980a41eb4782c_0.jpg,train,insang,14,4
dataset_mobilenet_ready/train/insang/insang_T8_108_jpg.rf.54752b244a33c28ca4fed90d2b75c747_1.jpg,train,insang,8,10
dataset_mobilenet_ready/train/insang/insang_T4_98_jpg.rf.134d6f0df8e32d7d27cb8622de6fd6a0_1.jpg,train,insang,4,14
dataset_mobilenet_ready/train/insang/insang_T9_36_jpg.rf.0a228864a90bc76fa859af0982345f98_1.jpg,train,insang,9,9
dataset_mobilenet_ready/train/insang/insang_T6_100_jpg.rf.ee1eaf0b19ccc2ac647a1ff7e38d73a0_1.jpg,train,insang,6,12
dataset_mobilenet_ready/train/insang/insang_T10_104_jpg.rf.3f68deb6293a3b5a028642ebcabbf1a9_0.jpg,train,insang,10,8
dataset_mobilenet_ready/train/insang/insang_T10_20_jpg.rf.f96a668d2fb66f1b3690eeff9def41b7_1.jpg,train,insang,10,8
dataset_mobilenet_ready/train/insang/insang_T9_63_jpg.rf.48c26a2fdea823f429710e598f98a2f4_1.jpg,train,insang,9,9
dataset_mobilenet_ready/train/insang/insang_T3_90_jpg.rf.7a04928c20aec93da22ec8523af5a9f8_1.jpg,train,insang,3,15
dataset_mobilenet_ready/train/insang/insang_T16_61_jpg.rf.3f07ac1851d8a80262dba583ae56d9b7_1.jpg,train,insang,16,2
dataset_mobilenet_ready/train/insang/insang_T13_42_jpg.rf.fde9c26b1245e8f17636f047fe7ddd88_0.jpg,train,insang,13,5
dataset_mobilenet_ready/train/insang/insang_T10_9_jpg.rf.905a88a4c7a028996d753896e62c14d2_1.jpg,train,insang,10,8
dataset_mobilenet_ready/train/insang/insang_T7_45_jpg.rf.eba786cf3e6fee92f6250e764a475da7_1.jpg,train,insang,7,11
dataset_mobilenet_ready/train/insang/insang_T16_7_jpg.rf.7559cae0750ef84401a02fd677b0389a_1.jpg,train,insang,16,2
dataset_mobilenet_ready/train/insang/insang_T14_19_jpg.rf.006d7758844f19fc38687e2a6a73d9ba_1.jpg,train,insang,14,4
dataset_mobilenet_ready/train/insang/insang_T12_48_jpg.rf.60b5d28574dfba65a12eb4dc6b5f71e0_1.jpg,train,insang,12,6
dataset_mobilenet_ready/train/insang/insang_T5_109_jpg.rf.163027f9253c95874f71a82b56669b09_1.jpg,train,insang,5,13
dataset_mobilenet_ready/train/insang/insang_T12_72_jpg.rf.bdaa5152d25ab11504c832de3e73bbbe_1.jpg,train,insang,12,6
dataset_mobilenet_ready/train/insang/insang_T8_104_jpg.rf.622e9621cea0998cd0ae9d02122d8d64_1.jpg,train,insang,8,10
dataset_mobilenet_ready/train/insang/insang_T8_83_jpg.rf.5ed93c6031362c6389f8140dc4780434_1.jpg,train,insang,8,10
dataset_mobilenet_ready/train/insang/insang_T9_115_jpg.rf.b9b9ed66c72677df722c61befd1a5800_1.jpg,train,insang,9,9
dataset_mobilenet_ready/train/insang/insang_T18_31_jpg.rf.49637a9b957dacb7341a76d11ca341cb_1.jpg,train,insang,18,0
dataset_mobilenet_ready/train/insang/insang_T15_90_jpg.rf.615a998e6b2c713fe099cb3a771e9c87_1.jpg,train,insang,15,3
dataset_mobilenet_ready/train/insang/insang_T12_11_jpg.rf.20ad92bb0de4dd51d2c1b5a771e4f9d1_1.jpg,train,insang,12,6
dataset_mobilenet_ready/train/insang/insang_T4_56_jpg.rf.2d4824f7f66ad88e9bbb9ec5616345a4_0.jpg,train,insang,4,14
dataset_mobilenet_ready/train/insang/insang_T2_99_jpg.rf.2a362b5ce8d69fc0ff4f49c037beabd1_0.jpg,train,insang,2,16
dataset_mobilenet_ready/train/insang/insang_T11_5_jpg.rf.533da459a650fb8c20ff16752e495508_1.jpg,train,insang,11,7
dataset_mobilenet_ready/train/insang/insang_T17_113_jpg.rf.339b9e404e0ecd57b0e5d0cc261f037e_1.jpg,train,insang,17,1
dataset_mobilenet_ready/train/insang/insang_T8_75_jpg.rf.ced34a6484881c9aa85d66e61521dbea_0.jpg,train,insang,8,10
dataset_mobilenet_ready/train/insang/insang_T17_116_jpg.rf.fadffd86d06ef47490b0b4b6007dab3f_1.jpg,train,insang,17,1
dataset_mobilenet_ready/train/insang/insang_T10_5_jpg.rf.0214d46a95c0374e7a4b9ee4e673aee6_1.jpg,train,insang,10,8
dataset_mobilenet_ready/train/insang/insang_T11_22_jpg.rf.fd960191f7d0d8b0824e89227623e539_1.jpg,train,insang,11,7
dataset_mobilenet_ready/train/insang/insang_T16_115_jpg.rf.b2bf19776363af87b6f48ddf3c47b78d_1.jpg,train,insang,16,2
dataset_mobilenet_ready/train/insang/insang_T9_103_jpg.rf.3d8c3fb25195c96d9d964825108f7ca8_1.jpg,train,insang,9,9
dataset_mobilenet_ready/train/insang/insang_T10_121_jpg.rf.a87e88168c3b9870a44552be65a90409_1.jpg,train,insang,10,8
dataset_mobilenet_ready/train/insang/insang_T15_83_jpg.rf.2bb1d80dbea458b1a46a96a74716ee44_1.jpg,train,insang,15,3
dataset_mobilenet_ready/train/insang/insang_T5_11_jpg.rf.5e09d19a7a0e1b8fb939b2d0b62a2974_1.jpg,train,insang,5,13
dataset_mobilenet_ready/train/insang/insang_T4_22_jpg.rf.bf6adf7c59840320645421780d1ef605_0.jpg,train,insang,4,14
dataset_mobilenet_ready/train/insang/insang_T16_14_jpg.rf.026aace3657485e57213af905f3b8c7f_1.jpg,train,insang,16,2
dataset_mobilenet_ready/train/insang/insang_T4_46_jpg.rf.00e461df5be9631bc9b89edca4bf2c51_1.jpg,train,insang,4,14
dataset_mobilenet_ready/train/insang/insang_T17_65_jpg.rf.82af1097ca8fc1891dd09d433d739cdc_1.jpg,train,insang,17,1
dataset_mobilenet_ready/train/insang/insang_T5_87_jpg.rf.9543e5d922ac7f87c440a95665d6fb01_1.jpg,train,insang,5,13
dataset_mobilenet_ready/train/insang/insang_T15_35_jpg.rf.41bc0a2fe10a52581b59f6864866d9f3_1.jpg,train,insang,15,3
dataset_mobilenet_ready/train/insang/insang_T2_19_jpg.rf.09d77593c85658a830540fda220051c3_1.jpg,train,insang,2,16
dataset_mobilenet_ready/train/insang/insang_T8_49_jpg.rf.c8a426c2203873cfa608e157f63d23b4_0.jpg,train,insang,8,10
dataset_mobilenet_ready/train/insang/insang_T3_4_jpg.rf.27dd151898187fc10396231486da0ab9_1.jpg,train,insang,3,15
dataset_mobilenet_ready/train/insang/insang_T12_86_jpg.rf.48246fa15ac3232476e4785c5788dad6_1.jpg,train,insang,12,6
dataset_mobilenet_ready/train/insang/insang_T9_44_jpg.rf.88b05c37f84e5085cf22657a5b0d3ce6_0.jpg,train,insang,9,9
dataset_mobilenet_ready/train/insang/insang_T5_90_jpg.rf.ce05530e963988dc810c98e206758ead_1.jpg,train,insang,5,13
dataset_mobilenet_ready/train/insang/insang_T14_69_jpg.rf.2be938408667194d9ff99876bb48039a_0.jpg,train,insang,14,4
dataset_mobilenet_ready/train/insang/insang_T10_106_jpg.rf.cb50e9f1170c5e0a65a973a3737d4cb0_0.jpg,train,insang,10,8
dataset_mobilenet_ready/train/insang/insang_T12_42_jpg.rf.ec80c7a2d488eec88fa694904de68094_1.jpg,train,insang,12,6
dataset_mobilenet_ready/train/insang/insang_T12_63_jpg.rf.8b305f77776a1e40fe2349935b5e387e_1.jpg,train,insang,12,6
dataset_mobilenet_ready/train/insang/insang_T10_73_jpg.rf.a533f96ba1d74c63632251f46fc4d2c1_1.jpg,train,insang,10,8
dataset_mobilenet_ready/train/insang/insang_T7_22_jpg.rf.f57e640ebb47c148a49f923e6802bbd5_1.jpg,train,insang,7,11
dataset_mobilenet_ready/train/insang/insang_T9_110_jpg.rf.15db13fc0d1154b905161c987377c46d_1.jpg,train,insang,9,9
dataset_mobilenet_ready/train/insang/insang_T12_102_jpg.rf.2d2127247804d6c3da6814d959f62149_0.jpg,train,insang,12,6
dataset_mobilenet_ready/train/insang/insang_T13_34_jpg.rf.917252a1d66243f1776b32a3a5f7d295_1.jpg,train,insang,13,5
dataset_mobilenet_ready/train/insang/insang_T13_38_jpg.rf.34b2047042268cccf5f44aef2f414acb_0.jpg,train,insang,13,5
dataset_mobilenet_ready/train/insang/insang_T3_23_jpg.rf.df570daeb61b98d1d4e545f577253805_1.jpg,train,insang,3,15
dataset_mobilenet_ready/train/insang/insang_T5_78_jpg.rf.cf0681c87fbb92ba7421211f32c1993f_1.jpg,train,insang,5,13
dataset_mobilenet_ready/train/insang/insang_T2_25_jpg.rf.f70556f6471e86de6dcee4945761d796_1.jpg,train,insang,2,16
dataset_mobilenet_ready/train/insang/insang_T17_4_jpg.rf.b7ec3d88e4ca45b3271884a2a9552065_1.jpg,train,insang,17,1
dataset_mobilenet_ready/train/insang/insang_T9_124_jpg.rf.d7ca1ef82eda37629ecb140d57db4f4c_0.jpg,train,insang,9,9
dataset_mobilenet_ready/train/insang/insang_T3_19_jpg.rf.7c13ee7750439aaeafd14e3ff86b39f1_1.jpg,train,insang,3,15
dataset_mobilenet_ready/train/insang/insang_T13_105_jpg.rf.138bd8e3ed6393e7dc3301e93bb266eb_0.jpg,train,insang,13,5
dataset_mobilenet_ready/train/insang/insang_T3_7_jpg.rf.3063b7e88a26c4408f0aa98e073b52bd_0.jpg,train,insang,3,15
dataset_mobilenet_ready/train/insang/insang_T15_25_jpg.rf.3b97b9b33ae59a50c899b518d631e04d_1.jpg,train,insang,15,3
dataset_mobilenet_ready/train/insang/insang_T14_115_jpg.rf.478a9345620906741a2d21287506c2b8_1.jpg,train,insang,14,4
dataset_mobilenet_ready/train/insang/insang_T7_90_jpg.rf.87da6d6c0bc4560bd4af43183f3210f7_1.jpg,train,insang,7,11
dataset_mobilenet_ready/train/insang/insang_T14_39_jpg.rf.d5845b57156dd98ca86cd8f94f5a045e_1.jpg,train,insang,14,4
dataset_mobilenet_ready/train/insang/insang_T9_13_jpg.rf.e28868b247ff38b7894fa1935464e1f1_1.jpg,train,insang,9,9
dataset_mobilenet_ready/train/insang/insang_T8_115_jpg.rf.fb5c271a1a136cc4852d25cc4f1f13b6_0.jpg,train,insang,8,10
dataset_mobilenet_ready/train/insang/insang_T15_8_jpg.rf.061f5a27e19171b85e1cac1c67f76510_0.jpg,train,insang,15,3
dataset_mobilenet_ready/train/insang/insang_T4_39_jpg.rf.094ef2ac1fcb0310da85b5d36a23fc78_1.jpg,train,insang,4,14
dataset_mobilenet_ready/train/insang/insang_T2_24_jpg.rf.f1dfae216049d8bf11fd44a6f6df38a6_1.jpg,train,insang,2,16
dataset_mobilenet_ready/train/insang/insang_T4_44_jpg.rf.a7c264b7f7820b964a473c71e727e6c7_1.jpg,train,insang,4,14
dataset_mobilenet_ready/train/insang/insang_T14_31_jpg.rf.6028c21afa3eb4511db1ff230972fb80_1.jpg,train,insang,14,4
dataset_mobilenet_ready/train/insang/insang_T15_61_jpg.rf.194a9029cc2701622aace99225046422_0.jpg,train,insang,15,3
dataset_mobilenet_ready/train/insang/insang_T18_123_jpg.rf.a25f481300e0c15c4eda4668b05e30b9_1.jpg,train,insang,18,0
dataset_mobilenet_ready/train/insang/insang_T18_95_jpg.rf.5938cceaa1b7d74c3e11e1b562eb82fe_1.jpg,train,insang,18,0
dataset_mobilenet_ready/train/insang/insang_T15_88_jpg.rf.47d9796e1a2d117ac98a6d4ed01d200d_1.jpg,train,insang,15,3
dataset_mobilenet_ready/train/insang/insang_T14_89_jpg.rf.b1820420b18b49580235b2c1dd64bdff_1.jpg,train,insang,14,4
dataset_mobilenet_ready/train/insang/insang_T14_103_jpg.rf.2dc0b0c84ac32ff047757dc37a3da77f_1.jpg,train,insang,14,4
dataset_mobilenet_ready/train/insang/insang_T13_47_jpg.rf.9e0a0d4a64bfe060a629b42f5296cfe8_1.jpg,train,insang,13,5
dataset_mobilenet_ready/train/insang/insang_T7_108_jpg.rf.44e917ec49e38c96ff8c1507cc33fd9b_1.jpg,train,insang,7,11
dataset_mobilenet_ready/train/insang/insang_T12_26_jpg.rf.da631bc59015903cde22b4dbdb5596ff_1.jpg,train,insang,12,6
dataset_mobilenet_ready/train/insang/insang_T14_82_jpg.rf.e3fa3b41ac013bb18c7e9cce9a234d8a_1.jpg,train,insang,14,4
dataset_mobilenet_ready/train/insang/insang_T15_58_jpg.rf.6e01f9f1332c2e0e46992111637afcbb_0.jpg,train,insang,15,3
dataset_mobilenet_ready/train/insang/insang_T6_95_jpg.rf.b10f371aae23fd8de39f31f314aae478_1.jpg,train,insang,6,12
dataset_mobilenet_ready/train/insang/insang_T7_71_jpg.rf.598a3dc80b73225bed4d44076e71b2b3_1.jpg,train,insang,7,11
dataset_mobilenet_ready/train/insang/insang_T15_51_jpg.rf.b1ccce7f53d9c57d2783821670b69aad_0.jpg,train,insang,15,3
dataset_mobilenet_ready/train/insang/insang_T15_28_jpg.rf.aa2a4f2ec8300730a3cb79a46c4dbcce_1.jpg,train,insang,15,3
dataset_mobilenet_ready/train/insang/insang_T9_1_jpg.rf.1fe3c0bd40e253e63179f1c03bda77cb_1.jpg,train,insang,9,9
dataset_mobilenet_ready/train/insang/insang_T12_12_jpg.rf.210cf5abd401b25c1ce8d38c792d6a65_1.jpg,train,insang,12,6
dataset_mobilenet_ready/train/insang/insang_T15_73_jpg.rf.d74d114d28ff1bc836741c4c1b94b59e_1.jpg,train,insang,15,3
dataset_mobilenet_ready/train/insang/insang_T7_43_jpg.rf.c18a82348638662b5523ec6730bef688_1.jpg,train,insang,7,11
dataset_mobilenet_ready/train/insang/insang_T2_66_jpg.rf.86e2fcb41259b99b31835d74997abd8f_0.jpg,train,insang,2,16
dataset_mobilenet_ready/train/insang/insang_T15_27_jpg.rf.f82c9ffcb3b3f4abbc4a3c18903444cd_0.jpg,train,insang,15,3
dataset_mobilenet_ready/train/insang/insang_T3_111_jpg.rf.4957bda46872cf313e0f9fca735eec9c_0.jpg,train,insang,3,15
dataset_mobilenet_ready/train/insang/insang_T5_93_jpg.rf.429d147ad403af08fd3e3c849940f396_2.jpg,train,insang,5,13
dataset_mobilenet_ready/train/insang/insang_T18_5_jpg.rf.f0bc654da1cfb4e5ffed635a08e17674_1.jpg,train,insang,18,0
dataset_mobilenet_ready/train/insang/insang_T18_80_jpg.rf.4fb6f51024acdfbab28d9d0edfb0003f_1.jpg,train,insang,18,0
dataset_mobilenet_ready/train/insang/insang_T2_11_jpg.rf.579b9571fbde2a5d97b1275f20eab325_1.jpg,train,insang,2,16
dataset_mobilenet_ready/train/insang/insang_T3_54_jpg.rf.750adcfa724def95c863c448edb2df50_1.jpg,train,insang,3,15
dataset_mobilenet_ready/train/insang/insang_T5_46_jpg.rf.7277622a9943413e49a2fd379bb77f0b_1.jpg,train,insang,5,13
dataset_mobilenet_ready/train/insang/insang_T15_79_jpg.rf.15ae47578eb287716cba9a7ed2b67e6c_0.jpg,train,insang,15,3
dataset_mobilenet_ready/train/insang/insang_T14_88_jpg.rf.8e61e9c824c6939c6ede1e8ff13e5c3f_1.jpg,train,insang,14,4
dataset_mobilenet_ready/train/insang/insang_T11_72_jpg.rf.2cd55d885cf36b936583244789d90bbc_1.jpg,train,insang,11,7
dataset_mobilenet_ready/train/insang/insang_T16_106_jpg.rf.8b527d2239ef6aa51e10e6848142a9f9_1.jpg,train,insang,16,2
dataset_mobilenet_ready/train/insang/insang_T13_54_jpg.rf.81d8253e7991585b9fb1e8810821df21_1.jpg,train,insang,13,5
dataset_mobilenet_ready/train/insang/insang_T13_93_jpg.rf.503ee595ab2899d7cd7b8ddb468623a4_1.jpg,train,insang,13,5
dataset_mobilenet_ready/train/insang/insang_T17_121_jpg.rf.51553ee3fed63cc3f09897975308b401_1.jpg,train,insang,17,1
dataset_mobilenet_ready/train/insang/insang_T5_86_jpg.rf.f96d801855f80d10280fd50480f78c37_1.jpg,train,insang,5,13
dataset_mobilenet_ready/train/insang/insang_T2_103_jpg.rf.eedc24591d0eade6c32590d585144a5d_1.jpg,train,insang,2,16
dataset_mobilenet_ready/train/insang/insang_T3_8_jpg.rf.ac522b265a11ec1f52a7a29d4b30e836_1.jpg,train,insang,3,15
dataset_mobilenet_ready/train/insang/insang_T17_88_jpg.rf.7ebfced79a379f0958de868787b7a978_1.jpg,train,insang,17,1
dataset_mobilenet_ready/train/insang/insang_T16_66_jpg.rf.8793549c24af7da0290fd7c319e9da09_1.jpg,train,insang,16,2
dataset_mobilenet_ready/train/insang/insang_T15_98_jpg.rf.9b6d59c627e10e2c07d6668c26af2ff3_1.jpg,train,insang,15,3
dataset_mobilenet_ready/train/insang/insang_T2_62_jpg.rf.1641a7971798c5a80a114e0685e6fbea_1.jpg,train,insang,2,16
dataset_mobilenet_ready/train/insang/insang_T13_67_jpg.rf.8e561e8e09421099c83d00d4609037f2_1.jpg,train,insang,13,5
dataset_mobilenet_ready/train/insang/insang_T4_64_jpg.rf.9a95cd348814f36fe82a8adba92d7fb6_0.jpg,train,insang,4,14
dataset_mobilenet_ready/train/insang/insang_T15_89_jpg.rf.4777412085989c1c5e56618a7f3d2932_1.jpg,train,insang,15,3
dataset_mobilenet_ready/train/insang/insang_T10_33_jpg.rf.5bdfa51b6b6545e928a6a568cdd0ed84_1.jpg,train,insang,10,8
dataset_mobilenet_ready/train/insang/insang_T6_80_jpg.rf.67287e0746b5ab01bd8be8943fc926ed_1.jpg,train,insang,6,12
dataset_mobilenet_ready/train/insang/insang_T11_45_jpg.rf.e27f3db07411a06220fa93b0891cd36f_0.jpg,train,insang,11,7
dataset_mobilenet_ready/train/insang/insang_T16_37_jpg.rf.69f44ff5e441578ba91d4f308b0a24c9_1.jpg,train,insang,16,2
dataset_mobilenet_ready/train/insang/insang_T18_1_jpg.rf.a6d3f877bfbcad5fc0cc7e0c129a96c1_0.jpg,train,insang,18,0
dataset_mobilenet_ready/train/insang/insang_T3_92_jpg.rf.a351783b611d9afe09b013073293eb77_1.jpg,train,insang,3,15
dataset_mobilenet_ready/train/insang/insang_T11_0_jpg.rf.16ebb526dfd4ac07d36933d49e5c94fd_1.jpg,train,insang,11,7
dataset_mobilenet_ready/train/insang/insang_T10_114_jpg.rf.72a7827eeac153c2483466320b7844eb_1.jpg,train,insang,10,8
dataset_mobilenet_ready/train/insang/insang_T3_78_jpg.rf.fd0c7eadd78ce5aa70b49daa749a29c3_1.jpg,train,insang,3,15
dataset_mobilenet_ready/train/insang/insang_T14_87_jpg.rf.eae566bc95c6f62aea8761991bd31a5b_1.jpg,train,insang,14,4
dataset_mobilenet_ready/train/insang/insang_T9_119_jpg.rf.494662fc5f2ab8073ca8110b181fb35e_1.jpg,train,insang,9,9
dataset_mobilenet_ready/train/insang/insang_T12_18_jpg.rf.c8c61e50cf3dd1f1db5e3e9bef7c415b_1.jpg,train,insang,12,6
dataset_mobilenet_ready/train/insang/insang_T16_90_jpg.rf.670f8fd5ed393361b91e0ce0c6850334_1.jpg,train,insang,16,2
dataset_mobilenet_ready/train/insang/insang_T18_73_jpg.rf.69a93484ee1747b0c915322f01d39ae5_1.jpg,train,insang,18,0
dataset_mobilenet_ready/train/insang/insang_T14_24_jpg.rf.a56169855d3514124f33fb19b9d207a8_1.jpg,train,insang,14,4
dataset_mobilenet_ready/train/insang/insang_T12_62_jpg.rf.1c37f6d816705df2971ae193633379f5_1.jpg,train,insang,12,6
dataset_mobilenet_ready/train/insang/insang_T10_41_jpg.rf.0c44eb98604a8cffca063080f5aaeefe_1.jpg,train,insang,10,8
dataset_mobilenet_ready/train/insang/insang_T12_122_jpg.rf.464b22699a57778d160c5f2d9749329a_1.jpg,train,insang,12,6
dataset_mobilenet_ready/train/insang/insang_T9_121_jpg.rf.eda8128b2c95287f0c72d6d0a40af2e1_0.jpg,train,insang,9,9
dataset_mobilenet_ready/train/insang/insang_T4_74_jpg.rf.c0d2c2422cf4d1b75c2a67e5b8bb0356_1.jpg,train,insang,4,14
dataset_mobilenet_ready/train/insang/insang_T15_114_jpg.rf.32cf68f1e27172553079cc88ea5e4f14_0.jpg,train,insang,15,3
dataset_mobilenet_ready/train/insang/insang_T3_36_jpg.rf.d9ef2f61f6b26a1e89a016f00c029fdc_1.jpg,train,insang,3,15
dataset_mobilenet_ready/train/insang/insang_T2_113_jpg.rf.c1d2b5ef40ed4d5783c2c8dbba6225e9_1.jpg,train,insang,2,16
dataset_mobilenet_ready/train/insang/insang_T9_42_jpg.rf.d752922df489027c47c93887a9e16266_1.jpg,train,insang,9,9
dataset_mobilenet_ready/train/insang/insang_T9_107_jpg.rf.19139459a484f624a624e6e1bc6b7e36_1.jpg,train,insang,9,9
dataset_mobilenet_ready/train/insang/insang_T18_92_jpg.rf.5490f40d78fea45f09eceef9bfbba5c3_1.jpg,train,insang,18,0
dataset_mobilenet_ready/train/insang/insang_T16_44_jpg.rf.12aa2eee2cb00a81b5d68041cd625cf3_1.jpg,train,insang,16,2
dataset_mobilenet_ready/train/insang/insang_T14_74_jpg.rf.7b1db200b8a4db15228b8ed5048ad1f8_1.jpg,train,insang,14,4
dataset_mobilenet_ready/train/insang/insang_T4_66_jpg.rf.4bc0a71dbaa16513e70631a11d0edc0b_0.jpg,train,insang,4,14
dataset_mobilenet_ready/train/insang/insang_T14_96_jpg.rf.1a288af1dbd9070d69c538985fea110e_1.jpg,train,insang,14,4
dataset_mobilenet_ready/train/insang/insang_T9_112_jpg.rf.53a1e0d6a1c7959fc014ca64de1d60ee_1.jpg,train,insang,9,9
dataset_mobilenet_ready/train/insang/insang_T5_105_jpg.rf.30bf9b720fa2b684adcdf7bd677d06af_0.jpg,train,insang,5,13
dataset_mobilenet_ready/train/insang/insang_T14_57_jpg.rf.f43f49bd6559c4a3fbc93a165ab05548_1.jpg,train,insang,14,4
dataset_mobilenet_ready/train/insang/insang_T12_27_jpg.rf.c07f779a34fe9560e03b6e84fb8f2a4e_1.jpg,train,insang,12,6
dataset_mobilenet_ready/train/insang/insang_T8_71_jpg.rf.5394702b9e517a13a47c354b7114975f_1.jpg,train,insang,8,10
dataset_mobilenet_ready/train/insang/insang_T8_65_jpg.rf.f4c781512e523d65aef197b9ce4c18fc_1.jpg,train,insang,8,10
dataset_mobilenet_ready/train/insang/insang_T6_26_jpg.rf.690adb8657b7d4e5954ade194c376f09_1.jpg,train,insang,6,12
dataset_mobilenet_ready/train/insang/insang_T5_53_jpg.rf.ad3218293b7fb2919f280b3ebe69b314_1.jpg,train,insang,5,13
dataset_mobilenet_ready/train/insang/insang_T14_20_jpg.rf.da7456d0879b0c67ae2caf7d86392e3f_1.jpg,train,insang,14,4
dataset_mobilenet_ready/train/insang/insang_T6_79_jpg.rf.9c875c21f86d16aab64aeb183556c7a6_1.jpg,train,insang,6,12
dataset_mobilenet_ready/train/insang/insang_T5_93_jpg.rf.429d147ad403af08fd3e3c849940f396_1.jpg,train,insang,5,13
dataset_mobilenet_ready/train/insang/insang_T14_4_jpg.rf.d914c1d86f2277bccab0f217580eb4f4_0.jpg,train,insang,14,4
dataset_mobilenet_ready/train/insang/insang_T5_123_jpg.rf.472300214d37f5732a2a86344b0aa07b_1.jpg,train,insang,5,13
dataset_mobilenet_ready/train/insang/insang_T11_87_jpg.rf.ae5197fc495d6354af598c14fb01d34f_1.jpg,train,insang,11,7
dataset_mobilenet_ready/train/insang/insang_T12_9_jpg.rf.e3773dc2fa557c551ff0b5071c1d595b_1.jpg,train,insang,12,6
dataset_mobilenet_ready/train/insang/insang_T8_32_jpg.rf.862c74cf133292adc09b9c60535ee6ba_0.jpg,train,insang,8,10
dataset_mobilenet_ready/train/insang/insang_T14_85_jpg.rf.a960a272bf79b29f8b3f465123ba1f1f_1.jpg,train,insang,14,4
dataset_mobilenet_ready/train/insang/insang_T15_94_jpg.rf.6668cc367d551a7e9650a4eb45f34f5a_1.jpg,train,insang,15,3
dataset_mobilenet_ready/train/insang/insang_T8_10_jpg.rf.7cbf1ac61939665a3863321b42a42e10_1.jpg,train,insang,8,10
dataset_mobilenet_ready/train/insang/insang_T18_49_jpg.rf.e3d55af76d3f668e409fcb225958b446_1.jpg,train,insang,18,0
dataset_mobilenet_ready/train/insang/insang_T13_113_jpg.rf.efe7946bb9bdd1deb686389c088f7541_0.jpg,train,insang,13,5
dataset_mobilenet_ready/train/insang/insang_T12_99_jpg.rf.2c92ce0a8fdb7ee10f94eaa7def96560_1.jpg,train,insang,12,6
dataset_mobilenet_ready/train/insang/insang_T15_33_jpg.rf.604f29d53cbea4401c91fc735582b04c_1.jpg,train,insang,15,3
dataset_mobilenet_ready/train/insang/insang_T4_12_jpg.rf.f4ef2631ef4a90fe7be064f6d132b2fc_0.jpg,train,insang,4,14
dataset_mobilenet_ready/train/insang/insang_T11_61_jpg.rf.f76153d9f6cb4598cffbc1372a9340ff_0.jpg,train,insang,11,7
dataset_mobilenet_ready/train/insang/insang_T3_94_jpg.rf.eec94bc937672be8f1c923e25d4c9e15_1.jpg,train,insang,3,15
dataset_mobilenet_ready/train/insang/insang_T16_83_jpg.rf.7775f27ba5b8e2c1a82b24fabb3db19f_1.jpg,train,insang,16,2
dataset_mobilenet_ready/train/insang/insang_T4_94_jpg.rf.3bc0d53aa68b1cae796338c85bfc3e67_1.jpg,train,insang,4,14
dataset_mobilenet_ready/train/insang/insang_T11_20_jpg.rf.9540ae724cec99d8fb33439a9d5fda1a_1.jpg,train,insang,11,7
dataset_mobilenet_ready/train/insang/insang_T13_117_jpg.rf.6a2e980edd6c7c8ee4256edc74f6b54c_1.jpg,train,insang,13,5
dataset_mobilenet_ready/train/insang/insang_T17_41_jpg.rf.1aa2143acc38d8a1c38bb9577561ca20_1.jpg,train,insang,17,1
dataset_mobilenet_ready/train/insang/insang_T5_37_jpg.rf.6391fd107c499630c8df0a43107b1c61_1.jpg,train,insang,5,13
dataset_mobilenet_ready/train/insang/insang_T4_105_jpg.rf.a5076385bb0d992d26ddce1faa90cab0_1.jpg,train,insang,4,14
dataset_mobilenet_ready/train/insang/insang_T2_79_jpg.rf.25b319ec2da112e7a3c9c522a5e9ea9d_1.jpg,train,insang,2,16
dataset_mobilenet_ready/train/insang/insang_T3_30_jpg.rf.2e11695ef67ee4aedfffcd578dc880e4_1.jpg,train,insang,3,15
dataset_mobilenet_ready/train/insang/insang_T9_49_jpg.rf.82c831832c4ecad2bc271e695df92840_0.jpg,train,insang,9,9
dataset_mobilenet_ready/train/insang/insang_T15_44_jpg.rf.a0eefc0eb6e28aa2b450dd63ce904b9c_1.jpg,train,insang,15,3
dataset_mobilenet_ready/train/insang/insang_T7_91_jpg.rf.e3c5d43eca7b8875df7342e468d23324_1.jpg,train,insang,7,11
dataset_mobilenet_ready/train/insang/insang_T10_49_jpg.rf.b11ef16e5fde602b82a6ef95b93cc619_1.jpg,train,insang,10,8
dataset_mobilenet_ready/train/insang/insang_T12_49_jpg.rf.b0b315097c104774a9a1714eb629bc7f_1.jpg,train,insang,12,6
dataset_mobilenet_ready/train/insang/insang_T10_1_jpg.rf.dd03b7138a862cee68263e2090a6c420_1.jpg,train,insang,10,8
dataset_mobilenet_ready/train/insang/insang_T8_102_jpg.rf.0dde0ef1b05cfedb74688c1b972fca43_1.jpg,train,insang,8,10
dataset_mobilenet_ready/train/insang/insang_T11_12_jpg.rf.04f679d79fa502581e5ec0988e195aae_1.jpg,train,insang,11,7
dataset_mobilenet_ready/train/insang/insang_T9_37_jpg.rf.38288b2388be35f4ffef6f6ffc6cd198_1.jpg,train,insang,9,9
dataset_mobilenet_ready/train/insang/insang_T11_55_jpg.rf.d49349b0a01f6212599e3337ae2338d1_0.jpg,train,insang,11,7
dataset_mobilenet_ready/train/insang/insang_T4_59_jpg.rf.0d7f84711de1c17180ecc66ba1882c6a_1.jpg,train,insang,4,14
dataset_mobilenet_ready/train/insang/insang_T15_109_jpg.rf.7a06383b7e8afc3852023ede20abb23e_0.jpg,train,insang,15,3
dataset_mobilenet_ready/train/insang/insang_T7_112_jpg.rf.152d85a36ebda4850905b86f8b61f66f_1.jpg,train,insang,7,11
dataset_mobilenet_ready/train/insang/insang_T2_60_jpg.rf.dfe1b178af5e9d5d102f2156feabce14_0.jpg,train,insang,2,16
dataset_mobilenet_ready/train/insang/insang_T5_38_jpg.rf.8b2b7b8f271e6998a809f20c04f8ba12_1.jpg,train,insang,5,13
dataset_mobilenet_ready/train/insang/insang_T15_106_jpg.rf.de00a45fe0925877dd9270a526fc816e_0.jpg,train,insang,15,3
dataset_mobilenet_ready/train/insang/insang_T5_89_jpg.rf.e88d34a576f31a49f420cc1abb0f5d38_1.jpg,train,insang,5,13
dataset_mobilenet_ready/train/insang/insang_T15_111_jpg.rf.86b1429ce44edbb8f4d3313ccb0a2349_0.jpg,train,insang,15,3
dataset_mobilenet_ready/train/insang/insang_T13_63_jpg.rf.8ac1e9c886ba47b1f24ec55213e04811_1.jpg,train,insang,13,5
dataset_mobilenet_ready/train/insang/insang_T17_24_jpg.rf.e303822d73e11f64f9f0d776506f9bab_1.jpg,train,insang,17,1
dataset_mobilenet_ready/train/insang/insang_T12_79_jpg.rf.7eb7a994bd1f95258d58d446de7b2261_1.jpg,train,insang,12,6
dataset_mobilenet_ready/train/insang/insang_T10_17_jpg.rf.dc77114849b2187e4b481f8d3d82dee4_1.jpg,train,insang,10,8
dataset_mobilenet_ready/train/insang/insang_T16_8_jpg.rf.44a0b7ccafe54187dccebff89044224d_1.jpg,train,insang,16,2
dataset_mobilenet_ready/train/insang/insang_T14_9_jpg.rf.b96bf3712da278da0a3cf15e6a0841d1_0.jpg,train,insang,14,4
dataset_mobilenet_ready/train/insang/insang_T11_122_jpg.rf.7132cb56e382de9b41e9ca5d84332e1f_1.jpg,train,insang,11,7
dataset_mobilenet_ready/train/insang/insang_T10_53_jpg.rf.8ccece537ae56b439038a68b3afee507_0.jpg,train,insang,10,8
dataset_mobilenet_ready/train/insang/insang_T3_72_jpg.rf.5b25a326f756467c43b3912e7f8ad64f_1.jpg,train,insang,3,15
dataset_mobilenet_ready/train/insang/insang_T7_7_jpg.rf.5ba50f7beb0466f4c132a6376f034b65_1.jpg,train,insang,7,11
dataset_mobilenet_ready/train/insang/insang_T2_9_jpg.rf.48508725d4bc50356711f648fa9f2b52_1.jpg,train,insang,2,16
dataset_mobilenet_ready/train/insang/insang_T11_104_jpg.rf.dcf569cd304f1bf39cedf88b955834df_1.jpg,train,insang,11,7
dataset_mobilenet_ready/train/insang/insang_T7_75_jpg.rf.88f577c3888582e138788deb4217508b_1.jpg,train,insang,7,11
dataset_mobilenet_ready/train/insang/insang_T17_25_jpg.rf.134e6b43d965775d4e868b387a9b6ce9_1.jpg,train,insang,17,1
dataset_mobilenet_ready/train/insang/insang_T14_29_jpg.rf.6e35af3b867d65bc18cd60e2d836e727_0.jpg,train,insang,14,4
dataset_mobilenet_ready/train/insang/insang_T3_124_jpg.rf.84eb1fd4cf23243a5135aad4f2355078_1.jpg,train,insang,3,15
dataset_mobilenet_ready/train/insang/insang_T15_20_jpg.rf.5bf8d53907d62726d0ad02f4e1817d2b_1.jpg,train,insang,15,3
dataset_mobilenet_ready/train/insang/insang_T14_34_jpg.rf.1dfe00bbe5bcbc62dfa91db049116ec0_1.jpg,train,insang,14,4
dataset_mobilenet_ready/train/insang/insang_T6_17_jpg.rf.7df8f142ff921ebc06119d4f7399172f_1.jpg,train,insang,6,12
dataset_mobilenet_ready/train/insang/insang_T17_84_jpg.rf.2e9a98d5291e59b6ad890dd89092638d_1.jpg,train,insang,17,1
dataset_mobilenet_ready/train/insang/insang_T15_64_jpg.rf.a077ecb76614266d399a501da0da0af5_1.jpg,train,insang,15,3
dataset_mobilenet_ready/train/insang/insang_T9_99_jpg.rf.f12991c0064946a846e294581ac66a94_1.jpg,train,insang,9,9
dataset_mobilenet_ready/train/insang/insang_T13_20_jpg.rf.1cbcd27728c6f80325115a4444750878_1.jpg,train,insang,13,5
dataset_mobilenet_ready/train/insang/insang_T15_31_jpg.rf.6633fd409ff23f3065433f1c6ee13d70_1.jpg,train,insang,15,3
dataset_mobilenet_ready/train/insang/insang_T2_37_jpg.rf.0afd6829c90cf7b1747780b9f8355a14_1.jpg,train,insang,2,16
dataset_mobilenet_ready/train/insang/insang_T3_2_jpg.rf.4f38cdfff03603a71beb17f477d2ab30_0.jpg,train,insang,3,15
dataset_mobilenet_ready/train/insang/insang_T15_40_jpg.rf.11fb0ab3379e6565483ec8186660ad03_1.jpg,train,insang,15,3
dataset_mobilenet_ready/train/insang/insang_T16_30_jpg.rf.6ea31fa3a93a96bebe9ace6b3c104aac_0.jpg,train,insang,16,2
dataset_mobilenet_ready/train/insang/insang_T16_51_jpg.rf.588154766d4657612554f4c08e15c3f8_1.jpg,train,insang,16,2
dataset_mobilenet_ready/train/insang/insang_T9_57_jpg.rf.815e0ee232d228ba48f0c617ad0ac8db_1.jpg,train,insang,9,9
dataset_mobilenet_ready/train/insang/insang_T4_30_jpg.rf.2b2c8a81403ac5fc2c3dc9c4cc1e0937_1.jpg,train,insang,4,14
dataset_mobilenet_ready/train/insang/insang_T13_89_jpg.rf.b6af0f23f9070dcd1cc9fdd16837a6d9_0.jpg,train,insang,13,5
dataset_mobilenet_ready/train/insang/insang_T7_35_jpg.rf.c5a1134d4db790809117b659c6a27c0a_1.jpg,train,insang,7,11
dataset_mobilenet_ready/train/insang/insang_T15_72_jpg.rf.d3abe57cb54ff0d92d5ccf0321e61501_1.jpg,train,insang,15,3
dataset_mobilenet_ready/train/insang/insang_T15_77_jpg.rf.3146db449203726dd8d33d57a9b6efc7_1.jpg,train,insang,15,3
dataset_mobilenet_ready/train/insang/insang_T12_57_jpg.rf.9dacb65ab468a31a4c1f913b7f89e64a_1.jpg,train,insang,12,6
dataset_mobilenet_ready/train/insang/insang_T15_36_jpg.rf.a8543f654efda218424acc46c446edf2_1.jpg,train,insang,15,3
dataset_mobilenet_ready/train/insang/insang_T15_53_jpg.rf.a233b170af62b187651d7eef6baa5b9d_1.jpg,train,insang,15,3
dataset_mobilenet_ready/train/insang/insang_T5_76_jpg.rf.f864a1e5c94d87c6c15dceddb7331c23_1.jpg,train,insang,5,13
dataset_mobilenet_ready/train/insang/insang_T12_2_jpg.rf.6f8dde9482a1d27674fee4994460e5dc_1.jpg,train,insang,12,6
dataset_mobilenet_ready/train/insang/insang_T7_63_jpg.rf.f66138bf5bfb998bef006f1fc8e68dfc_1.jpg,train,insang,7,11
dataset_mobilenet_ready/train/insang/insang_T14_112_jpg.rf.9db9177a06fc1dfb24abe486648f8c04_1.jpg,train,insang,14,4
dataset_mobilenet_ready/train/insang/insang_T15_16_jpg.rf.9fe093f41ffbe82d5d06682655f4a147_1.jpg,train,insang,15,3
dataset_mobilenet_ready/train/insang/insang_T8_97_jpg.rf.609fa3e6504b66d68739b316d5878afb_1.jpg,train,insang,8,10
dataset_mobilenet_ready/train/insang/insang_T13_36_jpg.rf.1b9ad140e02316c0a06685f89e05d854_1.jpg,train,insang,13,5
dataset_mobilenet_ready/train/insang/insang_T13_30_jpg.rf.74a7deb0aa6349227be5d29fd8b94418_1.jpg,train,insang,13,5
dataset_mobilenet_ready/train/insang/insang_T2_17_jpg.rf.83c14325017087a03e096ecf8927832a_1.jpg,train,insang,2,16
dataset_mobilenet_ready/train/insang/insang_T2_111_jpg.rf.728c5213a3bcc8070215d8affb506755_1.jpg,train,insang,2,16
dataset_mobilenet_ready/train/insang/insang_T18_114_jpg.rf.0c181e9efc1d97f457e7b308c165d252_0.jpg,train,insang,18,0
dataset_mobilenet_ready/train/insang/insang_T11_4_jpg.rf.0a856b71ab2ba623ddc883a3c7c1f671_1.jpg,train,insang,11,7
dataset_mobilenet_ready/train/insang/insang_T16_50_jpg.rf.caba34971a3f902499a564e96825fd38_1.jpg,train,insang,16,2
dataset_mobilenet_ready/train/insang/insang_T5_18_jpg.rf.5987c88eb5afb95cf035907441c65cec_0.jpg,train,insang,5,13
dataset_mobilenet_ready/train/insang/insang_T6_58_jpg.rf.755f33f6277e8c26c63e3cf5586ce293_0.jpg,train,insang,6,12
dataset_mobilenet_ready/train/insang/insang_T7_57_jpg.rf.72342819216881ae65c79cf7496ddcaf_0.jpg,train,insang,7,11
dataset_mobilenet_ready/train/insang/insang_T7_124_jpg.rf.515e22f52e391794a3841a1f6c88cc94_1.jpg,train,insang,7,11
dataset_mobilenet_ready/train/insang/insang_T2_64_jpg.rf.944e662846399bebc2b9dcf0c41ba9df_0.jpg,train,insang,2,16
dataset_mobilenet_ready/train/insang/insang_T3_60_jpg.rf.fedd7c08176947809a4af9687d7a77a6_1.jpg,train,insang,3,15
dataset_mobilenet_ready/train/insang/insang_T16_59_jpg.rf.9ad208c0a3ab588d4e9ed5e065f6931a_1.jpg,train,insang,16,2
dataset_mobilenet_ready/train/insang/insang_T11_63_jpg.rf.92d044059b3ce5ecc9191746e0a49e5e_0.jpg,train,insang,11,7
dataset_mobilenet_ready/train/insang/insang_T10_80_jpg.rf.28e283fa7c2507492dd0fcf48b51b92f_1.jpg,train,insang,10,8
dataset_mobilenet_ready/train/insang/insang_T10_111_jpg.rf.bec28402c7d045d53cf4ee6aa01a26d0_0.jpg,train,insang,10,8
dataset_mobilenet_ready/train/insang/insang_T4_20_jpg.rf.2f28262ffc4bd2485cff01b9f304e1fb_1.jpg,train,insang,4,14
dataset_mobilenet_ready/train/insang/insang_T11_51_jpg.rf.4b29ec30be250400620a9602311d53be_1.jpg,train,insang,11,7
dataset_mobilenet_ready/train/insang/insang_T14_124_jpg.rf.9cd7803065bf66c398981e8eb76f0dce_1.jpg,train,insang,14,4
dataset_mobilenet_ready/train/insang/insang_T17_82_jpg.rf.d1fdf020b8a08e3bb967681ec95e47cd_0.jpg,train,insang,17,1
dataset_mobilenet_ready/train/insang/insang_T6_12_jpg.rf.73ff56f9970daaacc69f593ae65a84eb_1.jpg,train,insang,6,12
dataset_mobilenet_ready/train/insang/insang_T10_51_jpg.rf.edfa7e565b2b34f282e648c70174b90b_1.jpg,train,insang,10,8
dataset_mobilenet_ready/train/insang/insang_T2_86_jpg.rf.4e2b97ffddbc7e6b0c273a3d8e0243b3_1.jpg,train,insang,2,16
dataset_mobilenet_ready/train/insang/insang_T11_123_jpg.rf.e5d0689b2cebc7fd0dd178b038470e42_1.jpg,train,insang,11,7
dataset_mobilenet_ready/train/insang/insang_T17_50_jpg.rf.4bf8ef664c9b4e83e5881094d190e126_0.jpg,train,insang,17,1
dataset_mobilenet_ready/train/insang/insang_T9_41_jpg.rf.b925126b4fd9e3fdb828dc160f0a73a0_1.jpg,train,insang,9,9
dataset_mobilenet_ready/train/insang/insang_T11_41_jpg.rf.4b0a91f67f1e67a24e994005c7b3626c_1.jpg,train,insang,11,7
dataset_mobilenet_ready/train/insang/insang_T15_74_jpg.rf.b781ad17151eb95be34cb2be6eaa5166_1.jpg,train,insang,15,3
dataset_mobilenet_ready/train/insang/insang_T9_90_jpg.rf.620d1c458d2127a65e465ba5a3acceab_0.jpg,train,insang,9,9
dataset_mobilenet_ready/train/insang/insang_T2_112_jpg.rf.5be2c66e780ad6e8da0ffbe0fbe4424e_1.jpg,train,insang,2,16
dataset_mobilenet_ready/train/insang/insang_T6_70_jpg.rf.242efa360b392c0a8e0385d7ea818bb5_1.jpg,train,insang,6,12
dataset_mobilenet_ready/train/insang/insang_T14_83_jpg.rf.71dfd1629ce9fc59f8bfe006b832dfbb_1.jpg,train,insang,14,4
dataset_mobilenet_ready/train/insang/insang_T15_30_jpg.rf.be308ce7ab782b70c1175d7ab1ea064d_1.jpg,train,insang,15,3
dataset_mobilenet_ready/train/insang/insang_T3_17_jpg.rf.bf6d09362277a1c56c7aa1f8fc826ea5_1.jpg,train,insang,3,15
dataset_mobilenet_ready/train/insang/insang_T4_28_jpg.rf.a5137b9c95bf83316512a7d825c85f4e_1.jpg,train,insang,4,14
dataset_mobilenet_ready/train/insang/insang_T4_72_jpg.rf.3ddda8b2fe3b940b72ed5468aa792152_1.jpg,train,insang,4,14
dataset_mobilenet_ready/train/insang/insang_T15_71_jpg.rf.6ca6b46ff10c55c48f9d014a1368030e_1.jpg,train,insang,15,3
dataset_mobilenet_ready/train/insang/insang_T16_110_jpg.rf.6cd2f145a66791be0049b7f8e6eb8215_0.jpg,train,insang,16,2
dataset_mobilenet_ready/train/insang/insang_T18_77_jpg.rf.5329c363ed8e2d0c8ea755bf8e544363_1.jpg,train,insang,18,0
dataset_mobilenet_ready/train/insang/insang_T15_82_jpg.rf.3b9598947e61f930988c1a7b12668e71_1.jpg,train,insang,15,3
dataset_mobilenet_ready/train/insang/insang_T3_28_jpg.rf.9ffeafccd4a85b71eef62731dd1fc358_1.jpg,train,insang,3,15
dataset_mobilenet_ready/train/insang/insang_T12_111_jpg.rf.37fb3a1eb5a1e8c5d408e550676dd1c5_1.jpg,train,insang,12,6
dataset_mobilenet_ready/train/insang/insang_T5_74_jpg.rf.8020472a64c84c6935348fb87e916d89_1.jpg,train,insang,5,13
dataset_mobilenet_ready/train/insang/insang_T17_80_jpg.rf.5950d2d5faf7160678d81016c98beed0_1.jpg,train,insang,17,1
dataset_mobilenet_ready/train/insang/insang_T7_55_jpg.rf.22f67f74d2a8a6bb79b16d46115be569_1.jpg,train,insang,7,11
dataset_mobilenet_ready/train/insang/insang_T10_38_jpg.rf.8e09218cfc24206c906f6d6ccaf2acce_1.jpg,train,insang,10,8
dataset_mobilenet_ready/train/insang/insang_T16_38_jpg.rf.e7af95b2ac9cfd94ec86a71435db8c3d_0.jpg,train,insang,16,2
dataset_mobilenet_ready/train/insang/insang_T11_17_jpg.rf.f17e073d8f871fbc96b78d9d25cb9c39_1.jpg,train,insang,11,7
dataset_mobilenet_ready/train/insang/insang_T18_101_jpg.rf.0a8a7b2ed34ab694071e723ead3ef636_1.jpg,train,insang,18,0
dataset_mobilenet_ready/train/insang/insang_T13_73_jpg.rf.1f2ba0944f49805dc9c43c88b82f08da_0.jpg,train,insang,13,5
dataset_mobilenet_ready/train/insang/insang_T3_79_jpg.rf.1123be7fcda2f8bc30451ce85db3051e_1.jpg,train,insang,3,15
dataset_mobilenet_ready/train/insang/insang_T7_9_jpg.rf.17188aa2c5bc6e7786843e4cdd19233b_1.jpg,train,insang,7,11
dataset_mobilenet_ready/train/insang/insang_T18_115_jpg.rf.6748c215a92d7d393e0aef59521629dc_1.jpg,train,insang,18,0
dataset_mobilenet_ready/train/insang/insang_T17_109_jpg.rf.5a17e0a86dd063ee7fd6fe8e432f703d_0.jpg,train,insang,17,1
dataset_mobilenet_ready/train/insang/insang_T10_70_jpg.rf.2fda92a26c9381a6aa70e179934673cf_1.jpg,train,insang,10,8
dataset_mobilenet_ready/train/insang/insang_T15_1_jpg.rf.aebab4caebfb49da07adc83fcec4e9e5_1.jpg,train,insang,15,3
dataset_mobilenet_ready/train/insang/insang_T4_62_jpg.rf.4b57df4e4024683bfd8e45eddf1f0c48_1.jpg,train,insang,4,14
dataset_mobilenet_ready/train/insang/insang_T2_109_jpg.rf.07b53bb45df7106aa57e99f957cb68e1_0.jpg,train,insang,2,16
dataset_mobilenet_ready/train/insang/insang_T11_18_jpg.rf.b0e1c8d88282e5367994cbae0fe7be43_1.jpg,train,insang,11,7
dataset_mobilenet_ready/train/insang/insang_T15_48_jpg.rf.ee930dfd3392ef81c61e404de14f3a5b_0.jpg,train,insang,15,3
dataset_mobilenet_ready/train/insang/insang_T4_124_jpg.rf.15ee472738b2575200819032ce3d9423_1.jpg,train,insang,4,14
dataset_mobilenet_ready/train/insang/insang_T2_105_jpg.rf.c0e30b989d9e8cbce79014e12307016b_1.jpg,train,insang,2,16
dataset_mobilenet_ready/train/insang/insang_T14_68_jpg.rf.9e95dc1eb444e51ee6b71e9e33c5cfc3_1.jpg,train,insang,14,4
dataset_mobilenet_ready/train/insang/insang_T14_86_jpg.rf.c40f44a64ad159ceddbb2b2a9f964946_1.jpg,train,insang,14,4
dataset_mobilenet_ready/train/insang/insang_T18_61_jpg.rf.aa1edf3c22d083681954bd04c6d3d082_0.jpg,train,insang,18,0
dataset_mobilenet_ready/train/insang/insang_T2_3_jpg.rf.829e4a86a27f6d01022183fd9898ab4b_0.jpg,train,insang,2,16
dataset_mobilenet_ready/train/insang/insang_T15_84_jpg.rf.22942997748583436277b3adc1022163_1.jpg,train,insang,15,3
dataset_mobilenet_ready/train/insang/insang_T3_46_jpg.rf.48cd7181b8bd9ce71f4bbda215788bc3_0.jpg,train,insang,3,15
dataset_mobilenet_ready/train/insang/insang_T11_32_jpg.rf.5bf3dc281a5e6cc85bc86a54742fce91_1.jpg,train,insang,11,7
dataset_mobilenet_ready/train/insang/insang_T11_16_jpg.rf.6f81ad53db4c8647f5c01624f32775ed_1.jpg,train,insang,11,7
dataset_mobilenet_ready/train/insang/insang_T17_56_jpg.rf.a576686e3e13bf90ef37225f8253a744_1.jpg,train,insang,17,1
dataset_mobilenet_ready/train/insang/insang_T7_2_jpg.rf.b61617ee86e8697b697e47f84f837bed_1.jpg,train,insang,7,11
dataset_mobilenet_ready/train/insang/insang_T18_102_jpg.rf.a83b77b913697e8feea207ad54bed9da_1.jpg,train,insang,18,0
dataset_mobilenet_ready/train/insang/insang_T18_4_jpg.rf.55b59d0b4647d128cf009f0f5b7f6bb6_1.jpg,train,insang,18,0
dataset_mobilenet_ready/train/insang/insang_T7_107_jpg.rf.aa8b24490b68b38dc3c946fd3cb0e511_1.jpg,train,insang,7,11
dataset_mobilenet_ready/train/insang/insang_T4_51_jpg.rf.6c0f1fa01522a675cc0d8ace7bfe68ac_1.jpg,train,insang,4,14
dataset_mobilenet_ready/train/insang/insang_T12_51_jpg.rf.837e307cbe5ce2cbfe613cddd5994766_0.jpg,train,insang,12,6
dataset_mobilenet_ready/train/insang/insang_T7_109_jpg.rf.35eba24d01d776141dcaafa92bf7e2eb_1.jpg,train,insang,7,11
dataset_mobilenet_ready/train/insang/insang_T11_80_jpg.rf.eaa06f206f14bea200fed05740f150a7_1.jpg,train,insang,11,7
dataset_mobilenet_ready/train/insang/insang_T7_110_jpg.rf.1862cc3ccab842e263916ff40b18b101_1.jpg,train,insang,7,11
dataset_mobilenet_ready/train/insang/insang_T6_13_jpg.rf.fd032d2828de459bd4cf2e52c187adef_1.jpg,train,insang,6,12
dataset_mobilenet_ready/train/insang/insang_T15_97_jpg.rf.4c81bb75c166effa631d2734944d8cde_1.jpg,train,insang,15,3
dataset_mobilenet_ready/train/insang/insang_T6_29_jpg.rf.c5c2c03270e50d0deadc37daa0a24678_1.jpg,train,insang,6,12
dataset_mobilenet_ready/train/insang/insang_T9_19_jpg.rf.ea1a3b4175e286a29d9c4840b8e5c8cc_1.jpg,train,insang,9,9
dataset_mobilenet_ready/train/insang/insang_T15_117_jpg.rf.af70ff8fc9cca82c293dbe2353cc4bc2_1.jpg,train,insang,15,3
dataset_mobilenet_ready/train/insang/insang_T16_1_jpg.rf.48ce6e2134b921d0eab4dc589a71cc70_1.jpg,train,insang,16,2
dataset_mobilenet_ready/train/insang/insang_T7_33_jpg.rf.129e19b38e41481a2c100bb059edd27c_1.jpg,train,insang,7,11
dataset_mobilenet_ready/train/insang/insang_T6_24_jpg.rf.c104d543b9debc7230d3493519edb30d_1.jpg,train,insang,6,12
dataset_mobilenet_ready/train/insang/insang_T5_101_jpg.rf.ed02a73cdc36b42a800cc606e9afd082_1.jpg,train,insang,5,13
dataset_mobilenet_ready/train/insang/insang_T15_120_jpg.rf.d416ef7eedcc96267733fe94e733d3d0_1.jpg,train,insang,15,3
dataset_mobilenet_ready/train/insang/insang_T13_77_jpg.rf.82552cf68460efffc4a79cb7403b5318_1.jpg,train,insang,13,5
dataset_mobilenet_ready/train/insang/insang_T18_118_jpg.rf.14209359adf3e08552b677032a7800e3_1.jpg,train,insang,18,0
dataset_mobilenet_ready/train/insang/insang_T13_74_jpg.rf.267f9d43e72ed872f83216efb209f0c0_0.jpg,train,insang,13,5
dataset_mobilenet_ready/train/insang/insang_T7_66_jpg.rf.6090c73747758a1ee3f09cc9ed899dc1_1.jpg,train,insang,7,11
dataset_mobilenet_ready/train/insang/insang_T2_84_jpg.rf.475406f738600e6ed4228a182b9c1df1_1.jpg,train,insang,2,16
dataset_mobilenet_ready/train/insang/insang_T9_30_jpg.rf.891f5da062a4c8a08d56d5cd7ccd349c_1.jpg,train,insang,9,9
dataset_mobilenet_ready/train/insang/insang_T7_96_jpg.rf.559a3449848e084a00128bbe957e740b_1.jpg,train,insang,7,11
dataset_mobilenet_ready/train/insang/insang_T16_102_jpg.rf.ac80c2ff1634ff488196a827e7536eb5_1.jpg,train,insang,16,2
dataset_mobilenet_ready/train/insang/insang_T2_45_jpg.rf.0b333d5a2097b790b9a8a7deffec3b70_1.jpg,train,insang,2,16
dataset_mobilenet_ready/train/insang/insang_T9_12_jpg.rf.f50618f7ef04afd84fc9feb539c000a3_1.jpg,train,insang,9,9
dataset_mobilenet_ready/train/insang/insang_T4_29_jpg.rf.de45b23065326ecbfe749209ebfca331_1.jpg,train,insang,4,14
dataset_mobilenet_ready/train/insang/insang_T5_4_jpg.rf.97319654fa2b5e5871e58df5ac2bfa9f_1.jpg,train,insang,5,13
dataset_mobilenet_ready/train/insang/insang_T8_92_jpg.rf.f18c243082fb2bd936c35d884b4b1c4d_0.jpg,train,insang,8,10
dataset_mobilenet_ready/train/insang/insang_T5_20_jpg.rf.e957e7422fe70c7c30b6a8b41eab1aeb_0.jpg,train,insang,5,13
dataset_mobilenet_ready/train/insang/insang_T6_44_jpg.rf.eb8575c287043cb021b80a647da333e4_1.jpg,train,insang,6,12
dataset_mobilenet_ready/train/insang/insang_T4_95_jpg.rf.3db8cd88348621e6da816741954ee818_1.jpg,train,insang,4,14
dataset_mobilenet_ready/train/insang/insang_T8_8_jpg.rf.3afd8589052c44e68279aef3ade1e520_1.jpg,train,insang,8,10
dataset_mobilenet_ready/train/insang/insang_T3_100_jpg.rf.7cd1262e1f7c1d1623e5c843d86f3cfe_0.jpg,train,insang,3,15
dataset_mobilenet_ready/train/insang/insang_T17_19_jpg.rf.8e19aa0a09f1135a370edf8aca024ce1_0.jpg,train,insang,17,1
dataset_mobilenet_ready/train/insang/insang_T14_7_jpg.rf.b95b148236cd9d694225a0c85cb86d30_1.jpg,train,insang,14,4
dataset_mobilenet_ready/train/insang/insang_T17_74_jpg.rf.d009c1425ec60f3a7174aef224893f6b_1.jpg,train,insang,17,1
dataset_mobilenet_ready/train/insang/insang_T2_104_jpg.rf.e4295ceb5a2630f7cd13d421ac04b065_1.jpg,train,insang,2,16
dataset_mobilenet_ready/train/insang/insang_T8_94_jpg.rf.95e3f288e0697ad69302cbc22540d2eb_0.jpg,train,insang,8,10
dataset_mobilenet_ready/train/insang/insang_T3_62_jpg.rf.f05632c51c844011d54f47a4c110efff_1.jpg,train,insang,3,15
dataset_mobilenet_ready/train/insang/insang_T17_17_jpg.rf.c4cbb32fc5093c2bafa0c7542e6d72bb_1.jpg,train,insang,17,1
dataset_mobilenet_ready/train/insang/insang_T7_49_jpg.rf.4cfa6b4021923d4761e68d539ae2c601_1.jpg,train,insang,7,11
dataset_mobilenet_ready/train/insang/insang_T3_93_jpg.rf.1c01fe1e48cdbdc704ede824d08eb045_1.jpg,train,insang,3,15
dataset_mobilenet_ready/train/insang/insang_T9_84_jpg.rf.4d55ba3c341b9faf9963be2cd9a94506_1.jpg,train,insang,9,9
dataset_mobilenet_ready/train/insang/insang_T6_1_jpg.rf.d54510525cb919aa26b42fe0eca71968_1.jpg,train,insang,6,12
dataset_mobilenet_ready/train/insang/insang_T17_51_jpg.rf.4698c12674899881f9a16d37e6e2d45b_0.jpg,train,insang,17,1
dataset_mobilenet_ready/train/insang/insang_T18_59_jpg.rf.a168be974bc4023a3e5326491d1c4635_0.jpg,train,insang,18,0
dataset_mobilenet_ready/train/insang/insang_T15_62_jpg.rf.512441f3419a1b768df4c800e3e9def8_0.jpg,train,insang,15,3
dataset_mobilenet_ready/train/insang/insang_T3_6_jpg.rf.05a59980818277a96b1f75b4c802af32_0.jpg,train,insang,3,15
dataset_mobilenet_ready/train/insang/insang_T3_51_jpg.rf.2f59e21cb1f09df404d189c4d5d632e8_0.jpg,train,insang,3,15
dataset_mobilenet_ready/train/insang/insang_T7_84_jpg.rf.13fb38fa613e93b517180e0f84281050_1.jpg,train,insang,7,11
dataset_mobilenet_ready/train/insang/insang_T16_18_jpg.rf.ec94432b80e6e5f305e756298f0ffb3d_1.jpg,train,insang,16,2
dataset_mobilenet_ready/train/insang/insang_T4_71_jpg.rf.6465a55e4c876f8affdfe141ff7c08a1_1.jpg,train,insang,4,14
dataset_mobilenet_ready/train/insang/insang_T8_91_jpg.rf.ca1d8bcfc8729fd153a9ad07ce94bf27_0.jpg,train,insang,8,10
dataset_mobilenet_ready/train/insang/insang_T8_0_jpg.rf.829dc2b3049622e27317bb879e181045_1.jpg,train,insang,8,10
dataset_mobilenet_ready/train/insang/insang_T6_84_jpg.rf.17b3b8fe24b03dc32dd1273f3dd0e9b1_1.jpg,train,insang,6,12
dataset_mobilenet_ready/train/insang/insang_T12_6_jpg.rf.e77f64160814796d32610db0d97226ef_1.jpg,train,insang,12,6
dataset_mobilenet_ready/train/insang/insang_T9_83_jpg.rf.da8fff0af760ee169ec16356605ba10c_0.jpg,train,insang,9,9
dataset_mobilenet_ready/train/insang/insang_T15_18_jpg.rf.8304662fdacb8652f3e75cae725b435a_1.jpg,train,insang,15,3
dataset_mobilenet_ready/train/insang/insang_T17_6_jpg.rf.13173a1887a5379b2097f161d663830b_1.jpg,train,insang,17,1
dataset_mobilenet_ready/train/insang/insang_T4_67_jpg.rf.67cf8346f0a59b1be246e3ba430663f1_1.jpg,train,insang,4,14
dataset_mobilenet_ready/train/insang/insang_T9_94_jpg.rf.b6f30428e3b28e20caf6172ec629599b_1.jpg,train,insang,9,9
dataset_mobilenet_ready/train/insang/insang_T10_86_jpg.rf.6aabd28f9ea57737292423b79500cc86_1.jpg,train,insang,10,8
dataset_mobilenet_ready/train/insang/insang_T7_0_jpg.rf.bbe363f55e33d95842f6df14743fa206_1.jpg,train,insang,7,11
dataset_mobilenet_ready/train/insang/insang_T9_51_jpg.rf.fae91592d4d783bcd9a9213e45ccf5f4_1.jpg,train,insang,9,9
dataset_mobilenet_ready/train/insang/insang_T8_35_jpg.rf.f280bc503bb132221cbf545181f83209_1.jpg,train,insang,8,10
dataset_mobilenet_ready/train/insang/insang_T3_56_jpg.rf.92086bfc36c9caaf9115a6ce0d6f7583_0.jpg,train,insang,3,15
dataset_mobilenet_ready/train/insang/insang_T5_21_jpg.rf.4b28a056fd12b1fb877f5736f2451940_1.jpg,train,insang,5,13
dataset_mobilenet_ready/train/insang/insang_T10_84_jpg.rf.2b9f82314aca4dc1aa8740b178bd7b74_1.jpg,train,insang,10,8
dataset_mobilenet_ready/train/insang/insang_T15_6_jpg.rf.ece094714915d2a745863795491b489d_0.jpg,train,insang,15,3
dataset_mobilenet_ready/train/insang/insang_T2_61_jpg.rf.c4aa4d4ce8a5536b4522553f98884699_1.jpg,train,insang,2,16
dataset_mobilenet_ready/train/insang/insang_T18_71_jpg.rf.8e1314f470fb59024d05a8ba81516b53_1.jpg,train,insang,18,0
dataset_mobilenet_ready/train/insang/insang_T12_117_jpg.rf.d649ed947931f32f3177f7355e1e2103_1.jpg,train,insang,12,6
dataset_mobilenet_ready/train/insang/insang_T7_39_jpg.rf.a799d7c5bc1c7c10d7c8ded7cc8c38cd_0.jpg,train,insang,7,11
dataset_mobilenet_ready/train/insang/insang_T6_60_jpg.rf.ec371c39a46d9ce7e80fd44b49c72538_1.jpg,train,insang,6,12
dataset_mobilenet_ready/train/insang/insang_T13_87_jpg.rf.3b48d80d575b5ca81e1ac8b8685a58a5_1.jpg,train,insang,13,5
dataset_mobilenet_ready/train/insang/insang_T17_72_jpg.rf.ba42f14dcb8235c0f1dff8b8ff01acb2_1.jpg,train,insang,17,1
dataset_mobilenet_ready/train/insang/insang_T12_92_jpg.rf.bd01d5e4281e40ae0a82354249568a45_1.jpg,train,insang,12,6
dataset_mobilenet_ready/train/insang/insang_T17_95_jpg.rf.2510bf3e06b7e793e0444e7af1d5109f_0.jpg,train,insang,17,1
dataset_mobilenet_ready/train/insang/insang_T15_93_jpg.rf.a0e45ceb085790817ecc3fd8fb472d73_0.jpg,train,insang,15,3
dataset_mobilenet_ready/train/insang/insang_T18_83_jpg.rf.668cb00e25df0c4aa349dc5e43150d85_1.jpg,train,insang,18,0
dataset_mobilenet_ready/train/insang/insang_T3_22_jpg.rf.bcb2ba7a349a2db55953fb07b15455a7_1.jpg,train,insang,3,15
dataset_mobilenet_ready/train/insang/insang_T3_16_jpg.rf.491a250cfbcc5875b2f03577dde107a0_1.jpg,train,insang,3,15
dataset_mobilenet_ready/train/insang/insang_T6_7_jpg.rf.ab9dc45238f43e1c2fa1145094d0b401_1.jpg,train,insang,6,12
dataset_mobilenet_ready/train/insang/insang_T11_19_jpg.rf.9f10459156259c1496671936fdf95838_1.jpg,train,insang,11,7
dataset_mobilenet_ready/train/insang/insang_T12_124_jpg.rf.6090ecd15e0c47d25ff17ad076de2ac0_1.jpg,train,insang,12,6
dataset_mobilenet_ready/train/insang/insang_T10_101_jpg.rf.331d823b4dcc11930cfa0c4efb73eceb_1.jpg,train,insang,10,8
dataset_mobilenet_ready/train/insang/insang_T12_104_jpg.rf.f164646527cb81e45e330d259bb963ed_1.jpg,train,insang,12,6
dataset_mobilenet_ready/train/insang/insang_T5_113_jpg.rf.e4fd99d4d89be5e6bd6bc6d694224364_0.jpg,train,insang,5,13
dataset_mobilenet_ready/train/insang/insang_T11_98_jpg.rf.6f544b04e36cafc22e82b108b691b35d_1.jpg,train,insang,11,7
dataset_mobilenet_ready/train/insang/insang_T6_45_jpg.rf.88f29291354827819e7410efdf435a70_1.jpg,train,insang,6,12
dataset_mobilenet_ready/train/insang/insang_T7_68_jpg.rf.9165e34b0492fc1d7e60cc89314fe7a2_0.jpg,train,insang,7,11
dataset_mobilenet_ready/train/insang/insang_T15_107_jpg.rf.e08107ba8ff2c594a74da9006ccb0add_1.jpg,train,insang,15,3
dataset_mobilenet_ready/train/insang/insang_T2_31_jpg.rf.b8e4e8430f3047c6ca24ec40ab491c5a_1.jpg,train,insang,2,16
dataset_mobilenet_ready/train/insang/insang_T7_15_jpg.rf.c7fe156824f5a662f2bbffe447da503f_1.jpg,train,insang,7,11
dataset_mobilenet_ready/train/insang/insang_T17_55_jpg.rf.b51484fad8bdf9e42028f5df817c73b2_1.jpg,train,insang,17,1
dataset_mobilenet_ready/train/insang/insang_T17_102_jpg.rf.9bb7950dee9a826b09913ce6d01008a8_0.jpg,train,insang,17,1
dataset_mobilenet_ready/train/insang/insang_T3_33_jpg.rf.dde3f99333cda2420a1e424cc8ddbbc2_1.jpg,train,insang,3,15
dataset_mobilenet_ready/train/insang/insang_T4_89_jpg.rf.10f27c8556779ae9476e34337d0f5212_1.jpg,train,insang,4,14
dataset_mobilenet_ready/train/insang/insang_T6_69_jpg.rf.bd44be506df260d981655e4b3b127a1d_1.jpg,train,insang,6,12
dataset_mobilenet_ready/train/insang/insang_T5_84_jpg.rf.518088710273451d128a375eec31fece_1.jpg,train,insang,5,13
dataset_mobilenet_ready/train/insang/insang_T10_77_jpg.rf.f60c941265ff316ee13bd2c60200877f_1.jpg,train,insang,10,8
dataset_mobilenet_ready/train/insang/insang_T9_22_jpg.rf.9a9287bb6795c22b9657b6be2b57031a_0.jpg,train,insang,9,9
dataset_mobilenet_ready/train/insang/insang_T2_101_jpg.rf.e0f28544c51592cdd88188cf766260c5_1.jpg,train,insang,2,16
dataset_mobilenet_ready/train/insang/insang_T7_21_jpg.rf.5bb02cd1d19deeb2c6d78b9b06c3b5a0_0.jpg,train,insang,7,11
dataset_mobilenet_ready/train/insang/insang_T14_21_jpg.rf.5cace14984622e7e907c638d3c092641_1.jpg,train,insang,14,4
dataset_mobilenet_ready/train/insang/insang_T17_92_jpg.rf.7a57d856345af10d19d2896b2adb5b09_1.jpg,train,insang,17,1
dataset_mobilenet_ready/train/insang/insang_T8_124_jpg.rf.236d6abcfd6d4aa2761740616c27e695_1.jpg,train,insang,8,10
dataset_mobilenet_ready/train/insang/insang_T9_46_jpg.rf.755e33db35c77297d2a8d4b6624118c0_1.jpg,train,insang,9,9
dataset_mobilenet_ready/train/insang/insang_T5_27_jpg.rf.b1209b2185e962b0cf59013ec5d24bc0_1.jpg,train,insang,5,13
dataset_mobilenet_ready/train/insang/insang_T6_105_jpg.rf.0ba508440a10de00a52ad889b64af404_1.jpg,train,insang,6,12
dataset_mobilenet_ready/train/insang/insang_T4_91_jpg.rf.9e3b0007b9e41131f3024d301c5e3709_1.jpg,train,insang,4,14
dataset_mobilenet_ready/train/insang/insang_T3_117_jpg.rf.a59df6843018b4c2530385ac9aa74564_1.jpg,train,insang,3,15
dataset_mobilenet_ready/train/insang/insang_T2_85_jpg.rf.32b7f2075bf544579ed706a69e167482_1.jpg,train,insang,2,16
dataset_mobilenet_ready/train/insang/insang_T13_86_jpg.rf.654da9580db8ae03299d4ca56196e629_1.jpg,train,insang,13,5
dataset_mobilenet_ready/train/insang/insang_T10_44_jpg.rf.45d2f6ce59125033f850cbb09115d0ed_1.jpg,train,insang,10,8
dataset_mobilenet_ready/train/insang/insang_T13_2_jpg.rf.b5a9bc1b35eeab79d3f840ba199202f7_1.jpg,train,insang,13,5
dataset_mobilenet_ready/train/insang/insang_T12_31_jpg.rf.ecf018f0a73629840b2484a3988206b5_1.jpg,train,insang,12,6
dataset_mobilenet_ready/train/insang/insang_T8_36_jpg.rf.976a477b9b020bfdeacc6f99dd839d49_1.jpg,train,insang,8,10
dataset_mobilenet_ready/train/insang/insang_T6_50_jpg.rf.c4806c1aadd8b9fd9c79e8572193f7a5_0.jpg,train,insang,6,12
dataset_mobilenet_ready/train/insang/insang_T4_104_jpg.rf.86c677f1c37be97012ef17c4c1ad5d4f_1.jpg,train,insang,4,14
dataset_mobilenet_ready/train/insang/insang_T12_29_jpg.rf.89540a375cc4ea6b3eb5ea4e56a1092a_1.jpg,train,insang,12,6
dataset_mobilenet_ready/train/insang/insang_T13_71_jpg.rf.2e1e3c51f8a0d3d7c23e984846910ead_0.jpg,train,insang,13,5
dataset_mobilenet_ready/train/insang/insang_T2_2_jpg.rf.95fee08c8ee1a0bbb990e0fa25ce8d0f_0.jpg,train,insang,2,16
dataset_mobilenet_ready/train/insang/insang_T15_68_jpg.rf.0bf5ce364bb7ed78355de4f19feb8293_1.jpg,train,insang,15,3
dataset_mobilenet_ready/train/insang/insang_T15_52_jpg.rf.e3e98a15cc94f755263527dc69c1262e_1.jpg,train,insang,15,3
dataset_mobilenet_ready/train/insang/insang_T6_124_jpg.rf.8aa2f512c326257368c996a0f12fee22_1.jpg,train,insang,6,12
dataset_mobilenet_ready/train/insang/insang_T7_99_jpg.rf.a46d29ed1a2f26698413483f92361fe6_1.jpg,train,insang,7,11
dataset_mobilenet_ready/train/insang/insang_T15_29_jpg.rf.2440ccb1b5197d25adb5356968c4c3ce_1.jpg,train,insang,15,3
dataset_mobilenet_ready/train/insang/insang_T14_98_jpg.rf.3efd7f1978fcbb73697cd898f3a8d9be_1.jpg,train,insang,14,4
dataset_mobilenet_ready/train/insang/insang_T17_68_jpg.rf.946032fd3cf9e6cd815341f07a1ede62_1.jpg,train,insang,17,1
dataset_mobilenet_ready/train/insang/insang_T2_51_jpg.rf.94046f574b4362e29393b69ea7049385_1.jpg,train,insang,2,16
dataset_mobilenet_ready/train/insang/insang_T7_62_jpg.rf.f663df91140b2dd468d180ae7cb45c03_1.jpg,train,insang,7,11
dataset_mobilenet_ready/train/insang/insang_T10_19_jpg.rf.d04860097373a296e3fe916eb2f9de6c_1.jpg,train,insang,10,8
dataset_mobilenet_ready/train/insang/insang_T7_11_jpg.rf.07620e8bd21bb9b5181a015c380b7cf5_0.jpg,train,insang,7,11
dataset_mobilenet_ready/train/insang/insang_T5_115_jpg.rf.44932878dd2070f45c0318311a61f923_0.jpg,train,insang,5,13
dataset_mobilenet_ready/train/insang/insang_T15_13_jpg.rf.e816beae0b5e05212c5453992f76c617_1.jpg,train,insang,15,3
dataset_mobilenet_ready/train/insang/insang_T16_39_jpg.rf.9c5ed518d4190a7feec118f24a6598f1_0.jpg,train,insang,16,2
dataset_mobilenet_ready/train/insang/insang_T5_12_jpg.rf.89c9fdc6a1544fbb8da14f36d7be6f08_1.jpg,train,insang,5,13
dataset_mobilenet_ready/train/insang/insang_T16_112_jpg.rf.a2396d4d80efb0a924213d805fcabbff_1.jpg,train,insang,16,2
dataset_mobilenet_ready/train/insang/insang_T9_79_jpg.rf.167559f39e360c73825f575151f0f4ad_1.jpg,train,insang,9,9
dataset_mobilenet_ready/train/insang/insang_T9_93_jpg.rf.43975078a059ad4617242dd91dc1aa26_0.jpg,train,insang,9,9
dataset_mobilenet_ready/train/insang/insang_T16_45_jpg.rf.c8f466a114bf7ca9a8912daa566b2ad3_1.jpg,train,insang,16,2
dataset_mobilenet_ready/train/insang/insang_T4_73_jpg.rf.231bf28e3185bbc6d985527386578d4a_1.jpg,train,insang,4,14
dataset_mobilenet_ready/train/insang/insang_T17_28_jpg.rf.580ab99b5fa0db288c364c39368f8aa8_0.jpg,train,insang,17,1
dataset_mobilenet_ready/train/insang/insang_T9_105_jpg.rf.54893608a69b3af2828c0d2d6a23af52_0.jpg,train,insang,9,9
dataset_mobilenet_ready/train/insang/insang_T3_40_jpg.rf.7e8bfbf8e8d29b2e8151c3921bb051fa_1.jpg,train,insang,3,15
dataset_mobilenet_ready/train/insang/insang_T10_6_jpg.rf.ce1b93aeb6790e4c5c20539632d2370c_1.jpg,train,insang,10,8
dataset_mobilenet_ready/train/insang/insang_T15_34_jpg.rf.ac93ca95e7f9f0fedd770135617f304c_1.jpg,train,insang,15,3
dataset_mobilenet_ready/train/insang/insang_T13_18_jpg.rf.6ae91525d3392041312ff6d69f0b1e1d_0.jpg,train,insang,13,5
dataset_mobilenet_ready/train/insang/insang_T12_34_jpg.rf.b6b43fa1f284a01538ad81e955491f3f_1.jpg,train,insang,12,6
dataset_mobilenet_ready/train/insang/insang_T10_36_jpg.rf.d8d97e82b8d634fce072ad84efb582ee_1.jpg,train,insang,10,8
dataset_mobilenet_ready/train/insang/insang_T13_49_jpg.rf.decabca567f6c6e93aebf6dab1024ffd_1.jpg,train,insang,13,5
dataset_mobilenet_ready/train/insang/insang_T13_102_jpg.rf.c48f416c9aa596a1b3c11a6422254958_1.jpg,train,insang,13,5
dataset_mobilenet_ready/train/insang/insang_T14_8_jpg.rf.a1bfc41774124664f789e8a7169e3d5e_1.jpg,train,insang,14,4
dataset_mobilenet_ready/train/insang/insang_T5_39_jpg.rf.44f850a69ca0f82b17165ddf73e3390a_1.jpg,train,insang,5,13
dataset_mobilenet_ready/train/insang/insang_T13_26_jpg.rf.51469650ad03ca69cf6972476ec460f7_1.jpg,train,insang,13,5
dataset_mobilenet_ready/train/insang/insang_T8_96_jpg.rf.d450618e34586ec0498fde8595ea5d9f_1.jpg,train,insang,8,10
dataset_mobilenet_ready/train/insang/insang_T5_121_jpg.rf.3e2da59fb6acfcdd672bc8fcacb883ed_1.jpg,train,insang,5,13
dataset_mobilenet_ready/train/insang/insang_T8_60_jpg.rf.a3d4ec2bce0c0839edcfa70cf5b7b6e0_0.jpg,train,insang,8,10
dataset_mobilenet_ready/train/insang/insang_T9_80_jpg.rf.60ff032954e59635145957735351c9e4_1.jpg,train,insang,9,9
dataset_mobilenet_ready/train/insang/insang_T13_8_jpg.rf.a5fcea4bb93a842eaa98930040b4a09f_1.jpg,train,insang,13,5
dataset_mobilenet_ready/train/insang/insang_T17_53_jpg.rf.c6ff961033ac624c417edb8305c2475d_1.jpg,train,insang,17,1
dataset_mobilenet_ready/train/insang/insang_T10_26_jpg.rf.69706895719d3a8479a696e98cc22c91_1.jpg,train,insang,10,8
dataset_mobilenet_ready/train/insang/insang_T2_22_jpg.rf.0420b038cdee41ee70aa80f86ca31394_1.jpg,train,insang,2,16
dataset_mobilenet_ready/train/insang/insang_T7_29_jpg.rf.3ceb2d4f4abfdaf56dfd6c77484725ce_1.jpg,train,insang,7,11
dataset_mobilenet_ready/train/insang/insang_T7_119_jpg.rf.c7d3dfab0f2941f3927931b0e50d1391_1.jpg,train,insang,7,11
dataset_mobilenet_ready/train/insang/insang_T3_15_jpg.rf.df036cc71d0b013b1443b52cfc135ef4_0.jpg,train,insang,3,15
dataset_mobilenet_ready/train/insang/insang_T6_57_jpg.rf.ad48e464144518b12694454b540c868d_0.jpg,train,insang,6,12
dataset_mobilenet_ready/train/insang/insang_T3_25_jpg.rf.48a0828934dd780d18632832227800eb_1.jpg,train,insang,3,15
dataset_mobilenet_ready/train/insang/insang_T4_40_jpg.rf.8e3f93baca7272bad3a06b691562ee70_1.jpg,train,insang,4,14
dataset_mobilenet_ready/train/insang/insang_T9_55_jpg.rf.f63dbc3c9cecfde023fa10d8826134af_1.jpg,train,insang,9,9
dataset_mobilenet_ready/train/insang/insang_T17_18_jpg.rf.91e82c413a07ac3aa31cb2ebc92699bd_1.jpg,train,insang,17,1
dataset_mobilenet_ready/train/insang/insang_T6_25_jpg.rf.95d6d4222026e478a8f3c61b15e4ff7b_1.jpg,train,insang,6,12
dataset_mobilenet_ready/train/insang/insang_T10_61_jpg.rf.fa41a983f820f214faf473fbac8a5623_1.jpg,train,insang,10,8
dataset_mobilenet_ready/train/insang/insang_T17_29_jpg.rf.49d349836061731f11859f6e70f106d6_0.jpg,train,insang,17,1
dataset_mobilenet_ready/train/insang/insang_T4_26_jpg.rf.10da47b67c1828f1c709aec12909b2a8_1.jpg,train,insang,4,14
dataset_mobilenet_ready/train/insang/insang_T4_93_jpg.rf.e36880c7bcdd649ca27f15e6d2c708eb_1.jpg,train,insang,4,14
dataset_mobilenet_ready/train/insang/insang_T16_49_jpg.rf.8c7a57faeb1c5cc004ac076f2ba6b844_1.jpg,train,insang,16,2
dataset_mobilenet_ready/train/insang/insang_T13_124_jpg.rf.86a71d261948e0a9244edf8139f1c4bc_1.jpg,train,insang,13,5
dataset_mobilenet_ready/train/insang/insang_T13_66_jpg.rf.7bc220d96dfa79e5f9c232983e1124d0_1.jpg,train,insang,13,5
dataset_mobilenet_ready/train/insang/insang_T5_79_jpg.rf.5af493db7d498408182d59c9d4d0e2e4_1.jpg,train,insang,5,13
dataset_mobilenet_ready/train/insang/insang_T7_86_jpg.rf.8d3c7d79b89926faec4b1f974bc50cfc_1.jpg,train,insang,7,11
dataset_mobilenet_ready/train/insang/insang_T2_33_jpg.rf.22c9668b4691f0da762c2fb8e55e616d_1.jpg,train,insang,2,16
dataset_mobilenet_ready/train/insang/insang_T16_70_jpg.rf.750d4d3bb9b34b075e119101d7e6d812_1.jpg,train,insang,16,2
dataset_mobilenet_ready/train/insang/insang_T13_31_jpg.rf.a4e049cf56a0d641aa3541ee22161728_1.jpg,train,insang,13,5
dataset_mobilenet_ready/train/insang/insang_T12_45_jpg.rf.5516dbca2e17011eb0ffb1450d4a344b_1.jpg,train,insang,12,6
dataset_mobilenet_ready/train/insang/insang_T7_70_jpg.rf.488e34a74a1b617f34c86697c5efbd3d_1.jpg,train,insang,7,11
dataset_mobilenet_ready/train/insang/insang_T6_53_jpg.rf.b5ade2f8ce96503c6259d58ef7680912_0.jpg,train,insang,6,12
dataset_mobilenet_ready/train/insang/insang_T4_60_jpg.rf.ce62bf11099a7793dacd691d8bc3e624_1.jpg,train,insang,4,14
dataset_mobilenet_ready/train/insang/insang_T12_19_jpg.rf.a67bab9812eaf92d8ec0230f57f66396_1.jpg,train,insang,12,6
dataset_mobilenet_ready/train/insang/insang_T14_10_jpg.rf.610614b06b2a925f4fa80e22e9f0a8a7_0.jpg,train,insang,14,4
dataset_mobilenet_ready/train/insang/insang_T5_42_jpg.rf.c928de6fa5e29ce7b54fc032077772e6_1.jpg,train,insang,5,13
dataset_mobilenet_ready/train/insang/insang_T6_109_jpg.rf.96fe77f21be282e198778ee9fb364951_1.jpg,train,insang,6,12
dataset_mobilenet_ready/train/insang/insang_T18_74_jpg.rf.c1a595b8cb7145b148cf1a7dfeb75369_1.jpg,train,insang,18,0
dataset_mobilenet_ready/train/insang/insang_T14_14_jpg.rf.b3092d73654b8dee696bc5910bf7034d_1.jpg,train,insang,14,4
dataset_mobilenet_ready/train/insang/insang_T11_74_jpg.rf.b12eb28b2b3cd7153d9d1733828433b3_1.jpg,train,insang,11,7
dataset_mobilenet_ready/train/insang/insang_T18_8_jpg.rf.f27950dc7746a10886c302d31307c89c_1.jpg,train,insang,18,0
dataset_mobilenet_ready/train/insang/insang_T17_42_jpg.rf.4db3afd8bd5aa0a36e94b9d4d6cb5912_0.jpg,train,insang,17,1
dataset_mobilenet_ready/train/insang/insang_T11_77_jpg.rf.d9e5b486f496ab59e53f7a389893a786_1.jpg,train,insang,11,7
dataset_mobilenet_ready/train/insang/insang_T17_89_jpg.rf.67953c8dc11573a1c71742f143314d51_1.jpg,train,insang,17,1
dataset_mobilenet_ready/train/insang/insang_T3_123_jpg.rf.8223dc9329c4c5f5a9fbf8ddbfe9cca3_1.jpg,train,insang,3,15
dataset_mobilenet_ready/train/insang/insang_T5_91_jpg.rf.ee10e0c74d8396b414f8939accf4abe4_1.jpg,train,insang,5,13
dataset_mobilenet_ready/train/insang/insang_T7_122_jpg.rf.da25c215e284e3ca18f99805654df403_1.jpg,train,insang,7,11
dataset_mobilenet_ready/train/insang/insang_T5_51_jpg.rf.de3e9614827da513c8d1006d229ed2c0_1.jpg,train,insang,5,13
dataset_mobilenet_ready/train/insang/insang_T17_122_jpg.rf.cbe5b8217f1752c4e3626e7e61efa06b_1.jpg,train,insang,17,1
dataset_mobilenet_ready/train/insang/insang_T2_32_jpg.rf.e24be802b2036821a8888600fd2c58e1_1.jpg,train,insang,2,16
dataset_mobilenet_ready/train/insang/insang_T11_59_jpg.rf.d14ab6f167e71a55cd1e90583a78af5f_0.jpg,train,insang,11,7
dataset_mobilenet_ready/train/insang/insang_T8_73_jpg.rf.5997d3fed54e391c2f59ee6c9a4d0d61_1.jpg,train,insang,8,10
dataset_mobilenet_ready/train/insang/insang_T2_90_jpg.rf.6d0859f263f713cc411e0e17dc21e14a_1.jpg,train,insang,2,16
dataset_mobilenet_ready/train/insang/insang_T7_116_jpg.rf.e96e3dc22a8f3d2a1490d311cc9455b9_1.jpg,train,insang,7,11
dataset_mobilenet_ready/train/insang/insang_T14_41_jpg.rf.4dbf265f5cdc143619aa052995c1144b_1.jpg,train,insang,14,4
dataset_mobilenet_ready/train/insang/insang_T6_71_jpg.rf.b8815a70421fe4e8eaad3e8d61123147_1.jpg,train,insang,6,12
dataset_mobilenet_ready/train/insang/insang_T2_35_jpg.rf.141c85a27e889ce27c2d356aec6feedc_1.jpg,train,insang,2,16
dataset_mobilenet_ready/train/insang/insang_T11_109_jpg.rf.032a3b9c04475c15e88b5824fba24820_1.jpg,train,insang,11,7
dataset_mobilenet_ready/train/insang/insang_T18_94_jpg.rf.9aa5ea76d67ba61b790682fab3847305_1.jpg,train,insang,18,0
dataset_mobilenet_ready/train/insang/insang_T9_89_jpg.rf.067a76008a915b319f289ea7e4860d19_0.jpg,train,insang,9,9
dataset_mobilenet_ready/train/insang/insang_T16_22_jpg.rf.45725c7c6ba9ea5875f22edafae99a5e_1.jpg,train,insang,16,2
dataset_mobilenet_ready/train/insang/insang_T10_23_jpg.rf.f955e8e9c5d5c232c92a60003ae33983_1.jpg,train,insang,10,8
dataset_mobilenet_ready/train/insang/insang_T10_83_jpg.rf.13f13d0c1a8f2ef4df9763bfb3cf6975_1.jpg,train,insang,10,8
dataset_mobilenet_ready/train/insang/insang_T14_71_jpg.rf.6ccf01d5a609aee7a6ce8fe37a9a012a_0.jpg,train,insang,14,4
dataset_mobilenet_ready/train/insang/insang_T7_6_jpg.rf.359ceab1083112d87b0e7ae6bbb07148_1.jpg,train,insang,7,11
dataset_mobilenet_ready/train/insang/insang_T5_5_jpg.rf.7e951fffba1678b65c588323edbd63e7_1.jpg,train,insang,5,13
dataset_mobilenet_ready/train/insang/insang_T6_37_jpg.rf.4933dff8e0000f3751e3b8983ce25d85_1.jpg,train,insang,6,12
dataset_mobilenet_ready/train/insang/insang_T13_114_jpg.rf.fb706341f59cedea1b38fac7714a0b9a_0.jpg,train,insang,13,5
dataset_mobilenet_ready/train/insang/insang_T8_114_jpg.rf.0342f980ee140e3e41c1e07399cc76d8_0.jpg,train,insang,8,10
dataset_mobilenet_ready/train/insang/insang_T10_68_jpg.rf.f36c9199e5da314f8170f618521ef7cd_1.jpg,train,insang,10,8
dataset_mobilenet_ready/train/insang/insang_T16_2_jpg.rf.a2a15aa7e8cbd33bc555ecea3dcec696_1.jpg,train,insang,16,2
dataset_mobilenet_ready/train/insang/insang_T8_85_jpg.rf.fac22b91e3c65b8b1d7883b316c694eb_1.jpg,train,insang,8,10
dataset_mobilenet_ready/train/insang/insang_T7_64_jpg.rf.67e1e5bb29c8d7082cdfb246b554eb31_1.jpg,train,insang,7,11
dataset_mobilenet_ready/train/insang/insang_T7_5_jpg.rf.7a1c2f34a71248c5d95335479eed9e37_1.jpg,train,insang,7,11
dataset_mobilenet_ready/train/insang/insang_T13_51_jpg.rf.39ee7c19d0de4967c423c02c5834bdc9_1.jpg,train,insang,13,5
dataset_mobilenet_ready/train/insang/insang_T15_55_jpg.rf.f8b5be66a765c7d2a8372de071b09b86_1.jpg,train,insang,15,3
dataset_mobilenet_ready/train/insang/insang_T10_89_jpg.rf.d14ea0634d19daa86bb4fcab1444e7c5_1.jpg,train,insang,10,8
dataset_mobilenet_ready/train/insang/insang_T9_5_jpg.rf.abc280003a9fae00ed28d10b91ac45ef_1.jpg,train,insang,9,9
dataset_mobilenet_ready/train/insang/insang_T16_75_jpg.rf.0c8bb9118d25b216b295b1a3d953195c_1.jpg,train,insang,16,2
dataset_mobilenet_ready/train/insang/insang_T11_100_jpg.rf.1417053e5d480324f880342f33aafe4f_1.jpg,train,insang,11,7
dataset_mobilenet_ready/train/insang/insang_T5_110_jpg.rf.c1010e83182c73c1ae8f4f5c13c14e25_0.jpg,train,insang,5,13
dataset_mobilenet_ready/train/insang/insang_T7_77_jpg.rf.a59780053266c6e4a45f1baf654a25e0_1.jpg,train,insang,7,11
dataset_mobilenet_ready/train/insang/insang_T8_82_jpg.rf.8983bc973888c2f944f7779c65189639_1.jpg,train,insang,8,10
dataset_mobilenet_ready/train/insang/insang_T14_94_jpg.rf.5585ac7ab947ccf26f26261317a42801_1.jpg,train,insang,14,4
dataset_mobilenet_ready/train/insang/insang_T14_50_jpg.rf.a96f63f2f4d7499284ce185c8f7b0cc4_1.jpg,train,insang,14,4
dataset_mobilenet_ready/train/insang/insang_T9_17_jpg.rf.2d6e7c0ae94d0bf5aabc557b48cb62a7_1.jpg,train,insang,9,9
dataset_mobilenet_ready/train/insang/insang_T5_72_jpg.rf.5973c9ac81c78acb0195200c55397a8e_1.jpg,train,insang,5,13
dataset_mobilenet_ready/train/insang/insang_T18_121_jpg.rf.57a8acac943ebcdcf6ea96542882a084_0.jpg,train,insang,18,0
dataset_mobilenet_ready/train/insang/insang_T7_69_jpg.rf.28a4aa26cb323af837129e9ee7caac50_0.jpg,train,insang,7,11
dataset_mobilenet_ready/train/insang/insang_T2_119_jpg.rf.645dd232c9ccb39585bf4aa6f9beca0b_1.jpg,train,insang,2,16
dataset_mobilenet_ready/train/insang/insang_T18_27_jpg.rf.835f53071e00824271a1a682af5719bc_1.jpg,train,insang,18,0
dataset_mobilenet_ready/train/insang/insang_T11_7_jpg.rf.2d77b0c7418e53de321956d636faab65_1.jpg,train,insang,11,7
dataset_mobilenet_ready/train/insang/insang_T14_106_jpg.rf.c078576b6c92a1f8c90b7a4c87624503_1.jpg,train,insang,14,4
dataset_mobilenet_ready/train/insang/insang_T14_119_jpg.rf.7823913e2d67c7621c3d0ca4f7b68767_0.jpg,train,insang,14,4
dataset_mobilenet_ready/train/insang/insang_T3_70_jpg.rf.a0cfd2ca37bb8848874547d37de8ea89_1.jpg,train,insang,3,15
dataset_mobilenet_ready/train/insang/insang_T5_106_jpg.rf.d99819083f21aac4f33e38d3f8a56459_0.jpg,train,insang,5,13
dataset_mobilenet_ready/train/insang/insang_T6_56_jpg.rf.a451de78f6f7fd6fa8dbbd85dee9e478_0.jpg,train,insang,6,12
dataset_mobilenet_ready/train/insang/insang_T15_76_jpg.rf.32dcd364896d519c3c4cf70c3b985d50_1.jpg,train,insang,15,3
dataset_mobilenet_ready/train/insang/insang_T6_2_jpg.rf.9e346bfd3bfa66a8f35367cd069ec531_1.jpg,train,insang,6,12
dataset_mobilenet_ready/train/insang/insang_T6_42_jpg.rf.3338bd2964e58bbcaedc69e012ed87c2_1.jpg,train,insang,6,12
dataset_mobilenet_ready/train/insang/insang_T11_27_jpg.rf.e491935d42aa5527b99e8710fea88de6_1.jpg,train,insang,11,7
dataset_mobilenet_ready/train/insang/insang_T13_5_jpg.rf.02badfe5daddbbf69da5195e43772cc2_1.jpg,train,insang,13,5
dataset_mobilenet_ready/train/insang/insang_T13_21_jpg.rf.63c6117fbbb27a41750e54fbfb47f39a_1.jpg,train,insang,13,5
dataset_mobilenet_ready/train/insang/insang_T12_110_jpg.rf.7cca8f1d10c3df32c1746bf4ccc383c9_1.jpg,train,insang,12,6
dataset_mobilenet_ready/train/insang/insang_T11_73_jpg.rf.a9c4b6993ea5fba624f282ac88f64a92_1.jpg,train,insang,11,7
dataset_mobilenet_ready/train/insang/insang_T5_82_jpg.rf.7374116fdb1a736bb50f04747982c741_1.jpg,train,insang,5,13
dataset_mobilenet_ready/train/insang/insang_T6_3_jpg.rf.68edc9e9ceee2a452741b017306b90fa_1.jpg,train,insang,6,12
dataset_mobilenet_ready/train/insang/insang_T14_99_jpg.rf.e3aba90809966e478ac2a7938a5ca3d3_1.jpg,train,insang,14,4
dataset_mobilenet_ready/train/insang/insang_T10_65_jpg.rf.20c07a693ca75e0bb307de9ff39117c5_1.jpg,train,insang,10,8
dataset_mobilenet_ready/train/insang/insang_T4_101_jpg.rf.08870296ef7be7f3f285d9e8ed2f2043_0.jpg,train,insang,4,14
dataset_mobilenet_ready/train/insang/insang_T2_93_jpg.rf.ec336ccc0c2fa137c1c4e52f5fb7d4bd_1.jpg,train,insang,2,16
dataset_mobilenet_ready/train/insang/insang_T3_96_jpg.rf.20b4763debcef4a643fe76294a7a330e_1.jpg,train,insang,3,15
dataset_mobilenet_ready/train/insang/insang_T14_59_jpg.rf.f13a31d47cecfeba0507b425494a3f1d_1.jpg,train,insang,14,4
dataset_mobilenet_ready/train/insang/insang_T12_118_jpg.rf.189a12cd1e639775f4bd3f86d61e3258_1.jpg,train,insang,12,6
dataset_mobilenet_ready/train/insang/insang_T9_32_jpg.rf.7c00ea686d51d7bb64416fe2c9b92999_1.jpg,train,insang,9,9
dataset_mobilenet_ready/train/insang/insang_T9_95_jpg.rf.54b81bf736f4a9ad7a49f2ea1b4b5bfa_1.jpg,train,insang,9,9
dataset_mobilenet_ready/train/insang/insang_T18_58_jpg.rf.1c501114a75d53e7dbdcfd88a3e71403_0.jpg,train,insang,18,0
dataset_mobilenet_ready/train/insang/insang_T15_105_jpg.rf.6bcb8a0d16815656c4255cd2b583ba2f_0.jpg,train,insang,15,3
dataset_mobilenet_ready/train/insang/insang_T2_92_jpg.rf.79de1fcbcd6c4f9feeb665a0120c1247_1.jpg,train,insang,2,16
dataset_mobilenet_ready/train/insang/insang_T3_81_jpg.rf.02439373bc96595690b850992754a593_1.jpg,train,insang,3,15
dataset_mobilenet_ready/train/insang/insang_T15_50_jpg.rf.85d567d06459c5ae4127374a50ef799f_1.jpg,train,insang,15,3
dataset_mobilenet_ready/train/insang/insang_T4_63_jpg.rf.aff6be5e8c33489954f229cbac87b472_1.jpg,train,insang,4,14
dataset_mobilenet_ready/train/insang/insang_T2_4_jpg.rf.d7fbf2626bd39fd12d3ccbb66420a4fd_1.jpg,train,insang,2,16
dataset_mobilenet_ready/train/insang/insang_T3_91_jpg.rf.f78bdd2e6783ad77fb6504c3cc04be34_1.jpg,train,insang,3,15
dataset_mobilenet_ready/train/insang/insang_T14_48_jpg.rf.9bef003390a4a96abd3abc31f0258e98_1.jpg,train,insang,14,4
dataset_mobilenet_ready/train/insang/insang_T6_104_jpg.rf.9f28cf7fc36ac62f1ee51e1637675731_1.jpg,train,insang,6,12
dataset_mobilenet_ready/train/insang/insang_T12_64_jpg.rf.e7679b6b6310fa3466e6e6e46af44887_1.jpg,train,insang,12,6
dataset_mobilenet_ready/train/insang/insang_T11_52_jpg.rf.f66597702057d53bd98167a70baaeca4_1.jpg,train,insang,11,7
dataset_mobilenet_ready/train/insang/insang_T4_79_jpg.rf.9860dbb078e7ac43bfc1db4facdf1607_1.jpg,train,insang,4,14
dataset_mobilenet_ready/train/insang/insang_T5_122_jpg.rf.496e50d0a35bf2ed3a14380f64ca7863_1.jpg,train,insang,5,13
dataset_mobilenet_ready/train/insang/insang_T15_43_jpg.rf.a71804ed2ec09da804668f1beb5d302e_1.jpg,train,insang,15,3
dataset_mobilenet_ready/train/insang/insang_T4_37_jpg.rf.97f87db5f10d704febbcaf6ef185fb53_1.jpg,train,insang,4,14
dataset_mobilenet_ready/train/insang/insang_T10_94_jpg.rf.2d8cc0ab5b563304032157c28f42f4a5_2.jpg,train,insang,10,8
dataset_mobilenet_ready/train/insang/insang_T16_81_jpg.rf.ae362107079b6f6c9d5139fd71a7d257_1.jpg,train,insang,16,2
dataset_mobilenet_ready/train/insang/insang_T18_85_jpg.rf.a2c5089bde91e9ee26e16e570f9c8a91_1.jpg,train,insang,18,0
dataset_mobilenet_ready/train/insang/insang_T2_7_jpg.rf.cb7b6c2343162322fe26c3aafb263535_1.jpg,train,insang,2,16
dataset_mobilenet_ready/train/insang/insang_T15_12_jpg.rf.146046403dc97bdf7fb58b251431e96e_1.jpg,train,insang,15,3
dataset_mobilenet_ready/train/insang/insang_T13_61_jpg.rf.26a4c7753c0389898c05179ef7557b19_0.jpg,train,insang,13,5
dataset_mobilenet_ready/train/insang/insang_T13_101_jpg.rf.2487ac27fd8a293a50f7d006a8aa944f_0.jpg,train,insang,13,5
dataset_mobilenet_ready/train/insang/insang_T17_81_jpg.rf.5f4e54a10f351532c6c62cd637cd0b7d_1.jpg,train,insang,17,1
dataset_mobilenet_ready/train/insang/insang_T13_97_jpg.rf.5036c0453ce55e14a2b34fd386347c81_0.jpg,train,insang,13,5
dataset_mobilenet_ready/train/insang/insang_T9_7_jpg.rf.314ea87f875c013ff2ee4ce474211dac_1.jpg,train,insang,9,9
dataset_mobilenet_ready/train/insang/insang_T4_111_jpg.rf.5670e213dcae6cbc7971d8afaa32c45a_0.jpg,train,insang,4,14
dataset_mobilenet_ready/train/insang/insang_T15_32_jpg.rf.5e014db1aea2a40126ef3813071cd0f2_1.jpg,train,insang,15,3
dataset_mobilenet_ready/train/insang/insang_T7_56_jpg.rf.dd23a0feebf34a85f196a5e69f88642d_1.jpg,train,insang,7,11
dataset_mobilenet_ready/train/insang/insang_T11_10_jpg.rf.646ec65c5d0d293c9c60effea65f878e_1.jpg,train,insang,11,7
dataset_mobilenet_ready/train/insang/insang_T17_12_jpg.rf.d066f875af64d23f9adcf3f27b501b86_1.jpg,train,insang,17,1
dataset_mobilenet_ready/train/insang/insang_T4_57_jpg.rf.7091daf9f350356dea3618c8ecdf3dfc_1.jpg,train,insang,4,14
dataset_mobilenet_ready/train/insang/insang_T13_33_jpg.rf.703c1b5e3556ab662d18d076f6d3b61a_1.jpg,train,insang,13,5
dataset_mobilenet_ready/train/insang/insang_T4_9_jpg.rf.8a4be10100efef23763fb27a637bc33b_1.jpg,train,insang,4,14
dataset_mobilenet_ready/train/insang/insang_T15_60_jpg.rf.1351f062d09702d18386401e8e5c0ffa_1.jpg,train,insang,15,3
dataset_mobilenet_ready/train/insang/insang_T7_10_jpg.rf.e885f4e9ec3b720139991a8f4f33f961_1.jpg,train,insang,7,11
dataset_mobilenet_ready/train/insang/insang_T13_115_jpg.rf.3660625bd05027180231232dace3bed2_1.jpg,train,insang,13,5
dataset_mobilenet_ready/train/insang/insang_T10_27_jpg.rf.ddb35dccad924bde319ff389139ad830_1.jpg,train,insang,10,8
dataset_mobilenet_ready/train/insang/insang_T12_76_jpg.rf.2e86205707c23b0a95ae4d6daaf74358_1.jpg,train,insang,12,6
dataset_mobilenet_ready/train/insang/insang_T8_43_jpg.rf.039c41d0e9182ae42d6eff5c15cc2322_1.jpg,train,insang,8,10
dataset_mobilenet_ready/train/insang/insang_T16_46_jpg.rf.66e37e3bfc4d0d7f7ba24a0880b14e09_1.jpg,train,insang,16,2
dataset_mobilenet_ready/train/insang/insang_T4_55_jpg.rf.08cf7b491478a615694b30d9ec9e5fea_1.jpg,train,insang,4,14
dataset_mobilenet_ready/train/insang/insang_T9_56_jpg.rf.abe1f1589fd82db17ef08dbc2a00abc4_1.jpg,train,insang,9,9
dataset_mobilenet_ready/train/insang/insang_T10_124_jpg.rf.5c898025070dfd88b8570735f4868a73_1.jpg,train,insang,10,8
dataset_mobilenet_ready/train/insang/insang_T6_38_jpg.rf.f8435589bfe71268e2d64e8a08feaedd_1.jpg,train,insang,6,12
dataset_mobilenet_ready/train/insang/insang_T17_15_jpg.rf.cb1fb13adb382eb72e9336e69353fc63_1.jpg,train,insang,17,1
dataset_mobilenet_ready/train/insang/insang_T16_116_jpg.rf.36b7f6c3e81f84571aff8f0b0394fb81_0.jpg,train,insang,16,2
dataset_mobilenet_ready/train/insang/insang_T3_0_jpg.rf.f00b8b869228e75691e04a0a50eeac59_0.jpg,train,insang,3,15
dataset_mobilenet_ready/train/insang/insang_T5_64_jpg.rf.2b1fde122f08a3e7b1cbb1abcf95f16a_1.jpg,train,insang,5,13
dataset_mobilenet_ready/train/insang/insang_T9_64_jpg.rf.013926aeb2bc124fe5cc49f9a4cae2d5_1.jpg,train,insang,9,9
dataset_mobilenet_ready/train/insang/insang_T12_8_jpg.rf.56b2c5a7089925a578c2c4c51edba466_1.jpg,train,insang,12,6
dataset_mobilenet_ready/train/insang/insang_T6_54_jpg.rf.2d3dc3b87970e01e47c5982f7b9d9512_0.jpg,train,insang,6,12
dataset_mobilenet_ready/train/insang/insang_T18_105_jpg.rf.f535030f505e7b34834cdeb8f8be9bc8_1.jpg,train,insang,18,0
dataset_mobilenet_ready/train/insang/insang_T12_65_jpg.rf.f20a5f690d20ce36c23181e76c137a9d_0.jpg,train,insang,12,6
dataset_mobilenet_ready/train/insang/insang_T11_1_jpg.rf.fff51274a04c31b9b251431afc787549_1.jpg,train,insang,11,7
dataset_mobilenet_ready/train/insang/insang_T8_11_jpg.rf.b7224099467f43eb90dedf71b6d5a919_1.jpg,train,insang,8,10
dataset_mobilenet_ready/train/insang/insang_T13_112_jpg.rf.38e1b05858658d65da748b96c4ae4b9c_0.jpg,train,insang,13,5
dataset_mobilenet_ready/train/insang/insang_T18_79_jpg.rf.8229d77afa46884c94468ee12e3baa91_1.jpg,train,insang,18,0
dataset_mobilenet_ready/train/insang/insang_T10_82_jpg.rf.b567232b3370a07dd54d4fe12176fa8e_1.jpg,train,insang,10,8
dataset_mobilenet_ready/train/insang/insang_T18_12_jpg.rf.b37590ac18260beac16bb1f2918587ea_1.jpg,train,insang,18,0
dataset_mobilenet_ready/train/insang/insang_T8_100_jpg.rf.e848ecff19b8772142642a295b00cf34_1.jpg,train,insang,8,10
dataset_mobilenet_ready/train/insang/insang_T6_23_jpg.rf.f1f9ce2cf5ccabeeb5b4d5ac86708d52_0.jpg,train,insang,6,12
dataset_mobilenet_ready/train/insang/insang_T2_107_jpg.rf.0043b0a14db84249413d4cb02ff6d9f7_1.jpg,train,insang,2,16
dataset_mobilenet_ready/train/insang/insang_T18_81_jpg.rf.9ca5a88256441900035d5e6c456c80bc_1.jpg,train,insang,18,0
dataset_mobilenet_ready/train/insang/insang_T3_3_jpg.rf.4f415e43d39dc86149c4a1352491523a_0.jpg,train,insang,3,15
dataset_mobilenet_ready/train/insang/insang_T8_87_jpg.rf.0d06f884176bfbd58cdd94587b337998_1.jpg,train,insang,8,10
dataset_mobilenet_ready/train/insang/insang_T3_114_jpg.rf.419594b1102e214a15459571a37933ee_1.jpg,train,insang,3,15
dataset_mobilenet_ready/train/insang/insang_T9_62_jpg.rf.dde5a26c7bd0ffdee2530701fa218077_1.jpg,train,insang,9,9
dataset_mobilenet_ready/train/insang/insang_T14_36_jpg.rf.79bab0205714de1efd5e7bd82d1e4511_1.jpg,train,insang,14,4
dataset_mobilenet_ready/train/insang/insang_T13_3_jpg.rf.e44f5be2946286b696be42c25fb68e4e_1.jpg,train,insang,13,5
dataset_mobilenet_ready/train/insang/insang_T5_19_jpg.rf.c1cd0e30eb73c2d22a41e591bf870e6a_0.jpg,train,insang,5,13
dataset_mobilenet_ready/train/insang/insang_T12_81_jpg.rf.b2f1586b091e13b71e9253b4a68711e6_1.jpg,train,insang,12,6
dataset_mobilenet_ready/train/insang/insang_T7_44_jpg.rf.755061915db2a8ffe820f948594fe866_1.jpg,train,insang,7,11
dataset_mobilenet_ready/train/insang/insang_T8_21_jpg.rf.9e93d2ff19fc1eeb3d63f9c33a56c0f3_0.jpg,train,insang,8,10
dataset_mobilenet_ready/train/insang/insang_T18_57_jpg.rf.0c595d434c6b0e137f81217616c1c7eb_0.jpg,train,insang,18,0
dataset_mobilenet_ready/train/insang/insang_T4_6_jpg.rf.d0dfef68cf2255bff12e38ddfd737d3c_0.jpg,train,insang,4,14
dataset_mobilenet_ready/train/insang/insang_T12_28_jpg.rf.bb1b0c26d3c54316410fb082c0bf4c5e_1.jpg,train,insang,12,6
dataset_mobilenet_ready/train/insang/insang_T7_17_jpg.rf.500d6197f6dbc3a127f5532a151dbecd_0.jpg,train,insang,7,11
dataset_mobilenet_ready/train/insang/insang_T17_35_jpg.rf.45b5ade7b6673e7503b07fae7740e437_1.jpg,train,insang,17,1
dataset_mobilenet_ready/train/insang/insang_T16_71_jpg.rf.634adfbddbab3e8feac7084a6e8c9a5b_0.jpg,train,insang,16,2
dataset_mobilenet_ready/train/insang/insang_T14_12_jpg.rf.cd38a87349dffd74a7f5d5121c9b9402_1.jpg,train,insang,14,4
dataset_mobilenet_ready/train/insang/insang_T11_90_jpg.rf.9dc565408eb36ed63ac19babea9dc40d_0.jpg,train,insang,11,7
dataset_mobilenet_ready/train/insang/insang_T10_48_jpg.rf.d8883bd185b92ca0b575f9861e821b5b_1.jpg,train,insang,10,8
dataset_mobilenet_ready/train/insang/insang_T12_38_jpg.rf.ca41ec4c158f8cc7fd73cbb204f94f3c_1.jpg,train,insang,12,6
dataset_mobilenet_ready/train/insang/insang_T5_13_jpg.rf.e5c074dd27fe05f15b30aee2478089ad_1.jpg,train,insang,5,13
dataset_mobilenet_ready/train/insang/insang_T11_97_jpg.rf.796f098de445449d6cde17b7a64b5b71_1.jpg,train,insang,11,7
dataset_mobilenet_ready/train/insang/insang_T12_73_jpg.rf.435e331b96227cac76476c031dfe5ddd_1.jpg,train,insang,12,6
dataset_mobilenet_ready/train/insang/insang_T13_123_jpg.rf.e08306605d7503c62b170ac745e380fd_1.jpg,train,insang,13,5
dataset_mobilenet_ready/train/insang/insang_T2_96_jpg.rf.fe118af22e9d926ccccf231edd43c010_1.jpg,train,insang,2,16
dataset_mobilenet_ready/train/insang/insang_T4_88_jpg.rf.d27dbcf9cf764369844a90d636493d29_1.jpg,train,insang,4,14
dataset_mobilenet_ready/train/insang/insang_T2_42_jpg.rf.c252311eb47fe491e48626b2cfe190cb_1.jpg,train,insang,2,16
dataset_mobilenet_ready/train/insang/insang_T9_86_jpg.rf.b6bf136a1a005f24b7ef31017037b86f_1.jpg,train,insang,9,9
dataset_mobilenet_ready/train/insang/insang_T17_105_jpg.rf.68420d4bcc086629eaa07b7e9bfffd8a_1.jpg,train,insang,17,1
dataset_mobilenet_ready/train/insang/insang_T18_76_jpg.rf.6ee3f86047ed0fed95159b83c3e8c4ec_1.jpg,train,insang,18,0
dataset_mobilenet_ready/train/insang/insang_T10_92_jpg.rf.292b634a0a83ba8bd1d9bc925ca5b994_1.jpg,train,insang,10,8
dataset_mobilenet_ready/train/insang/insang_T16_10_jpg.rf.245c46832bced462e630d89f7a32e56e_1.jpg,train,insang,16,2
dataset_mobilenet_ready/train/insang/insang_T10_118_jpg.rf.c9ea2f074101393419182c7ade151156_1.jpg,train,insang,10,8
dataset_mobilenet_ready/train/insang/insang_T18_0_jpg.rf.50b0769c1ed0b5923361c19bcf88ff8a_0.jpg,train,insang,18,0
dataset_mobilenet_ready/train/insang/insang_T13_111_jpg.rf.31472f245e42933b8d46306840500e6a_0.jpg,train,insang,13,5
dataset_mobilenet_ready/train/insang/insang_T16_0_jpg.rf.14d14a98d6614089baf18797e8691c14_1.jpg,train,insang,16,2
dataset_mobilenet_ready/train/insang/insang_T15_69_jpg.rf.2c63ae7e279b861d3a4d8b2f73a90a81_1.jpg,train,insang,15,3
dataset_mobilenet_ready/train/insang/insang_T15_37_jpg.rf.977141a659607c526efceb5b157fe345_1.jpg,train,insang,15,3
dataset_mobilenet_ready/train/insang/insang_T13_29_jpg.rf.81456d754c9cd1aa5c61f5a2d66ba544_1.jpg,train,insang,13,5
dataset_mobilenet_ready/train/insang/insang_T3_102_jpg.rf.bc88e0da71d3f1554b5f248654af9f59_1.jpg,train,insang,3,15
dataset_mobilenet_ready/train/insang/insang_T10_81_jpg.rf.285e9879aefb3e59eab08227e564b641_1.jpg,train,insang,10,8
dataset_mobilenet_ready/train/insang/insang_T16_58_jpg.rf.b4a78e10f50b1499f5de646107209020_1.jpg,train,insang,16,2
dataset_mobilenet_ready/train/insang/insang_T3_120_jpg.rf.a891791740ba46d550617b8b011b337e_0.jpg,train,insang,3,15
dataset_mobilenet_ready/train/insang/insang_T10_58_jpg.rf.0bc7388016bddf88a7bfdcd346ed9a94_1.jpg,train,insang,10,8
dataset_mobilenet_ready/train/insang/insang_T4_81_jpg.rf.c054d45a8b9dbf278b26e8285175bdda_1.jpg,train,insang,4,14
dataset_mobilenet_ready/train/insang/insang_T18_28_jpg.rf.0fb2a85eeca2e06ab3db324c363c49cf_1.jpg,train,insang,18,0
dataset_mobilenet_ready/train/insang/insang_T17_117_jpg.rf.7ab26ac5560623231592b47167538951_1.jpg,train,insang,17,1
dataset_mobilenet_ready/train/insang/insang_T7_52_jpg.rf.42fd42f617a6193be9a58a7f71959df4_1.jpg,train,insang,7,11
dataset_mobilenet_ready/train/insang/insang_T5_81_jpg.rf.441447ffab0a35f6bfb08fabf25a40d7_1.jpg,train,insang,5,13
dataset_mobilenet_ready/train/insang/insang_T16_12_jpg.rf.dfe52b3f70c1523c1f0326f381968c3f_1.jpg,train,insang,16,2
dataset_mobilenet_ready/train/insang/insang_T14_28_jpg.rf.7f5fdcf8e8a9c131bccd1619b53dc466_1.jpg,train,insang,14,4
dataset_mobilenet_ready/train/insang/insang_T8_16_jpg.rf.5303d0a95c2d0095cc21c01f009a8fc1_0.jpg,train,insang,8,10
dataset_mobilenet_ready/train/insang/insang_T11_116_jpg.rf.fe070239e3c4eba03587178c560f1614_1.jpg,train,insang,11,7
dataset_mobilenet_ready/train/insang/insang_T7_16_jpg.rf.2b9a90bcda0a46ab1fb32437e90df124_1.jpg,train,insang,7,11
dataset_mobilenet_ready/train/insang/insang_T9_52_jpg.rf.4b2afb0f2b653f1ae8c8e42db0386a91_0.jpg,train,insang,9,9
dataset_mobilenet_ready/train/insang/insang_T16_101_jpg.rf.d787d8635815a995b1029e6e80888a8f_1.jpg,train,insang,16,2
dataset_mobilenet_ready/train/insang/insang_T10_2_jpg.rf.90a1b6b872587efd4fe7a37f6cec7d10_1.jpg,train,insang,10,8
dataset_mobilenet_ready/train/insang/insang_T16_113_jpg.rf.e9de66ecbd16d6c63dad1ae84ce8ef7b_1.jpg,train,insang,16,2
dataset_mobilenet_ready/train/insang/insang_T7_92_jpg.rf.23d1cb162c05bba29496953d04114856_1.jpg,train,insang,7,11
dataset_mobilenet_ready/train/insang/insang_T6_113_jpg.rf.be7ef6d2088958670bf5be3949e14a36_1.jpg,train,insang,6,12
dataset_mobilenet_ready/train/insang/insang_T4_2_jpg.rf.9e37d4b57ee37d2d570cafcfa1a6937f_1.jpg,train,insang,4,14
dataset_mobilenet_ready/train/insang/insang_T13_83_jpg.rf.106d8271c58ba9e8e837ff8bd697dcea_1.jpg,train,insang,13,5
dataset_mobilenet_ready/train/insang/insang_T2_1_jpg.rf.43d422d24dcbacfff5671cab4abcd3c4_0.jpg,train,insang,2,16
dataset_mobilenet_ready/train/insang/insang_T17_54_jpg.rf.afe825a905b67691a70b39f5138492d6_1.jpg,train,insang,17,1
dataset_mobilenet_ready/train/insang/insang_T9_45_jpg.rf.d52438ce279b396560810cd1c065391f_0.jpg,train,insang,9,9
dataset_mobilenet_ready/train/insang/insang_T9_71_jpg.rf.57649abdb45d53161a2cd44bc5f7c2e9_1.jpg,train,insang,9,9
dataset_mobilenet_ready/train/insang/insang_T6_117_jpg.rf.da87f8418923b084995f9fde674f5ee0_1.jpg,train,insang,6,12
dataset_mobilenet_ready/train/insang/insang_T17_27_jpg.rf.1d602b07e397ecf88178e3364a5205ca_0.jpg,train,insang,17,1
dataset_mobilenet_ready/train/insang/insang_T15_99_jpg.rf.aaaff791090bac79f663ed6610ef533d_1.jpg,train,insang,15,3
dataset_mobilenet_ready/train/insang/insang_T18_50_jpg.rf.b2dceeaba997dfc663b4fc9458788395_0.jpg,train,insang,18,0
dataset_mobilenet_ready/train/insang/insang_T5_55_jpg.rf.19bb52c23c6634ac94c880515b16c994_1.jpg,train,insang,5,13
dataset_mobilenet_ready/train/insang/insang_T5_67_jpg.rf.8a2bb481c847acd6a412b0c03f24cc89_1.jpg,train,insang,5,13
dataset_mobilenet_ready/train/insang/insang_T5_28_jpg.rf.24d3b9e3c391e0c73705fe0c464d8c48_1.jpg,train,insang,5,13
dataset_mobilenet_ready/train/insang/insang_T7_60_jpg.rf.96a6fab2c4069e4dfb61c80074a0ee21_1.jpg,train,insang,7,11
dataset_mobilenet_ready/train/insang/insang_T10_112_jpg.rf.3085ac96c457cbbb8bd643af6194f4ea_1.jpg,train,insang,10,8
dataset_mobilenet_ready/train/insang/insang_T14_84_jpg.rf.3f705da43fd7fc880f0642b7a0a95b8c_1.jpg,train,insang,14,4
dataset_mobilenet_ready/train/insang/insang_T3_73_jpg.rf.29c1185d08b47a1f72d84a29ed4c7a6b_1.jpg,train,insang,3,15
dataset_mobilenet_ready/train/insang/insang_T9_40_jpg.rf.01eb4612333b67e65561f0fdcc3cc65e_1.jpg,train,insang,9,9
dataset_mobilenet_ready/train/insang/insang_T8_51_jpg.rf.53e1194f05e4e8e9ac7964833dc91ea5_0.jpg,train,insang,8,10
dataset_mobilenet_ready/train/insang/insang_T7_76_jpg.rf.9a0bd3a9db451f381c3d79e93a9fc026_1.jpg,train,insang,7,11
dataset_mobilenet_ready/train/insang/insang_T16_43_jpg.rf.6fc678efe08e6060440b383090bac0eb_1.jpg,train,insang,16,2
dataset_mobilenet_ready/train/insang/insang_T12_35_jpg.rf.9139344fda6325c721aa2e1639cc1bbd_1.jpg,train,insang,12,6
dataset_mobilenet_ready/train/insang/insang_T12_60_jpg.rf.cabadb9ec894bff4fcd7b3db900e8491_1.jpg,train,insang,12,6
dataset_mobilenet_ready/train/insang/insang_T17_23_jpg.rf.6eb8b1c138bf63602036e45d9e996253_1.jpg,train,insang,17,1
dataset_mobilenet_ready/train/insang/insang_T18_17_jpg.rf.ef6fc7170be00d002491168759f6c448_1.jpg,train,insang,18,0
dataset_mobilenet_ready/train/insang/insang_T6_102_jpg.rf.be67ede04ff86e40c28cfc934aab65a8_1.jpg,train,insang,6,12
dataset_mobilenet_ready/train/insang/insang_T10_100_jpg.rf.dccec38794f0bd5a97af870816ed438d_1.jpg,train,insang,10,8
dataset_mobilenet_ready/train/insang/insang_T2_76_jpg.rf.580dbc32f2ee610e8fa458187f84a91c_1.jpg,train,insang,2,16
dataset_mobilenet_ready/train/insang/insang_T8_110_jpg.rf.3fbe8f540ff610a84d40f12f6b117841_1.jpg,train,insang,8,10
dataset_mobilenet_ready/train/insang/insang_T14_109_jpg.rf.68f7fa5580758a64e7a80e3f35a6eaeb_1.jpg,train,insang,14,4
dataset_mobilenet_ready/train/insang/insang_T13_46_jpg.rf.9865e32cb93512e15493861dc31a3e63_1.jpg,train,insang,13,5
dataset_mobilenet_ready/train/insang/insang_T8_61_jpg.rf.88ab37d525ba15fc6c094bc7f252a608_0.jpg,train,insang,8,10
dataset_mobilenet_ready/train/insang/insang_T5_112_jpg.rf.027c61f44f1918735480254fa0f49fda_1.jpg,train,insang,5,13
dataset_mobilenet_ready/train/insang/insang_T5_92_jpg.rf.d374472180a4e720078a498f26597065_1.jpg,train,insang,5,13
dataset_mobilenet_ready/train/insang/insang_T7_19_jpg.rf.93f54a14f529775a10c542427565ad98_1.jpg,train,insang,7,11
dataset_mobilenet_ready/train/insang/insang_T10_31_jpg.rf.c410deaf82c33eb18fd9263eae121d0f_1.jpg,train,insang,10,8
dataset_mobilenet_ready/train/insang/insang_T4_36_jpg.rf.ac0e2c0969daf58ac93966d01aab76a5_1.jpg,train,insang,4,14
dataset_mobilenet_ready/train/insang/insang_T5_25_jpg.rf.7306ed520473433d2c008a753a917d79_1.jpg,train,insang,5,13
dataset_mobilenet_ready/train/insang/insang_T12_47_jpg.rf.f3706a3813e9348c0cff8c7a7bc18e3d_0.jpg,train,insang,12,6
dataset_mobilenet_ready/train/insang/insang_T12_98_jpg.rf.29183441c8df871bae0b89463d48ab9d_1.jpg,train,insang,12,6
dataset_mobilenet_ready/train/insang/insang_T11_85_jpg.rf.58fd59f0bf3841ed79f837e61591eff2_0.jpg,train,insang,11,7
dataset_mobilenet_ready/train/insang/insang_T6_15_jpg.rf.2ccd315bfaf678d55503cea97a0458e3_0.jpg,train,insang,6,12
dataset_mobilenet_ready/train/insang/insang_T2_21_jpg.rf.da0758e4483896950e3772ae339216a7_1.jpg,train,insang,2,16
dataset_mobilenet_ready/train/insang/insang_T16_55_jpg.rf.47c6a5e3376183bc571f7b4ab3608fd4_1.jpg,train,insang,16,2
dataset_mobilenet_ready/train/insang/insang_T4_43_jpg.rf.52e2939caccd871edb6ef265b6e2c6f7_1.jpg,train,insang,4,14
dataset_mobilenet_ready/train/insang/insang_T17_107_jpg.rf.e69bc5e5fa6b46c3eeba553e0e15ee1c_1.jpg,train,insang,17,1
dataset_mobilenet_ready/train/insang/insang_T18_109_jpg.rf.50b20c35269b404e89a95484532bd01a_0.jpg,train,insang,18,0
dataset_mobilenet_ready/train/insang/insang_T3_69_jpg.rf.fc1660dc17f0f44e02e2b637d9d204c9_1.jpg,train,insang,3,15
dataset_mobilenet_ready/train/insang/insang_T3_1_jpg.rf.f29f86522df5d137a53635c7502d30fd_1.jpg,train,insang,3,15
dataset_mobilenet_ready/train/insang/insang_T2_82_jpg.rf.19eda0482401c553d0700c658a4fcf52_1.jpg,train,insang,2,16
dataset_mobilenet_ready/train/insang/insang_T17_79_jpg.rf.c4882f9680844d3294d088dfbe117577_1.jpg,train,insang,17,1
dataset_mobilenet_ready/train/insang/insang_T10_102_jpg.rf.d788cfa90747c6ca97dca02f9a0bff2a_1.jpg,train,insang,10,8
dataset_mobilenet_ready/train/insang/insang_T11_40_jpg.rf.eb491a98ff61334d978e1818aab0b1c2_1.jpg,train,insang,11,7
dataset_mobilenet_ready/train/insang/insang_T15_5_jpg.rf.97a6329f8e7ca0a3b74b7ff79bfe810b_1.jpg,train,insang,15,3
dataset_mobilenet_ready/train/insang/insang_T2_77_jpg.rf.972b226a5d99b9491b32ae18f57096f6_1.jpg,train,insang,2,16
dataset_mobilenet_ready/train/insang/insang_T5_85_jpg.rf.c65ea1482ae9ed307a54aeb3f0e5c933_2.jpg,train,insang,5,13
dataset_mobilenet_ready/train/insang/insang_T16_99_jpg.rf.dc6bae2cf89b208aa91f1cdf7bb64aa5_1.jpg,train,insang,16,2
dataset_mobilenet_ready/train/insang/insang_T10_28_jpg.rf.879495fe2a3ee69be317df3d491358f9_1.jpg,train,insang,10,8
dataset_mobilenet_ready/train/insang/insang_T2_71_jpg.rf.a1cd09211139ed7ca3d5e71735fda3d2_1.jpg,train,insang,2,16
dataset_mobilenet_ready/train/insang/insang_T12_120_jpg.rf.77f30067a95d3bad72546a289fa9ef96_1.jpg,train,insang,12,6
dataset_mobilenet_ready/train/insang/insang_T13_98_jpg.rf.831c4b291d0e21c7756d410da71ba58f_1.jpg,train,insang,13,5
dataset_mobilenet_ready/train/insang/insang_T14_120_jpg.rf.56a6c804e23f3e8ff6459ff5a861719e_1.jpg,train,insang,14,4
dataset_mobilenet_ready/train/insang/insang_T9_33_jpg.rf.051b533f5028726c9384f57071585f6c_1.jpg,train,insang,9,9
dataset_mobilenet_ready/train/insang/insang_T14_95_jpg.rf.8b207b06fa9005bfd8b05563f6847b5d_1.jpg,train,insang,14,4
dataset_mobilenet_ready/train/insang/insang_T5_69_jpg.rf.36853f09fa0a540e730b3ee9eb5ebac1_1.jpg,train,insang,5,13
dataset_mobilenet_ready/train/insang/insang_T8_93_jpg.rf.7ddc9a16f932fd95f799ae8ab9903cda_0.jpg,train,insang,8,10
dataset_mobilenet_ready/train/insang/insang_T15_102_jpg.rf.994bb5e864c8a8938702e1a7c450eebb_1.jpg,train,insang,15,3
dataset_mobilenet_ready/train/insang/insang_T2_65_jpg.rf.722d271b53074a8ae47b494a26bed80e_1.jpg,train,insang,2,16
dataset_mobilenet_ready/train/insang/insang_T3_67_jpg.rf.9f11991d7469bd32c966a1fb329959ef_1.jpg,train,insang,3,15
dataset_mobilenet_ready/train/insang/insang_T5_50_jpg.rf.7bb55d8f8e26ca996868f1cf2ced1399_1.jpg,train,insang,5,13
dataset_mobilenet_ready/train/insang/insang_T14_33_jpg.rf.8a864529737cdc78ea9cd4ef1fd4e775_1.jpg,train,insang,14,4
dataset_mobilenet_ready/train/insang/insang_T7_23_jpg.rf.08403b521eb1c8bbfc73e5076653de45_1.jpg,train,insang,7,11
dataset_mobilenet_ready/train/insang/insang_T18_111_jpg.rf.c123fee2d70c4778587df08516eb349f_1.jpg,train,insang,18,0
dataset_mobilenet_ready/train/insang/insang_T15_100_jpg.rf.6cb054c57c9c9504022712aa93a95fac_1.jpg,train,insang,15,3
dataset_mobilenet_ready/train/insang/insang_T9_88_jpg.rf.4f7f8e05c0384182a3011c6c9c4e6cd4_1.jpg,train,insang,9,9
dataset_mobilenet_ready/train/insang/insang_T5_29_jpg.rf.e7e1cb9f0f3f93f729376f2edf5661fd_1.jpg,train,insang,5,13
dataset_mobilenet_ready/train/insang/insang_T18_106_jpg.rf.91c6ad62f965a2ad5f1f0c3f6bef7291_1.jpg,train,insang,18,0
dataset_mobilenet_ready/train/insang/insang_T7_97_jpg.rf.0d4b89f93582538c8981a12f1097aafc_1.jpg,train,insang,7,11
dataset_mobilenet_ready/train/insang/insang_T11_117_jpg.rf.b0fec9d96c9cef66d96ecc5dccfec624_1.jpg,train,insang,11,7
dataset_mobilenet_ready/train/insang/insang_T12_80_jpg.rf.a5ba8b5ed59130d49dba4014ff214c2a_1.jpg,train,insang,12,6
dataset_mobilenet_ready/train/insang/insang_T9_2_jpg.rf.fc172e9bed5783f2bcb0122fe07323de_1.jpg,train,insang,9,9
dataset_mobilenet_ready/train/insang/insang_T12_1_jpg.rf.ecbcf93c0c1c176a38ad572e66f7961f_1.jpg,train,insang,12,6
dataset_mobilenet_ready/train/insang/insang_T6_46_jpg.rf.ee96b16f51721c11d4be0b3bef8942ba_0.jpg,train,insang,6,12
dataset_mobilenet_ready/train/insang/insang_T14_6_jpg.rf.0736d5385c9078b5fc34a3a1faecf4b4_1.jpg,train,insang,14,4
dataset_mobilenet_ready/train/insang/insang_T11_81_jpg.rf.2367fe123c4ab57339bd6ded1bf8b436_1.jpg,train,insang,11,7
dataset_mobilenet_ready/train/insang/insang_T17_90_jpg.rf.3d704ff675149dffd2b2bc14e8f682fa_1.jpg,train,insang,17,1
dataset_mobilenet_ready/train/insang/insang_T7_41_jpg.rf.ba7b4b194f911d0b01a04bbad34150c9_0.jpg,train,insang,7,11
dataset_mobilenet_ready/train/insang/insang_T8_34_jpg.rf.6f5439eadb1ed5ed0cba284a8f2b9a28_1.jpg,train,insang,8,10
dataset_mobilenet_ready/train/insang/insang_T7_40_jpg.rf.657ff0ebbd0223cfc699cf6abf225d4f_0.jpg,train,insang,7,11
dataset_mobilenet_ready/train/insang/insang_T12_114_jpg.rf.e03bb8fe7a76c3810850ced2111199db_1.jpg,train,insang,12,6
dataset_mobilenet_ready/train/insang/insang_T4_102_jpg.rf.32ac08260bd29300b9e91353ccaec095_0.jpg,train,insang,4,14
dataset_mobilenet_ready/train/insang/insang_T9_100_jpg.rf.7cc50f48dd811b9136b89dd8b81f5d07_1.jpg,train,insang,9,9
dataset_mobilenet_ready/train/insang/insang_T3_42_jpg.rf.c48bd7cfb04eadafe19aa4247c13ef00_1.jpg,train,insang,3,15
dataset_mobilenet_ready/train/insang/insang_T8_15_jpg.rf.a8773c4c141bd5b8589702af563d7d79_1.jpg,train,insang,8,10
dataset_mobilenet_ready/train/insang/insang_T11_64_jpg.rf.99e9cdb10be11bcfd2905e3669a083a0_0.jpg,train,insang,11,7
dataset_mobilenet_ready/train/insang/insang_T9_9_jpg.rf.5ed6b9c1eb27d293e3ce2b24ff2fe996_1.jpg,train,insang,9,9
dataset_mobilenet_ready/train/insang/insang_T2_117_jpg.rf.c4dd0bdfed0e830970b4a9a0a8b7f3de_1.jpg,train,insang,2,16
dataset_mobilenet_ready/train/insang/insang_T13_39_jpg.rf.ef9258ff3a39a553d4f1057d189472fd_0.jpg,train,insang,13,5
dataset_mobilenet_ready/train/insang/insang_T7_87_jpg.rf.d72b03b6ced096995c1f13a415c7e94b_1.jpg,train,insang,7,11
dataset_mobilenet_ready/train/insang/insang_T9_8_jpg.rf.3a3ad7c96b48cb69a983275d9266d20d_1.jpg,train,insang,9,9
dataset_mobilenet_ready/train/insang/insang_T8_1_jpg.rf.7ed04d1f38ef7bcef244780c23e02f1e_1.jpg,train,insang,8,10
dataset_mobilenet_ready/train/insang/insang_T8_70_jpg.rf.9a86f2ad37d191c21d75b50255973aa4_1.jpg,train,insang,8,10
dataset_mobilenet_ready/train/insang/insang_T14_15_jpg.rf.1a0bf984215f21ee04a7bbc0f1e39890_1.jpg,train,insang,14,4
dataset_mobilenet_ready/train/insang/insang_T5_116_jpg.rf.c0bb254573747d51701fd02f03f4bf5a_1.jpg,train,insang,5,13
dataset_mobilenet_ready/train/insang/insang_T14_67_jpg.rf.ac2ddbdf5fe1d19db6aaaabf86b97c28_1.jpg,train,insang,14,4
dataset_mobilenet_ready/train/insang/insang_T4_0_jpg.rf.34dbf82f8736f48ae35251135cfbe320_1.jpg,train,insang,4,14
dataset_mobilenet_ready/train/insang/insang_T15_63_jpg.rf.125e527926d2a6f129128fe8ecdb41ec_1.jpg,train,insang,15,3
dataset_mobilenet_ready/train/insang/insang_T3_52_jpg.rf.a05bee6ec12e4b8a727c1e0a0f707c6c_1.jpg,train,insang,3,15
dataset_mobilenet_ready/train/insang/insang_T17_49_jpg.rf.29cb95058ecb7adec98e5b61845ea68d_0.jpg,train,insang,17,1
dataset_mobilenet_ready/train/insang/insang_T8_12_jpg.rf.95ef378328cde6a1d3651a29457548bc_1.jpg,train,insang,8,10
dataset_mobilenet_ready/train/insang/insang_T2_88_jpg.rf.d8c8f350489eb731a4cb10568c47d053_1.jpg,train,insang,2,16
dataset_mobilenet_ready/train/insang/insang_T9_14_jpg.rf.12212cb46b514db0ccd75cf256f3e49e_1.jpg,train,insang,9,9
dataset_mobilenet_ready/train/insang/insang_T10_94_jpg.rf.2d8cc0ab5b563304032157c28f42f4a5_1.jpg,train,insang,10,8
dataset_mobilenet_ready/train/insang/insang_T4_76_jpg.rf.8f494704974f587df421e93ffb585bc5_1.jpg,train,insang,4,14
dataset_mobilenet_ready/train/insang/insang_T6_94_jpg.rf.5a329981dd4b5faf6c075b33c4027e2c_1.jpg,train,insang,6,12
dataset_mobilenet_ready/train/insang/insang_T2_67_jpg.rf.07897bd0c3fa361fe4ced0a1737ee4aa_1.jpg,train,insang,2,16
dataset_mobilenet_ready/train/insang/insang_T5_30_jpg.rf.2d13a1013e728e36f073dc7e7f01fe1a_1.jpg,train,insang,5,13
dataset_mobilenet_ready/train/insang/insang_T14_61_jpg.rf.570c61e659ad55aa3c37c29b7dbc8eba_1.jpg,train,insang,14,4
dataset_mobilenet_ready/train/insang/insang_T16_16_jpg.rf.1a5c7291d4601e48d182aa76719a8759_1.jpg,train,insang,16,2
dataset_mobilenet_ready/train/insang/insang_T16_86_jpg.rf.4e091f5cffc58ff32c32bc2220249c21_1.jpg,train,insang,16,2
dataset_mobilenet_ready/train/insang/insang_T11_106_jpg.rf.9b7a43b227de4363a39f58bd52842d78_1.jpg,train,insang,11,7
dataset_mobilenet_ready/train/insang/insang_T8_6_jpg.rf.3c4b4c0ad90e222b3ea06fbe41e7b147_1.jpg,train,insang,8,10
dataset_mobilenet_ready/train/insang/insang_T4_69_jpg.rf.453093d47fca06482c4513d4c0d769bc_1.jpg,train,insang,4,14
dataset_mobilenet_ready/train/insang/insang_T6_73_jpg.rf.a7944f3973222e1afaa31c100f96c662_1.jpg,train,insang,6,12
dataset_mobilenet_ready/train/insang/insang_T18_112_jpg.rf.3f00bf5fac20f7fb92646206f00c460c_1.jpg,train,insang,18,0
dataset_mobilenet_ready/train/insang/insang_T15_92_jpg.rf.ca2e4ece1a4ccd7d8e8b1fd9e1374883_0.jpg,train,insang,15,3
dataset_mobilenet_ready/train/insang/insang_T3_44_jpg.rf.b420cc0e9f96abd8ee2563751595e132_1.jpg,train,insang,3,15
dataset_mobilenet_ready/train/insang/insang_T15_10_jpg.rf.b0207eba2af927724a2bed0e55d03bf1_0.jpg,train,insang,15,3
dataset_mobilenet_ready/train/insang/insang_T5_108_jpg.rf.dde578d1c97cbf2dd24ed137d42f8277_1.jpg,train,insang,5,13
dataset_mobilenet_ready/train/insang/insang_T18_84_jpg.rf.a33cd61c3dabbaed81df94904400760f_1.jpg,train,insang,18,0
dataset_mobilenet_ready/train/insang/insang_T5_57_jpg.rf.b19ed52a0c44b75b005343dee90e739e_1.jpg,train,insang,5,13
dataset_mobilenet_ready/train/insang/insang_T10_72_jpg.rf.f44965c6b14a938a3267cb30f5e0b89e_1.jpg,train,insang,10,8
dataset_mobilenet_ready/train/insang/insang_T7_14_jpg.rf.1cec15e300716a37ae8aa55780df89e9_1.jpg,train,insang,7,11
dataset_mobilenet_ready/train/insang/insang_T12_50_jpg.rf.546b494fb852b5b6ec174a6616359bb2_1.jpg,train,insang,12,6
dataset_mobilenet_ready/train/insang/insang_T15_75_jpg.rf.69d12a77ffdf8479bb3c95d07943dd0e_1.jpg,train,insang,15,3
dataset_mobilenet_ready/train/insang/insang_T13_107_jpg.rf.43cfee83d832762c7fd90a32d4f4918e_1.jpg,train,insang,13,5
dataset_mobilenet_ready/train/insang/insang_T9_4_jpg.rf.0e1b9d83dabb0b5857b9ab3b9df3fca3_1.jpg,train,insang,9,9
dataset_mobilenet_ready/train/insang/insang_T10_34_jpg.rf.78852b45ead9ad5d1d616e23edb50881_1.jpg,train,insang,10,8
dataset_mobilenet_ready/train/insang/insang_T13_4_jpg.rf.52da91b5650c8c876fa56be2cfef0b18_1.jpg,train,insang,13,5
dataset_mobilenet_ready/train/insang/insang_T10_110_jpg.rf.510e25b26a663a432059da7dc4d97005_0.jpg,train,insang,10,8
dataset_mobilenet_ready/train/insang/insang_T15_4_jpg.rf.3b5b41e95e6be1856260d9ef8085edff_0.jpg,train,insang,15,3
dataset_mobilenet_ready/train/insang/insang_T8_45_jpg.rf.bfacca685cc80ef4bc29033cf2107e26_1.jpg,train,insang,8,10
dataset_mobilenet_ready/train/insang/insang_T4_99_jpg.rf.48e34da28567ea36447ed9d3bc822c19_1.jpg,train,insang,4,14
dataset_mobilenet_ready/train/insang/insang_T6_4_jpg.rf.19efa7a5a548663d1537bd940351063c_1.jpg,train,insang,6,12
dataset_mobilenet_ready/train/insang/insang_T13_11_jpg.rf.886d44c62ddf6aeca8d32412ef4bcaa7_1.jpg,train,insang,13,5
dataset_mobilenet_ready/train/insang/insang_T12_33_jpg.rf.fdd6db726cdced0c8cf6f9ba30bc4f8a_1.jpg,train,insang,12,6
dataset_mobilenet_ready/train/insang/insang_T11_79_jpg.rf.00321c5b1532b095f8cac372102df502_1.jpg,train,insang,11,7
dataset_mobilenet_ready/train/insang/insang_T13_68_jpg.rf.523533a2d0518c821167b8a359870613_1.jpg,train,insang,13,5
dataset_mobilenet_ready/train/insang/insang_T18_52_jpg.rf.2f5df733c20d2f15817047d3518dbd4a_0.jpg,train,insang,18,0
dataset_mobilenet_ready/train/insang/insang_T18_25_jpg.rf.f68de80476c91e187f5b976f50468ac3_1.jpg,train,insang,18,0
dataset_mobilenet_ready/train/insang/insang_T11_115_jpg.rf.85db95d5737ecaa77fa81e463b952cbe_1.jpg,train,insang,11,7
dataset_mobilenet_ready/train/insang/insang_T4_92_jpg.rf.fbf25c67953ced20d25a23d86199da40_1.jpg,train,insang,4,14
dataset_mobilenet_ready/train/insang/insang_T12_71_jpg.rf.9f9905872f8eeae9295e9f37e4a317aa_0.jpg,train,insang,12,6
dataset_mobilenet_ready/train/insang/insang_T13_121_jpg.rf.81dcbd04bbcd32c237d5336b9285d7b1_1.jpg,train,insang,13,5
dataset_mobilenet_ready/train/insang/insang_T15_96_jpg.rf.feecd6b058a194009b3d7cdc8470e742_1.jpg,train,insang,15,3
dataset_mobilenet_ready/train/insang/insang_T6_34_jpg.rf.f768384a46fdef8db11e79b93a5a9095_1.jpg,train,insang,6,12
dataset_mobilenet_ready/train/insang/insang_T3_85_jpg.rf.8b3520392fecbf2acfe1965fcbaa8727_1.jpg,train,insang,3,15
dataset_mobilenet_ready/train/insang/insang_T2_72_jpg.rf.8089da453bfdf0c114796e98e529a9a2_1.jpg,train,insang,2,16
dataset_mobilenet_ready/train/insang/insang_T18_75_jpg.rf.04ece4a3d43dacb294f999ed4883ca5c_1.jpg,train,insang,18,0
dataset_mobilenet_ready/train/insang/insang_T18_53_jpg.rf.078ef3901f5e6d260f76abde8742bfe8_0.jpg,train,insang,18,0
dataset_mobilenet_ready/train/insang/insang_T17_61_jpg.rf.6297ad71c84d8e2d18581d860aca1dfd_0.jpg,train,insang,17,1
dataset_mobilenet_ready/train/insang/insang_T11_101_jpg.rf.d2a71b57dd7e9ff49aa0fd750afaf449_1.jpg,train,insang,11,7
dataset_mobilenet_ready/train/insang/insang_T3_98_jpg.rf.f743e689f1a1dc24c0ca5b630a25bc65_1.jpg,train,insang,3,15
dataset_mobilenet_ready/train/insang/insang_T6_66_jpg.rf.d62bff0b98da415e91c3f0eae85dd682_1.jpg,train,insang,6,12
dataset_mobilenet_ready/train/insang/insang_T2_94_jpg.rf.e9f4704b550296abf4855edeff54c4da_1.jpg,train,insang,2,16
dataset_mobilenet_ready/train/insang/insang_T12_43_jpg.rf.a896f5c2862cb82397695d7d3924a095_1.jpg,train,insang,12,6
dataset_mobilenet_ready/train/insang/insang_T14_49_jpg.rf.fa4c553641c51e947caa841863e67da5_1.jpg,train,insang,14,4
dataset_mobilenet_ready/train/insang/insang_T8_109_jpg.rf.f3cf7a7dd5b634d946b3f8d66d0e41eb_1.jpg,train,insang,8,10
dataset_mobilenet_ready/train/insang/insang_T2_18_jpg.rf.9bf4a9a5513033611d1fbc5b6790636c_1.jpg,train,insang,2,16
dataset_mobilenet_ready/train/insang/insang_T8_29_jpg.rf.8aed161f7b889b778dde99ef91433fd6_0.jpg,train,insang,8,10
dataset_mobilenet_ready/train/insang/insang_T15_91_jpg.rf.a21f19348b5188a45f846b690d406ed9_0.jpg,train,insang,15,3
dataset_mobilenet_ready/train/insang/insang_T4_118_jpg.rf.87dc882a6ac771a48964e2151872c692_1.jpg,train,insang,4,14
dataset_mobilenet_ready/train/insang/insang_T6_65_jpg.rf.9646de6eaa8ff01c741150172e3e2292_1.jpg,train,insang,6,12
dataset_mobilenet_ready/train/insang/insang_T9_35_jpg.rf.fa22b6d0afa6f95c123875be19843ea6_1.jpg,train,insang,9,9
dataset_mobilenet_ready/train/insang/insang_T15_115_jpg.rf.a7ff67fa0e8f1ee1def7b5ca61974589_1.jpg,train,insang,15,3
dataset_mobilenet_ready/train/insang/insang_T5_14_jpg.rf.e549ebd27ef88f75074e4288543aab19_1.jpg,train,insang,5,13
dataset_mobilenet_ready/train/insang/insang_T9_106_jpg.rf.70aa9bd23acdcf8e2767e3d259c07337_1.jpg,train,insang,9,9
dataset_mobilenet_ready/train/insang/insang_T16_63_jpg.rf.18366b7282eabc98bc9b1cb966e234dd_1.jpg,train,insang,16,2
dataset_mobilenet_ready/train/insang/insang_T8_50_jpg.rf.52bc82b8ca59b47f978f1eb16a06b12c_0.jpg,train,insang,8,10
dataset_mobilenet_ready/train/insang/insang_T7_42_jpg.rf.0b1a2d88f0327f9a9f94c8b97167c875_1.jpg,train,insang,7,11
dataset_mobilenet_ready/train/insang/insang_T8_80_jpg.rf.40e05f78e5997200b6c85114913f4408_0.jpg,train,insang,8,10
dataset_mobilenet_ready/train/insang/insang_T4_49_jpg.rf.946060744210dd6031ae15f78aa274a1_0.jpg,train,insang,4,14
dataset_mobilenet_ready/train/insang/insang_T3_110_jpg.rf.8670d0bf394b345afb3c9facc512ebda_0.jpg,train,insang,3,15
dataset_mobilenet_ready/train/insang/insang_T11_108_jpg.rf.ebe52e0164d7b42b5eaf51f62b9e8efd_1.jpg,train,insang,11,7
dataset_mobilenet_ready/train/insang/insang_T15_2_jpg.rf.5fd910cc36421cc8c7c3972d2de384b8_1.jpg,train,insang,15,3
dataset_mobilenet_ready/train/insang/insang_T8_58_jpg.rf.25864b082bbedb8557045b0b5dc59b32_1.jpg,train,insang,8,10
dataset_mobilenet_ready/train/insang/insang_T9_25_jpg.rf.25f1b9069f7b17372712531f1740a4a3_0.jpg,train,insang,9,9
dataset_mobilenet_ready/train/insang/insang_T9_38_jpg.rf.0a53caf52da12dbf171fa051ba0a28d0_1.jpg,train,insang,9,9
dataset_mobilenet_ready/train/insang/insang_T2_46_jpg.rf.04220c2ab405159352467f09b5cdb92e_1.jpg,train,insang,2,16
dataset_mobilenet_ready/train/insang/insang_T15_14_jpg.rf.f752b0d3ecfd781345acc006706cee62_1.jpg,train,insang,15,3
dataset_mobilenet_ready/train/insang/insang_T11_3_jpg.rf.ed0ff411b752ab5700aaa065132d0508_1.jpg,train,insang,11,7
dataset_mobilenet_ready/train/insang/insang_T12_24_jpg.rf.0f6541bf6e647a22762964057914949d_1.jpg,train,insang,12,6
dataset_mobilenet_ready/train/insang/insang_T12_83_jpg.rf.a3f8a4911da7930939985626b5bae875_1.jpg,train,insang,12,6
dataset_mobilenet_ready/train/insang/insang_T15_46_jpg.rf.a9757a7588f289f871fae143a0d69d6d_1.jpg,train,insang,15,3
dataset_mobilenet_ready/train/insang/insang_T14_37_jpg.rf.5d6ca98275aa963c82c93a68d9879aa1_1.jpg,train,insang,14,4
dataset_mobilenet_ready/train/insang/insang_T5_33_jpg.rf.f12ec5214216ffafe443c04cd4b510be_1.jpg,train,insang,5,13
dataset_mobilenet_ready/train/insang/insang_T12_61_jpg.rf.949bbcda267727208f64628b309c7e9f_1.jpg,train,insang,12,6
dataset_mobilenet_ready/train/insang/insang_T4_4_jpg.rf.66a500ed464667b46356ec368a6777a4_0.jpg,train,insang,4,14
dataset_mobilenet_ready/train/insang/insang_T9_87_jpg.rf.28c0eb5a37cd222f645be37426152c76_0.jpg,train,insang,9,9
dataset_mobilenet_ready/train/insang/insang_T11_89_jpg.rf.1c9d50332842bf928ea1e1d4af5b1135_0.jpg,train,insang,11,7
dataset_mobilenet_ready/train/insang/insang_T16_93_jpg.rf.b2c7c888f892c48b63a613d13429a6c7_0.jpg,train,insang,16,2
dataset_mobilenet_ready/train/insang/insang_T17_7_jpg.rf.59404627155e48ec06d96ee09853a95f_1.jpg,train,insang,17,1
dataset_mobilenet_ready/train/insang/insang_T16_5_jpg.rf.8a1cfb94d26e2a37bfd2986314cc29de_1.jpg,train,insang,16,2
dataset_mobilenet_ready/train/insang/insang_T15_39_jpg.rf.c61aebd1ee10a63b35a3cb533b0e565d_0.jpg,train,insang,15,3
dataset_mobilenet_ready/train/insang/insang_T2_87_jpg.rf.6d6c19e408af5829924de6778e1b5c94_1.jpg,train,insang,2,16
dataset_mobilenet_ready/train/insang/insang_T16_33_jpg.rf.a19b1b77996985e3cdca7bf7730c56dc_1.jpg,train,insang,16,2
dataset_mobilenet_ready/train/insang/insang_T3_122_jpg.rf.fe60419c8c162b7529680064f41d2f03_1.jpg,train,insang,3,15
dataset_mobilenet_ready/train/insang/insang_T4_11_jpg.rf.d038b1d6c75ca87df3e0d2457bf8917b_1.jpg,train,insang,4,14
dataset_mobilenet_ready/train/insang/insang_T3_24_jpg.rf.e8089f813de225239be7c13ab2304eb9_0.jpg,train,insang,3,15
dataset_mobilenet_ready/train/insang/insang_T10_123_jpg.rf.7ada3c3f5145520363b71d4dbecd159a_1.jpg,train,insang,10,8
dataset_mobilenet_ready/train/insang/insang_T9_65_jpg.rf.b98dbf9eab18570189a2ad148d613bcc_1.jpg,train,insang,9,9
dataset_mobilenet_ready/train/insang/insang_T4_85_jpg.rf.4b55174828521336d5b4c4069d6fa790_1.jpg,train,insang,4,14
dataset_mobilenet_ready/train/insang/insang_T4_106_jpg.rf.5cf1116d79b6ce03e5da6435a196e1d7_1.jpg,train,insang,4,14
dataset_mobilenet_ready/train/insang/insang_T14_58_jpg.rf.f9b61581ba4b1fda4962b70790ae6f72_1.jpg,train,insang,14,4
dataset_mobilenet_ready/train/insang/insang_T6_98_jpg.rf.3d98ee6082ec158231b0a248f5049bd2_1.jpg,train,insang,6,12
dataset_mobilenet_ready/train/insang/insang_T6_10_jpg.rf.7f70769dd22242350531a2d1b42122c2_0.jpg,train,insang,6,12
dataset_mobilenet_ready/train/insang/insang_T2_52_jpg.rf.d4d054e8671adb8c5c77ae3327116e9f_1.jpg,train,insang,2,16
dataset_mobilenet_ready/train/insang/insang_T16_4_jpg.rf.ce2f3ae3ab4f8dfe3280aaaf2737128f_1.jpg,train,insang,16,2
dataset_mobilenet_ready/train/insang/insang_T5_120_jpg.rf.5c7499994a212d25b08fe123785cc28e_1.jpg,train,insang,5,13
dataset_mobilenet_ready/train/insang/insang_T17_94_jpg.rf.1271fd65b9cd4d77126313327eca57f6_1.jpg,train,insang,17,1
dataset_mobilenet_ready/train/insang/insang_T5_40_jpg.rf.dcfa1dbee17b0ae16a8c45419d0729d6_1.jpg,train,insang,5,13
dataset_mobilenet_ready/train/insang/insang_T3_9_jpg.rf.ff687520d7019af4e209599c8e7dc879_1.jpg,train,insang,3,15
dataset_mobilenet_ready/train/insang/insang_T15_54_jpg.rf.89e2c7a1192903426df8132920b4883f_1.jpg,train,insang,15,3
dataset_mobilenet_ready/train/insang/insang_T6_27_jpg.rf.2a73b551d716b6de32918278dbb56699_1.jpg,train,insang,6,12
dataset_mobilenet_ready/train/insang/insang_T3_101_jpg.rf.bc9df73aa6bed98ec0bc45465ad0a26d_0.jpg,train,insang,3,15
dataset_mobilenet_ready/train/insang/insang_T3_18_jpg.rf.ec2f9fca7d61e5df51ec7ace68abf510_1.jpg,train,insang,3,15
dataset_mobilenet_ready/train/insang/insang_T14_0_jpg.rf.62db49c71a717e0925d2422b438e9016_0.jpg,train,insang,14,4
dataset_mobilenet_ready/train/insang/insang_T7_88_jpg.rf.fc57faa626ecdc37253c2fcd7a8c9fa4_1.jpg,train,insang,7,11
dataset_mobilenet_ready/train/insang/insang_T2_69_jpg.rf.a21b4a93c737abe30fbfaee98e60934c_1.jpg,train,insang,2,16
dataset_mobilenet_ready/train/insang/insang_T3_104_jpg.rf.277197b6eaa4a8fe20b79fbe5ab752bf_0.jpg,train,insang,3,15
dataset_mobilenet_ready/train/insang/insang_T2_5_jpg.rf.921d0764c7235e37215ba500eca4de41_1.jpg,train,insang,2,16
dataset_mobilenet_ready/train/insang/insang_T6_5_jpg.rf.34c9b54a65c16efef88e663856146390_1.jpg,train,insang,6,12
dataset_mobilenet_ready/train/insang/insang_T9_98_jpg.rf.1430c49d169cdb20cf3fc7de2b062a67_1.jpg,train,insang,9,9
dataset_mobilenet_ready/train/insang/insang_T5_10_jpg.rf.cbef9d15d75b17f34eed3587f35ab0b7_0.jpg,train,insang,5,13
dataset_mobilenet_ready/train/insang/insang_T3_115_jpg.rf.eea4b092678c21db23fb1d5dc1280afc_1.jpg,train,insang,3,15
dataset_mobilenet_ready/train/insang/insang_T10_46_jpg.rf.2d74f5b187ded547f95d87f0e12ebe26_1.jpg,train,insang,10,8
dataset_mobilenet_ready/train/insang/insang_T4_13_jpg.rf.87a67dd9ccf1a2abe6429af53a4adf77_0.jpg,train,insang,4,14
dataset_mobilenet_ready/train/insang/insang_T18_65_jpg.rf.b33e41f5782569033016643d9377655d_1.jpg,train,insang,18,0
dataset_mobilenet_ready/train/insang/insang_T13_91_jpg.rf.217eb15c2804e5d2f1a7b68292d1f3cf_1.jpg,train,insang,13,5
dataset_mobilenet_ready/train/insang/insang_T16_56_jpg.rf.57a433f961ad9485c1c34fb0867d6319_1.jpg,train,insang,16,2
dataset_mobilenet_ready/train/insang/insang_T15_123_jpg.rf.3c77b62d965ecb36727f2dd779c28744_1.jpg,train,insang,15,3
dataset_mobilenet_ready/train/insang/insang_T18_7_jpg.rf.b7237c0bb9414e48cb49d44666cc394e_0.jpg,train,insang,18,0
dataset_mobilenet_ready/train/insang/insang_T18_2_jpg.rf.4904ca2ae7a4b76f99c463fa80799edf_0.jpg,train,insang,18,0
dataset_mobilenet_ready/train/insang/insang_T8_9_jpg.rf.75666efa076d425d2ee7e54116149aff_1.jpg,train,insang,8,10
dataset_mobilenet_ready/train/insang/insang_T6_97_jpg.rf.e67a8ae2ddcbebdd94729ebedd44b12f_1.jpg,train,insang,6,12
dataset_mobilenet_ready/train/insang/insang_T15_81_jpg.rf.bc61176030b1b77eb63722cbc39bd207_0.jpg,train,insang,15,3
dataset_mobilenet_ready/train/insang/insang_T10_71_jpg.rf.0ce0a6bd71ef391ba8c7a62c18e172bf_1.jpg,train,insang,10,8
dataset_mobilenet_ready/train/insang/insang_T10_10_jpg.rf.13532dcfa1037bec1393f42d3a125be6_1.jpg,train,insang,10,8
dataset_mobilenet_ready/train/insang/insang_T10_25_jpg.rf.8db7f1937bfec2a4a9e37da73d8d0c41_1.jpg,train,insang,10,8
dataset_mobilenet_ready/train/insang/insang_T9_91_jpg.rf.d23cb3b8250b46fb2b3cb0dd9d43d0c5_0.jpg,train,insang,9,9
dataset_mobilenet_ready/train/insang/insang_T12_7_jpg.rf.281307712e517f076b49e3e86f7a811b_1.jpg,train,insang,12,6
dataset_mobilenet_ready/train/insang/insang_T18_124_jpg.rf.8324dfd4002879070fc2dd9fb7b8473a_1.jpg,train,insang,18,0
dataset_mobilenet_ready/train/insang/insang_T13_94_jpg.rf.c607555fe05559ee91e934f0101991d6_0.jpg,train,insang,13,5
dataset_mobilenet_ready/train/insang/insang_T8_66_jpg.rf.4529bc2dd2750608cca3cd95b36b7ad3_1.jpg,train,insang,8,10
dataset_mobilenet_ready/train/insang/insang_T4_5_jpg.rf.2343846abbcdfe1eb44e4cd8802d52ce_0.jpg,train,insang,4,14
dataset_mobilenet_ready/train/insang/insang_T5_43_jpg.rf.4a8be293a8dc069f3cc1b61ba578d9d2_1.jpg,train,insang,5,13
dataset_mobilenet_ready/train/insang/insang_T2_49_jpg.rf.67a4961f0b6a255ec5c16c5879b6a8bf_0.jpg,train,insang,2,16
dataset_mobilenet_ready/train/insang/insang_T11_9_jpg.rf.bc7c406f4285d1ba70e0d20ca9abb7b1_1.jpg,train,insang,11,7
dataset_mobilenet_ready/train/insang/insang_T4_120_jpg.rf.ed0cd995ce007c6177a3edde4693b99b_1.jpg,train,insang,4,14
dataset_mobilenet_ready/train/insang/insang_T16_41_jpg.rf.656775913d4161996253effe53994a76_1.jpg,train,insang,16,2
dataset_mobilenet_ready/train/insang/insang_T11_105_jpg.rf.41e3eb073498b69876c2b4a6034abf8b_1.jpg,train,insang,11,7
dataset_mobilenet_ready/train/insang/insang_T18_10_jpg.rf.bd2f6dcfae2f88afd8b0e01d7e10b185_1.jpg,train,insang,18,0
dataset_mobilenet_ready/train/insang/insang_T16_72_jpg.rf.1e6aeb7db77341857e34e9f2326a9bb6_1.jpg,train,insang,16,2
dataset_mobilenet_ready/train/insang/insang_T14_70_jpg.rf.17ceea33d61093c48ed4d2cd3f2254ac_0.jpg,train,insang,14,4
dataset_mobilenet_ready/train/insang/insang_T14_72_jpg.rf.e5f545352fa8fc09fda2ddb111eb0c7d_1.jpg,train,insang,14,4
dataset_mobilenet_ready/train/insang/insang_T18_62_jpg.rf.32c586b72d5e900d9ccde9be6e1e3e21_0.jpg,train,insang,18,0
dataset_mobilenet_ready/train/insang/insang_T12_106_jpg.rf.cd299a3e4adbb5d53476c24b7d5ab83d_1.jpg,train,insang,12,6
dataset_mobilenet_ready/train/insang/insang_T17_87_jpg.rf.9d8a6f4c99c5282c297585a6846eccb8_1.jpg,train,insang,17,1
dataset_mobilenet_ready/train/insang/insang_T13_14_jpg.rf.4314bf9d049eac34ca648bd1e6b2ebbc_1.jpg,train,insang,13,5
dataset_mobilenet_ready/train/insang/insang_T13_28_jpg.rf.a9bf27f2087dd0f6335160a10efef7a8_1.jpg,train,insang,13,5
dataset_mobilenet_ready/train/insang/insang_T13_78_jpg.rf.801e59c8c094180de67136eaf78a12ee_1.jpg,train,insang,13,5
dataset_mobilenet_ready/train/insang/insang_T3_58_jpg.rf.a18f3d1db2c1aeaae74f6b89933c8cab_0.jpg,train,insang,3,15
dataset_mobilenet_ready/train/insang/insang_T15_104_jpg.rf.4e2ab89ad5082eb62648b1c73871f6f4_1.jpg,train,insang,15,3
dataset_mobilenet_ready/train/insang/insang_T14_18_jpg.rf.8fd02f8c0a5b2800a79162d9ac938e4f_0.jpg,train,insang,14,4
dataset_mobilenet_ready/train/insang/insang_T13_104_jpg.rf.9e91efda017f1bc1f80b0765c4c9ff01_1.jpg,train,insang,13,5
dataset_mobilenet_ready/train/insang/insang_T6_43_jpg.rf.035ebe22d544ff3de360652acef1d928_1.jpg,train,insang,6,12
dataset_mobilenet_ready/train/insang/insang_T14_80_jpg.rf.57aa1c8e6185bcd43bdbf7681da94ecb_1.jpg,train,insang,14,4
dataset_mobilenet_ready/train/insang/insang_T4_100_jpg.rf.ac669c9669942112e98872bb2025df0d_1.jpg,train,insang,4,14
dataset_mobilenet_ready/train/insang/insang_T15_19_jpg.rf.a86af9cc24ad434079f9b94bf6f4a89f_1.jpg,train,insang,15,3
dataset_mobilenet_ready/train/insang/insang_T5_71_jpg.rf.e48d5e6acaf214b15804b586937d7518_1.jpg,train,insang,5,13
dataset_mobilenet_ready/train/insang/insang_T11_44_jpg.rf.9a7e74f284de9fb77b5e6bdd05d23ca7_1.jpg,train,insang,11,7
dataset_mobilenet_ready/train/insang/insang_T8_39_jpg.rf.aee8d133c384861d4f13679ff2bc7b62_1.jpg,train,insang,8,10
dataset_mobilenet_ready/train/insang/insang_T5_16_jpg.rf.cd01eaa4298a525def44da8b29584e37_0.jpg,train,insang,5,13
dataset_mobilenet_ready/train/insang/insang_T7_102_jpg.rf.05ce16309af37bc0193e7ef9f25af599_1.jpg,train,insang,7,11
dataset_mobilenet_ready/train/insang/insang_T16_48_jpg.rf.6745d9a3225f744a269e81e4f51634be_1.jpg,train,insang,16,2
dataset_mobilenet_ready/train/insang/insang_T2_44_jpg.rf.14cb20ff9fa9516ea8912868866722bd_1.jpg,train,insang,2,16
dataset_mobilenet_ready/train/insang/insang_T17_3_jpg.rf.c15c9677d2850a654175aceff4d31885_1.jpg,train,insang,17,1
dataset_mobilenet_ready/train/insang/insang_T17_75_jpg.rf.806970360685c949011bd36e28b050f7_1.jpg,train,insang,17,1
dataset_mobilenet_ready/train/insang/insang_T2_39_jpg.rf.a9d13f599d6ad0f80f4bc5a142448016_1.jpg,train,insang,2,16
dataset_mobilenet_ready/train/insang/insang_T4_8_jpg.rf.1d14169547c9dd268700326163c23433_0.jpg,train,insang,4,14
dataset_mobilenet_ready/train/insang/insang_T15_122_jpg.rf.7bb6c7eaae609baace15ccc373aa1495_0.jpg,train,insang,15,3
dataset_mobilenet_ready/train/insang/insang_T2_26_jpg.rf.0b7e8c9c33e714630ad90f032907dc20_1.jpg,train,insang,2,16
dataset_mobilenet_ready/train/insang/insang_T9_113_jpg.rf.35c3aed59913b56d9ec77b1c83bcd938_1.jpg,train,insang,9,9
dataset_mobilenet_ready/train/insang/insang_T3_80_jpg.rf.c8d037f11baaae491fae8526fd78028a_1.jpg,train,insang,3,15
dataset_mobilenet_ready/train/insang/insang_T12_21_jpg.rf.11ff429daeb07d71463ac5573ee63a0c_1.jpg,train,insang,12,6
dataset_mobilenet_ready/train/insang/insang_T15_7_jpg.rf.10f3a2307221cb2367f8d82d23dc02d2_1.jpg,train,insang,15,3
dataset_mobilenet_ready/train/insang/insang_T11_83_jpg.rf.417e6131510f079a2c04847fd592f79f_1.jpg,train,insang,11,7
dataset_mobilenet_ready/train/insang/insang_T17_116_jpg.rf.fadffd86d06ef47490b0b4b6007dab3f_2.jpg,train,insang,17,1
dataset_mobilenet_ready/train/insang/insang_T15_41_jpg.rf.6411fbac3a433b9e5d92256c2581e835_1.jpg,train,insang,15,3
dataset_mobilenet_ready/train/insang/insang_T16_111_jpg.rf.5867945c96c13c0e8bb4817dee4d0033_1.jpg,train,insang,16,2
dataset_mobilenet_ready/train/insang/insang_T6_123_jpg.rf.eaa55cb3993a6454661371e458d76f34_1.jpg,train,insang,6,12
dataset_mobilenet_ready/train/insang/insang_T11_95_jpg.rf.ecc8e6448d09e43db2df9f4ad7dfb005_1.jpg,train,insang,11,7
dataset_mobilenet_ready/train/insang/insang_T17_99_jpg.rf.8a670b09c6ec67e8ffd6d4d0943fc332_0.jpg,train,insang,17,1
dataset_mobilenet_ready/train/insang/insang_T4_34_jpg.rf.9746d22713949306bde3bdf05e022e6e_1.jpg,train,insang,4,14
dataset_mobilenet_ready/train/insang/insang_T12_105_jpg.rf.314e5f89953f98fb43a9c1a121b3705e_1.jpg,train,insang,12,6
dataset_mobilenet_ready/train/insang/insang_T5_17_jpg.rf.e684d55f2cebcd94f50f33812a319780_0.jpg,train,insang,5,13
dataset_mobilenet_ready/train/insang/insang_T12_103_jpg.rf.fd972a181edfecce68c4776d7574a3f7_0.jpg,train,insang,12,6
dataset_mobilenet_ready/train/insang/insang_T9_68_jpg.rf.18fd6baa9e0006b8f215951d3f73f332_1.jpg,train,insang,9,9
dataset_mobilenet_ready/train/insang/insang_T13_103_jpg.rf.266c9c96e82012b1b32f5563e7a83745_1.jpg,train,insang,13,5
dataset_mobilenet_ready/train/insang/insang_T7_103_jpg.rf.04ab1b581e27f46f2f4d585482b96b69_1.jpg,train,insang,7,11
dataset_mobilenet_ready/train/insang/insang_T13_65_jpg.rf.8c0c193ea08c59fb88e3043c82ed30c8_0.jpg,train,insang,13,5
dataset_mobilenet_ready/train/insang/insang_T13_56_jpg.rf.09405ab3018b04c606d45a9808878232_0.jpg,train,insang,13,5
dataset_mobilenet_ready/valid/mata/mata_T12_88_jpg.rf.21fed0a202c6fabfa83bb020eeba9633_0.jpg,valid,mata,12,6
dataset_mobilenet_ready/valid/mata/mata_T8_121_jpg.rf.ae74a1d05c40455ad9f4a5f169447de5_1.jpg,valid,mata,8,10
dataset_mobilenet_ready/valid/mata/mata_T17_69_jpg.rf.d2f0246ee7b1fda99094156effbd50f9_0.jpg,valid,mata,17,1
dataset_mobilenet_ready/valid/mata/mata_T8_67_jpg.rf.521652d78e46f2812e31f3dea6bd8cd2_0.jpg,valid,mata,8,10
dataset_mobilenet_ready/valid/mata/mata_T11_107_jpg.rf.2e89aeb45c67b1f16cfbf95cf1d53509_0.jpg,valid,mata,11,7
dataset_mobilenet_ready/valid/mata/mata_T6_36_jpg.rf.a2a919700ec5673bb8939300250cda81_0.jpg,valid,mata,6,12
dataset_mobilenet_ready/valid/mata/mata_T8_116_jpg.rf.deedb60a07d10724a189b412f2aa0338_1.jpg,valid,mata,8,10
dataset_mobilenet_ready/valid/mata/mata_T11_91_jpg.rf.233a588bebecd2ceedc2274f82fcffe3_1.jpg,valid,mata,11,7
dataset_mobilenet_ready/valid/mata/mata_T13_32_jpg.rf.e00c3b8d68bcf0226e7cc7f68632dfe5_0.jpg,valid,mata,13,5
dataset_mobilenet_ready/valid/mata/mata_T9_48_jpg.rf.0366d8be9b7aaa517ce62a415a839623_1.jpg,valid,mata,9,9
dataset_mobilenet_ready/valid/mata/mata_T10_98_jpg.rf.520c01b0831cfebc13cf0d363f9bd506_0.jpg,valid,mata,10,8
dataset_mobilenet_ready/valid/mata/mata_T4_83_jpg.rf.312b73b94f87632398e880594da8b9bd_0.jpg,valid,mata,4,14
dataset_mobilenet_ready/valid/mata/mata_T2_30_jpg.rf.5f9415d6ab8cc5c6e26d727b6dd08a1e_0.jpg,valid,mata,2,16
dataset_mobilenet_ready/valid/mata/mata_T9_60_jpg.rf.fe84b4d9d175e3876ee2e2c4b1cc8056_0.jpg,valid,mata,9,9
dataset_mobilenet_ready/valid/mata/mata_T12_15_jpg.rf.514ae29affe50c6ba82bec0ec1dfd6a9_0.jpg,valid,mata,12,6
dataset_mobilenet_ready/valid/mata/mata_T8_77_jpg.rf.f05b7e6dffbab3c52ec726cff26cdff6_0.jpg,valid,mata,8,10
dataset_mobilenet_ready/valid/mata/mata_T11_62_jpg.rf.0698c7f27d2f5b96737a933dbb4048b3_1.jpg,valid,mata,11,7
dataset_mobilenet_ready/valid/mata/mata_T6_47_jpg.rf.f19039a7b04d757b31c59ed60b3ffe7d_1.jpg,valid,mata,6,12
dataset_mobilenet_ready/valid/mata/mata_T14_66_jpg.rf.6b6448ba8b6e4317a729ae6ab8dd6bcf_0.jpg,valid,mata,14,4
dataset_mobilenet_ready/valid/mata/mata_T2_56_jpg.rf.291e229bd56505b6edff75ec932eabd3_1.jpg,valid,mata,2,16
dataset_mobilenet_ready/valid/mata/mata_T10_22_jpg.rf.daf43e3407585c8e3e9ac6f1ad097f0b_0.jpg,valid,mata,10,8
dataset_mobilenet_ready/valid/mata/mata_T11_120_jpg.rf.befad2eca7f67d4b90d3ab574770f5a6_1.jpg,valid,mata,11,7
dataset_mobilenet_ready/valid/mata/mata_T16_47_jpg.rf.8e9fe43c13073b9577a6d107dcff387e_0.jpg,valid,mata,16,2
dataset_mobilenet_ready/valid/mata/mata_T12_56_jpg.rf.0ca628af54aed4495fb2b512f2999959_0.jpg,valid,mata,12,6
dataset_mobilenet_ready/valid/mata/mata_T17_59_jpg.rf.b86f76af6b05ad809f39c44f2df02c71_1.jpg,valid,mata,17,1
dataset_mobilenet_ready/valid/mata/mata_T18_15_jpg.rf.f9564717395786047b6431ef15e4a039_0.jpg,valid,mata,18,0
dataset_mobilenet_ready/valid/mata/mata_T14_51_jpg.rf.dff17b6a345c2c5c54530f527a25dc13_0.jpg,valid,mata,14,4
dataset_mobilenet_ready/valid/mata/mata_T3_83_jpg.rf.cb00a42d8b4c523e82d4dceb909b40f8_0.jpg,valid,mata,3,15
dataset_mobilenet_ready/valid/mata/mata_T5_94_jpg.rf.4bb2daf065a0b15cea0287fb364e688a_0.jpg,valid,mata,5,13
dataset_mobilenet_ready/valid/mata/mata_T3_65_jpg.rf.fffb9079f6915aee94169b2991ea07df_0.jpg,valid,mata,3,15
dataset_mobilenet_ready/valid/mata/mata_T7_4_jpg.rf.8a38ed1261bae8c722746fbaa6dcd675_0.jpg,valid,mata,7,11
dataset_mobilenet_ready/valid/mata/mata_T9_78_jpg.rf.c869075d06c707782d601860c96ebd6b_0.jpg,valid,mata,9,9
dataset_mobilenet_ready/valid/mata/mata_T6_0_jpg.rf.2651c57605c90be04ab4b33e20ee2151_0.jpg,valid,mata,6,12
dataset_mobilenet_ready/valid/mata/mata_T14_73_jpg.rf.798c3980a925ab14f126aa4bfff01184_0.jpg,valid,mata,14,4
dataset_mobilenet_ready/valid/mata/mata_T13_52_jpg.rf.2307203e874559bb8863129a96bda833_0.jpg,valid,mata,13,5
dataset_mobilenet_ready/valid/mata/mata_T7_123_jpg.rf.4d80d636e330f5b84ba86b36c79e0089_0.jpg,valid,mata,7,11
dataset_mobilenet_ready/valid/mata/mata_T8_27_jpg.rf.44d2f3b56d71294d24efeca4bd7c1108_1.jpg,valid,mata,8,10
dataset_mobilenet_ready/valid/mata/mata_T7_3_jpg.rf.9e36588ef3410b58dcd1642e3c2a324b_0.jpg,valid,mata,7,11
dataset_mobilenet_ready/valid/mata/mata_T14_17_jpg.rf.066c921d89c595209561bb45ed630806_0.jpg,valid,mata,14,4
dataset_mobilenet_ready/valid/mata/mata_T6_11_jpg.rf.874b38fd9d8df169879380be5b4a6cb3_1.jpg,valid,mata,6,12
dataset_mobilenet_ready/valid/mata/mata_T5_1_jpg.rf.1b663f139cd85eacd3da70b3430e9232_0.jpg,valid,mata,5,13
dataset_mobilenet_ready/valid/mata/mata_T4_122_jpg.rf.05e555d4a4345ea038a5faf52d030794_0.jpg,valid,mata,4,14
dataset_mobilenet_ready/valid/mata/mata_T11_69_jpg.rf.434c2f90c2974ed9e8af2890624e5f66_0.jpg,valid,mata,11,7
dataset_mobilenet_ready/valid/mata/mata_T14_22_jpg.rf.d264878a849b1e8a3e6f218048f31f65_0.jpg,valid,mata,14,4
dataset_mobilenet_ready/valid/mata/mata_T17_37_jpg.rf.3b06e0f8d3610f584d3834e08c1bf618_1.jpg,valid,mata,17,1
dataset_mobilenet_ready/valid/mata/mata_T18_19_jpg.rf.674770717a7b3fdb07d5c6ebfe3ab57a_0.jpg,valid,mata,18,0
dataset_mobilenet_ready/valid/mata/mata_T11_49_jpg.rf.7236489b14fc7db2faa99bbe76be03d7_0.jpg,valid,mata,11,7
dataset_mobilenet_ready/valid/mata/mata_T16_11_jpg.rf.116765fa3492bfad4b6f50924d3ee579_0.jpg,valid,mata,16,2
dataset_mobilenet_ready/valid/mata/mata_T8_23_jpg.rf.4cd47fb659530ed46340a05ff6cf00df_1.jpg,valid,mata,8,10
dataset_mobilenet_ready/valid/mata/mata_T6_63_jpg.rf.fba20530cdc2c8398afe4900c20723c4_0.jpg,valid,mata,6,12
dataset_mobilenet_ready/valid/mata/mata_T10_32_jpg.rf.9de35e75e13a32bba9a53284ea891955_0.jpg,valid,mata,10,8
dataset_mobilenet_ready/valid/mata/mata_T9_96_jpg.rf.f26ed8d8afcfdb9104237e79fd1c587f_0.jpg,valid,mata,9,9
dataset_mobilenet_ready/valid/mata/mata_T13_22_jpg.rf.2d8a42b773e077108e20dcfa9c8cc037_0.jpg,valid,mata,13,5
dataset_mobilenet_ready/valid/mata/mata_T17_71_jpg.rf.4ca2376ea0d149cd7b0f3bce75937ab1_0.jpg,valid,mata,17,1
dataset_mobilenet_ready/valid/mata/mata_T11_75_jpg.rf.cf5b30d02af037645e4b5080ebff5555_0.jpg,valid,mata,11,7
dataset_mobilenet_ready/valid/mata/mata_T3_53_jpg.rf.c2fbea6029e24170b1c82938f7be77f4_0.jpg,valid,mata,3,15
dataset_mobilenet_ready/valid/mata/mata_T7_51_jpg.rf.1660556dfd819a508c529d0516497003_0.jpg,valid,mata,7,11
dataset_mobilenet_ready/valid/mata/mata_T12_95_jpg.rf.7c1e6b63f496720c88d4d23e854ee279_0.jpg,valid,mata,12,6
dataset_mobilenet_ready/valid/mata/mata_T18_38_jpg.rf.fe022e120f0caaad20c16e5f856f8100_1.jpg,valid,mata,18,0
dataset_mobilenet_ready/valid/mata/mata_T17_30_jpg.rf.02d332a5ce4620a40839e1ba3fcce29e_1.jpg,valid,mata,17,1
dataset_mobilenet_ready/valid/mata/mata_T17_5_jpg.rf.e33f150dd6c7a606f00548c3c029c49b_0.jpg,valid,mata,17,1
dataset_mobilenet_ready/valid/mata/mata_T16_100_jpg.rf.cffec1ec46aaf03f964a755553f9c084_0.jpg,valid,mata,16,2
dataset_mobilenet_ready/valid/mata/mata_T8_57_jpg.rf.02c8181b5bfcfaa653a2d03649690950_0.jpg,valid,mata,8,10
dataset_mobilenet_ready/valid/mata/mata_T6_106_jpg.rf.c721e6f909d69421a0e70d52e3d0186f_0.jpg,valid,mata,6,12
dataset_mobilenet_ready/valid/mata/mata_T12_4_jpg.rf.742714284f6a80d480858dc8f4bbd5b4_0.jpg,valid,mata,12,6
dataset_mobilenet_ready/valid/mata/mata_T4_7_jpg.rf.a9bf93bc530ecdfdd6f5e3a0f5959834_1.jpg,valid,mata,4,14
dataset_mobilenet_ready/valid/mata/mata_T6_16_jpg.rf.a15cf6f8eb6972dd485c8b184273ef5b_0.jpg,valid,mata,6,12
dataset_mobilenet_ready/valid/mata/mata_T12_66_jpg.rf.3cdd93e1f09261cbdb3aac5a0417543f_1.jpg,valid,mata,12,6
dataset_mobilenet_ready/valid/mata/mata_T9_47_jpg.rf.0309f7565ee8445d889429766dbd586e_0.jpg,valid,mata,9,9
dataset_mobilenet_ready/valid/mata/mata_T8_41_jpg.rf.37c10572609d3c91168b5be530b19cf7_1.jpg,valid,mata,8,10
dataset_mobilenet_ready/valid/mata/mata_T14_110_jpg.rf.b669000e5effc1285d5827a88ab1ad20_0.jpg,valid,mata,14,4
dataset_mobilenet_ready/valid/mata/mata_T8_59_jpg.rf.70d6c4539f4a4a6e5d228792653d7e80_0.jpg,valid,mata,8,10
dataset_mobilenet_ready/valid/mata/mata_T3_75_jpg.rf.674a967c6d59c82db97cbccf7c00ca95_0.jpg,valid,mata,3,15
dataset_mobilenet_ready/valid/mata/mata_T9_111_jpg.rf.96d46e546df6e67f0afa51329a5b9673_0.jpg,valid,mata,9,9
dataset_mobilenet_ready/valid/mata/mata_T18_44_jpg.rf.886b99b27ed6b3395c9de37420aa628d_0.jpg,valid,mata,18,0
dataset_mobilenet_ready/valid/mata/mata_T11_70_jpg.rf.d50f99dba6b52829e673fbd5aad62cbf_0.jpg,valid,mata,11,7
dataset_mobilenet_ready/valid/mata/mata_T8_37_jpg.rf.ad3a0beee23256aca19a7c5ad8019e4d_0.jpg,valid,mata,8,10
dataset_mobilenet_ready/valid/mata/mata_T5_119_jpg.rf.dedfcf09f7d66bd3da328d696c0d35b6_0.jpg,valid,mata,5,13
dataset_mobilenet_ready/valid/mata/mata_T12_109_jpg.rf.028e4c62cb1505b250cc3831ed4886b8_0.jpg,valid,mata,12,6
dataset_mobilenet_ready/valid/mata/mata_T10_13_jpg.rf.1a97233aa6a2e10747d013209accac27_0.jpg,valid,mata,10,8
dataset_mobilenet_ready/valid/mata/mata_T12_97_jpg.rf.389e7f53f2c5d60e5cddc30737b8f546_0.jpg,valid,mata,12,6
dataset_mobilenet_ready/valid/mata/mata_T13_110_jpg.rf.0e5e25851e2442e79555110d0616d0f9_1.jpg,valid,mata,13,5
dataset_mobilenet_ready/valid/mata/mata_T5_63_jpg.rf.31b37b9d1fbb996b479be711cfa4b419_0.jpg,valid,mata,5,13
dataset_mobilenet_ready/valid/mata/mata_T17_33_jpg.rf.3d98c7b86999df87174c641af7e40b22_0.jpg,valid,mata,17,1
dataset_mobilenet_ready/valid/mata/mata_T8_101_jpg.rf.51185ab622edc72f1e2f52180744a235_0.jpg,valid,mata,8,10
dataset_mobilenet_ready/valid/mata/mata_T5_34_jpg.rf.7834ebd15068654918a58c6d8a6faeca_0.jpg,valid,mata,5,13
dataset_mobilenet_ready/valid/mata/mata_T7_46_jpg.rf.a2f345270cd30f428fba9dea58f90e02_0.jpg,valid,mata,7,11
dataset_mobilenet_ready/valid/mata/mata_T6_28_jpg.rf.148646638c9a6692f980494f02c5b9b4_0.jpg,valid,mata,6,12
dataset_mobilenet_ready/valid/mata/mata_T13_106_jpg.rf.94e318755678857df6dd04108d681677_1.jpg,valid,mata,13,5
dataset_mobilenet_ready/valid/mata/mata_T4_87_jpg.rf.41ff3239b8ecfd847c095a9b6730669c_0.jpg,valid,mata,4,14
dataset_mobilenet_ready/valid/mata/mata_T10_55_jpg.rf.05290eea5abb613f4f9a1462b17e5d24_0.jpg,valid,mata,10,8
dataset_mobilenet_ready/valid/mata/mata_T8_86_jpg.rf.d182f9c5110b95be24fc4796cdccf615_1.jpg,valid,mata,8,10
dataset_mobilenet_ready/valid/mata/mata_T6_39_jpg.rf.8b1d789e0e7d7f4361de6e7ecc49ae75_0.jpg,valid,mata,6,12
dataset_mobilenet_ready/valid/mata/mata_T2_73_jpg.rf.77909b5e9cb95030b8aa93d117a8c34d_0.jpg,valid,mata,2,16
dataset_mobilenet_ready/valid/mata/mata_T7_34_jpg.rf.b0ddd47099809b11fc39bbde13620449_0.jpg,valid,mata,7,11
dataset_mobilenet_ready/valid/mata/mata_T8_117_jpg.rf.2c6473a2ab90c974a0fe5e0c5abf760b_0.jpg,valid,mata,8,10
dataset_mobilenet_ready/valid/mata/mata_T8_79_jpg.rf.d60c77f3d5490b217a45d90e05707b26_1.jpg,valid,mata,8,10
dataset_mobilenet_ready/valid/mata/mata_T7_89_jpg.rf.5c1f3094cd94ae383510dd3084880ad8_0.jpg,valid,mata,7,11
dataset_mobilenet_ready/valid/mata/mata_T10_116_jpg.rf.bcead309d96ee052f1045516ab1f30e4_0.jpg,valid,mata,10,8
dataset_mobilenet_ready/valid/mata/mata_T5_3_jpg.rf.1ae0b69904a4e99486202ee6f8f11106_0.jpg,valid,mata,5,13
dataset_mobilenet_ready/valid/mata/mata_T3_21_jpg.rf.483eb5a87c22d8a656adeebf27da72d6_0.jpg,valid,mata,3,15
dataset_mobilenet_ready/valid/mata/mata_T9_116_jpg.rf.33853a78a27516397f10e42703c937b5_0.jpg,valid,mata,9,9
dataset_mobilenet_ready/valid/mata/mata_T12_25_jpg.rf.177e31534830bf998d267da1ef27f857_0.jpg,valid,mata,12,6
dataset_mobilenet_ready/valid/mata/mata_T18_88_jpg.rf.3bb1c5d7e587070da8266e0e3bd71cfd_0.jpg,valid,mata,18,0
dataset_mobilenet_ready/valid/mata/mata_T18_87_jpg.rf.dfa30afe0f8e0ee9d38acac28968348f_0.jpg,valid,mata,18,0
dataset_mobilenet_ready/valid/mata/mata_T5_0_jpg.rf.a56942fc5f84ce00f58d8dfa413aba50_0.jpg,valid,mata,5,13
dataset_mobilenet_ready/valid/mata/mata_T8_40_jpg.rf.2fc067957e40a1c5d0aa80f3a71743da_1.jpg,valid,mata,8,10
dataset_mobilenet_ready/valid/mata/mata_T17_73_jpg.rf.843454990dab04396e61bade3cef390d_0.jpg,valid,mata,17,1
dataset_mobilenet_ready/valid/mata/mata_T9_81_jpg.rf.02bf8221d9c0278fdf412fcbef0d5a2c_0.jpg,valid,mata,9,9
dataset_mobilenet_ready/valid/mata/mata_T10_63_jpg.rf.aab3f68547ef5d276cf6e90f6a22f0fc_0.jpg,valid,mata,10,8
dataset_mobilenet_ready/valid/mata/mata_T13_25_jpg.rf.461a50214de0ac87015874c794e51d1b_0.jpg,valid,mata,13,5
dataset_mobilenet_ready/valid/mata/mata_T4_114_jpg.rf.ffc6f69cea86dc390f99c4c5d6347ff0_1.jpg,valid,mata,4,14
dataset_mobilenet_ready/valid/mata/mata_T2_57_jpg.rf.9666f266d8255510ad85188a5c1abd78_0.jpg,valid,mata,2,16
dataset_mobilenet_ready/valid/mata/mata_T16_118_jpg.rf.095173d64d57a589bd873610078d973a_0.jpg,valid,mata,16,2
dataset_mobilenet_ready/valid/mata/mata_T10_120_jpg.rf.3c6574f82e59ec29e5ab388098204e5d_0.jpg,valid,mata,10,8
dataset_mobilenet_ready/valid/mata/mata_T8_26_jpg.rf.0e7cc8f32afab8cbf07d9d0eb52ec11b_0.jpg,valid,mata,8,10
dataset_mobilenet_ready/valid/mata/mata_T17_76_jpg.rf.b34c20e5488dc2c5cd33ff22268e1a74_0.jpg,valid,mata,17,1
dataset_mobilenet_ready/valid/mata/mata_T2_75_jpg.rf.fd9bb1048011b0904dc2a24a5cfb3cbd_1.jpg,valid,mata,2,16
dataset_mobilenet_ready/valid/mata/mata_T8_112_jpg.rf.2b52e46b8c719939367338689509c607_0.jpg,valid,mata,8,10
dataset_mobilenet_ready/valid/mata/mata_T13_9_jpg.rf.43aa130ffacb9a562728a0d0b92ff2cd_0.jpg,valid,mata,13,5
dataset_mobilenet_ready/valid/mata/mata_T8_105_jpg.rf.dfa0bf873e9e7e1a260bbe04f7a67a11_0.jpg,valid,mata,8,10
dataset_mobilenet_ready/valid/mata/mata_T4_110_jpg.rf.380ac2b1f0a7e994e2fae280619a753d_0.jpg,valid,mata,4,14
dataset_mobilenet_ready/valid/mata/mata_T8_7_jpg.rf.32cebcd85c1655f0e3365d199aa24de2_0.jpg,valid,mata,8,10
dataset_mobilenet_ready/valid/mata/mata_T16_28_jpg.rf.20b1dc09b5f39d15636288aa73315a7a_0.jpg,valid,mata,16,2
dataset_mobilenet_ready/valid/mata/mata_T14_43_jpg.rf.65ff9ac3d2c961a6b5c04cdb46e44e79_0.jpg,valid,mata,14,4
dataset_mobilenet_ready/valid/mata/mata_T17_108_jpg.rf.ed5c90ef13660737efd0e422315ba84a_0.jpg,valid,mata,17,1
dataset_mobilenet_ready/valid/mata/mata_T14_63_jpg.rf.5d869665274019f1d0fa7b866daec3d0_0.jpg,valid,mata,14,4
dataset_mobilenet_ready/valid/mata/mata_T18_99_jpg.rf.3d6a64b65868760fa1f7135a383013da_0.jpg,valid,mata,18,0
dataset_mobilenet_ready/valid/mata/mata_T10_91_jpg.rf.2b35d421c16f09c8145afdf7f271c40e_1.jpg,valid,mata,10,8
dataset_mobilenet_ready/valid/mata/mata_T4_109_jpg.rf.3226378ba5dc5fa3e95599c5f594e034_1.jpg,valid,mata,4,14
dataset_mobilenet_ready/valid/mata/mata_T3_113_jpg.rf.f4c54145d9de093b8ce7a56c4ec7f77e_1.jpg,valid,mata,3,15
dataset_mobilenet_ready/valid/mata/mata_T9_75_jpg.rf.48896f9c80132a9bb1f868807a286ad3_0.jpg,valid,mata,9,9
dataset_mobilenet_ready/valid/mata/mata_T7_98_jpg.rf.b9210b5d4d0232e83f109f818a703d75_0.jpg,valid,mata,7,11
dataset_mobilenet_ready/valid/mata/mata_T17_67_jpg.rf.13c7bd6f5804bf8cf551df6a87bbe27a_0.jpg,valid,mata,17,1
dataset_mobilenet_ready/valid/mata/mata_T6_111_jpg.rf.98cfdf9b9ee706dab26bcd8269285421_0.jpg,valid,mata,6,12
dataset_mobilenet_ready/valid/mata/mata_T17_21_jpg.rf.8104bc1236c6a06af2bd4ec335bd3d5c_0.jpg,valid,mata,17,1
dataset_mobilenet_ready/valid/mata/mata_T18_60_jpg.rf.6e756dc35fe663e748048781e77f8ddf_1.jpg,valid,mata,18,0
dataset_mobilenet_ready/valid/mata/mata_T18_39_jpg.rf.9339259fad695566868ca6e0945f1f27_0.jpg,valid,mata,18,0
dataset_mobilenet_ready/valid/mata/mata_T18_6_jpg.rf.7ff2f81899fa4d9fdd18d153ed6a9d65_1.jpg,valid,mata,18,0
dataset_mobilenet_ready/valid/mata/mata_T11_65_jpg.rf.0dadf1d6ad4e89ae5ff0ee3b2d9707ee_0.jpg,valid,mata,11,7
dataset_mobilenet_ready/valid/mata/mata_T10_15_jpg.rf.2515dfc61c1c572b1596c559366a8447_0.jpg,valid,mata,10,8
dataset_mobilenet_ready/valid/mata/mata_T2_43_jpg.rf.0b1555b1f9c8a214aa1683fc29a6d339_0.jpg,valid,mata,2,16
dataset_mobilenet_ready/valid/mata/mata_T13_0_jpg.rf.b69cd52dae94970fe930a72fafc6ccc8_0.jpg,valid,mata,13,5
dataset_mobilenet_ready/valid/mata/mata_T17_10_jpg.rf.9d1dfa4e17b9f09ddb99e86441e9953c_0.jpg,valid,mata,17,1
dataset_mobilenet_ready/valid/mata/mata_T5_31_jpg.rf.79449d247ccf63c496926905393b8a8e_0.jpg,valid,mata,5,13
dataset_mobilenet_ready/valid/mata/mata_T17_77_jpg.rf.495343ea54afa2506d132c6c2094eada_0.jpg,valid,mata,17,1
dataset_mobilenet_ready/valid/mata/mata_T4_21_jpg.rf.d330c42d33667468090338fad9485763_1.jpg,valid,mata,4,14
dataset_mobilenet_ready/valid/mata/mata_T13_17_jpg.rf.cde26d94b10950d303bce7936d9163c5_0.jpg,valid,mata,13,5
dataset_mobilenet_ready/valid/mata/mata_T14_123_jpg.rf.c9c4618cad27ba427bfb6c88b3a2a70d_0.jpg,valid,mata,14,4
dataset_mobilenet_ready/valid/mata/mata_T14_77_jpg.rf.4e67e06101d2c4ae806ebb0b0f9c4867_0.jpg,valid,mata,14,4
dataset_mobilenet_ready/valid/mata/mata_T12_75_jpg.rf.7a101f997c9b0c15c9a68834d067f61a_1.jpg,valid,mata,12,6
dataset_mobilenet_ready/valid/mata/mata_T5_80_jpg.rf.9574acc9ecac713314248a5da448da36_0.jpg,valid,mata,5,13
dataset_mobilenet_ready/valid/mata/mata_T3_97_jpg.rf.cc3b3211ec5a16febdce3b0e50e39a4b_0.jpg,valid,mata,3,15
dataset_mobilenet_ready/valid/mata/mata_T11_68_jpg.rf.7af89e9f3f8f6827f74e629d9212f16a_0.jpg,valid,mata,11,7
dataset_mobilenet_ready/valid/mata/mata_T7_100_jpg.rf.f7bf76108ae47b0a12560f188fbbb5c2_0.jpg,valid,mata,7,11
dataset_mobilenet_ready/valid/mata/mata_T5_15_jpg.rf.a30bd39cea925f8c50b41e02b7c39638_0.jpg,valid,mata,5,13
dataset_mobilenet_ready/valid/mata/mata_T18_97_jpg.rf.fa6462fbdf0ac564eeeb2f75faf6235b_0.jpg,valid,mata,18,0
dataset_mobilenet_ready/valid/mata/mata_T3_13_jpg.rf.9b20bb05e67bad0b910bfae50e9bad5d_0.jpg,valid,mata,3,15
dataset_mobilenet_ready/valid/mata/mata_T12_67_jpg.rf.5dbcae3a9cccc0e309c4b79640d8680d_0.jpg,valid,mata,12,6
dataset_mobilenet_ready/valid/mata/mata_T12_41_jpg.rf.207e7ab6f9fad2d565801397e5ad7834_0.jpg,valid,mata,12,6
dataset_mobilenet_ready/valid/mata/mata_T13_15_jpg.rf.ee291758c2df0ef75e7b4ed3abc6af1e_0.jpg,valid,mata,13,5
dataset_mobilenet_ready/valid/mata/mata_T13_10_jpg.rf.af5c634b4b8c717fb8026f57762c0abd_0.jpg,valid,mata,13,5
dataset_mobilenet_ready/valid/mata/mata_T6_122_jpg.rf.a1407e8602ae3d2897e4097698532760_0.jpg,valid,mata,6,12
dataset_mobilenet_ready/valid/mata/mata_T8_63_jpg.rf.0cc09c211a48034cfd337c2f7ad66fc4_1.jpg,valid,mata,8,10
dataset_mobilenet_ready/valid/mata/mata_T10_11_jpg.rf.40e0ab27a49cd6f1f9c142beac36da94_0.jpg,valid,mata,10,8
dataset_mobilenet_ready/valid/mata/mata_T4_54_jpg.rf.40e9c6214ae7506999c01e86951774d9_0.jpg,valid,mata,4,14
dataset_mobilenet_ready/valid/mata/mata_T17_47_jpg.rf.a9c0cf3f6fcb3ca15a57fb29d886fd07_0.jpg,valid,mata,17,1
dataset_mobilenet_ready/valid/mata/mata_T3_88_jpg.rf.c4e7a935b5eb31aad592cb16db402c01_0.jpg,valid,mata,3,15
dataset_mobilenet_ready/valid/mata/mata_T14_92_jpg.rf.2d41ae13ffb22a0ad7170c78eb0f9a19_0.jpg,valid,mata,14,4
dataset_mobilenet_ready/valid/mata/mata_T14_93_jpg.rf.eafc53072bdc6972a309699395bab676_0.jpg,valid,mata,14,4
dataset_mobilenet_ready/valid/mata/mata_T4_77_jpg.rf.366049913fad8d838266305f98cd6e3b_0.jpg,valid,mata,4,14
dataset_mobilenet_ready/valid/mata/mata_T3_43_jpg.rf.ce840126c76baa6fbb82e673527e6d06_0.jpg,valid,mata,3,15
dataset_mobilenet_ready/valid/mata/mata_T14_64_jpg.rf.3b85e24400b3c5977fb6f65c939061cc_0.jpg,valid,mata,14,4
dataset_mobilenet_ready/valid/mata/mata_T8_88_jpg.rf.689298b52bca6fb1f3c069683ae07674_1.jpg,valid,mata,8,10
dataset_mobilenet_ready/valid/mata/mata_T16_6_jpg.rf.7cd8bdf8525fa060d1e9230f57dec61b_0.jpg,valid,mata,16,2
dataset_mobilenet_ready/valid/mata/mata_T10_62_jpg.rf.98c3bbf561cb67b9ae6165507dd78987_0.jpg,valid,mata,10,8
dataset_mobilenet_ready/valid/mata/mata_T3_71_jpg.rf.56b54aa41131185bcff807f64dd28adf_0.jpg,valid,mata,3,15
dataset_mobilenet_ready/valid/mata/mata_T18_113_jpg.rf.4fc816cd8f59c1e2cf5637faaefdcf61_0.jpg,valid,mata,18,0
dataset_mobilenet_ready/valid/mata/mata_T15_26_jpg.rf.11bc58f1658ad00e78919553d5580d50_0.jpg,valid,mata,15,3
dataset_mobilenet_ready/valid/mata/mata_T17_93_jpg.rf.816262ce77de3cbaee54f26e0ce4fa37_0.jpg,valid,mata,17,1
dataset_mobilenet_ready/valid/mata/mata_T2_68_jpg.rf.5fc0da38ecf153b1bd93cce1c74c1dfc_0.jpg,valid,mata,2,16
dataset_mobilenet_ready/valid/mata/mata_T5_104_jpg.rf.bcae885d2ca9e8989ca97b06ca13a652_1.jpg,valid,mata,5,13
dataset_mobilenet_ready/valid/mata/mata_T18_117_jpg.rf.c7f05651de5b66e447aa6f18602c300d_1.jpg,valid,mata,18,0
dataset_mobilenet_ready/valid/mata/mata_T18_100_jpg.rf.eae562266f07d83da6f5a777eea7748f_0.jpg,valid,mata,18,0
dataset_mobilenet_ready/valid/mata/mata_T18_3_jpg.rf.825b298be6b13e0dcf4249d9c4ca7b55_1.jpg,valid,mata,18,0
dataset_mobilenet_ready/valid/mata/mata_T11_23_jpg.rf.c9915ab73c8fd3b11627b9c24de09b0d_0.jpg,valid,mata,11,7
dataset_mobilenet_ready/valid/mata/mata_T8_106_jpg.rf.2b0c9c52a2001b42d94499c8d688dab0_0.jpg,valid,mata,8,10
dataset_mobilenet_ready/valid/mata/mata_T4_108_jpg.rf.89279d74ec7dd8a2f67f6a5b34e90296_1.jpg,valid,mata,4,14
dataset_mobilenet_ready/valid/mata/mata_T16_94_jpg.rf.85b7aa2fb1509e63950ab14c93ca5827_0.jpg,valid,mata,16,2
dataset_mobilenet_ready/valid/mata/mata_T17_58_jpg.rf.6076a09b88d42623f9dcd5e99ad8590b_1.jpg,valid,mata,17,1
dataset_mobilenet_ready/valid/mata/mata_T16_31_jpg.rf.501eb249da7859381adfeac7b262159e_0.jpg,valid,mata,16,2
dataset_mobilenet_ready/valid/mata/mata_T11_94_jpg.rf.9ca2d82a40ef63508bba599ced378241_0.jpg,valid,mata,11,7
dataset_mobilenet_ready/valid/mata/mata_T16_95_jpg.rf.383114e4d9f333ae2558b9ba6bbe093e_0.jpg,valid,mata,16,2
dataset_mobilenet_ready/valid/mata/mata_T18_43_jpg.rf.90f4291d4286884c7894753a1e669ced_0.jpg,valid,mata,18,0
dataset_mobilenet_ready/valid/mata/mata_T10_85_jpg.rf.cdf7961ee4b6d4515aa604590832ce2f_0.jpg,valid,mata,10,8
dataset_mobilenet_ready/valid/mata/mata_T10_40_jpg.rf.a67d3e7183ba0885e227d3bb96cf15a7_0.jpg,valid,mata,10,8
dataset_mobilenet_ready/valid/mata/mata_T5_118_jpg.rf.ec2227ea1e1f93fe433195c300231634_1.jpg,valid,mata,5,13
dataset_mobilenet_ready/valid/mata/mata_T16_64_jpg.rf.90418d02e84b7147b8aae2a8f6da5ffa_0.jpg,valid,mata,16,2
dataset_mobilenet_ready/valid/mata/mata_T8_19_jpg.rf.293198c541c7e71a96e2804e48345a97_1.jpg,valid,mata,8,10
dataset_mobilenet_ready/valid/mata/mata_T16_88_jpg.rf.a2c416610eaa75e46a263848c79391ae_0.jpg,valid,mata,16,2
dataset_mobilenet_ready/valid/mata/mata_T12_13_jpg.rf.4f1e661a9c480ba97949e3fd7f1b7254_0.jpg,valid,mata,12,6
dataset_mobilenet_ready/valid/mata/mata_T11_66_jpg.rf.0fb79eebd2ee2a60b5b9efaf23987d5a_0.jpg,valid,mata,11,7
dataset_mobilenet_ready/valid/mata/mata_T9_74_jpg.rf.7efe37b50a93bd9256a7b3772ada46bb_0.jpg,valid,mata,9,9
dataset_mobilenet_ready/valid/mata/mata_T7_93_jpg.rf.dfe34d334c8cd2b5509e90abf8368db6_0.jpg,valid,mata,7,11
dataset_mobilenet_ready/valid/mata/mata_T18_78_jpg.rf.622cb3f7bfb260f9be32bdf66e6b173d_0.jpg,valid,mata,18,0
dataset_mobilenet_ready/valid/mata/mata_T7_1_jpg.rf.62f569746dc4f7be23f1ae200fa69882_0.jpg,valid,mata,7,11
dataset_mobilenet_ready/valid/mata/mata_T4_52_jpg.rf.e99010505aa810dbbdc13a7adaaa5ace_0.jpg,valid,mata,4,14
dataset_mobilenet_ready/valid/mata/mata_T2_91_jpg.rf.72aee4a00c20970f10d17699a018be49_0.jpg,valid,mata,2,16
dataset_mobilenet_ready/valid/mata/mata_T10_0_jpg.rf.c01f543b3f793e71a95a2852395d8763_0.jpg,valid,mata,10,8
dataset_mobilenet_ready/valid/mata/mata_T18_51_jpg.rf.e976fa0936969b57fac624bbe148d1a3_0.jpg,valid,mata,18,0
dataset_mobilenet_ready/valid/mata/mata_T6_107_jpg.rf.c096db14d623fbd11e4566a19a336150_0.jpg,valid,mata,6,12
dataset_mobilenet_ready/valid/mata/mata_T13_84_jpg.rf.074fc2b770e5cbdc7f19f8a73e3a818d_0.jpg,valid,mata,13,5
dataset_mobilenet_ready/valid/mata/mata_T17_32_jpg.rf.56db6b90eafe30011f23c518b0f69635_0.jpg,valid,mata,17,1
dataset_mobilenet_ready/valid/mata/mata_T6_77_jpg.rf.04d6da17ca8af2c154fb3b798413d051_0.jpg,valid,mata,6,12
dataset_mobilenet_ready/valid/mata/mata_T16_3_jpg.rf.f3f24586e7ea91dcc782331bc008eac1_1.jpg,valid,mata,16,2
dataset_mobilenet_ready/valid/mata/mata_T17_66_jpg.rf.895039e6b37e713339c2d3b4dd5a7606_0.jpg,valid,mata,17,1
dataset_mobilenet_ready/valid/mata/mata_T2_124_jpg.rf.e8801e662856f6ef4eebdcb3062b142c_0.jpg,valid,mata,2,16
dataset_mobilenet_ready/valid/mata/mata_T18_9_jpg.rf.e1809dc51940011639373dc0c052e425_0.jpg,valid,mata,18,0
dataset_mobilenet_ready/valid/mata/mata_T3_10_jpg.rf.79c83add98c5d8099999bdcd12278583_1.jpg,valid,mata,3,15
dataset_mobilenet_ready/valid/mata/mata_T17_8_jpg.rf.c3cffc1f566f90003cc9ff4a9d013500_0.jpg,valid,mata,17,1
dataset_mobilenet_ready/valid/mata/mata_T6_99_jpg.rf.f9bb49037135549047d145c03cf8b514_0.jpg,valid,mata,6,12
dataset_mobilenet_ready/valid/mata/mata_T18_120_jpg.rf.df1de057effa5337810a0ea98bbfab6f_0.jpg,valid,mata,18,0
dataset_mobilenet_ready/valid/mata/mata_T16_15_jpg.rf.d04760d1d17f16a592259492f274c923_0.jpg,valid,mata,16,2
dataset_mobilenet_ready/valid/mata/mata_T11_99_jpg.rf.8921c25f7bfe005959bf22762330b1aa_0.jpg,valid,mata,11,7
dataset_mobilenet_ready/valid/mata/mata_T2_15_jpg.rf.d1113ebbeb36f422366f36895b5070cb_0.jpg,valid,mata,2,16
dataset_mobilenet_ready/valid/mata/mata_T16_65_jpg.rf.9d189577b15c8179b9f3fb6f6ba41b5e_0.jpg,valid,mata,16,2
dataset_mobilenet_ready/valid/mata/mata_T7_53_jpg.rf.cb7e30355bc0aa5e0e0c40c8d7d6748b_0.jpg,valid,mata,7,11
dataset_mobilenet_ready/valid/mata/mata_T10_115_jpg.rf.0f5ef000f75d2762ab11cd2d59c1f722_0.jpg,valid,mata,10,8
dataset_mobilenet_ready/valid/mata/mata_T14_53_jpg.rf.9d88cc8ddb6a3efb81c31b4da8fb1a07_0.jpg,valid,mata,14,4
dataset_mobilenet_ready/valid/mata/mata_T14_121_jpg.rf.d869b23c96937efee036a677b1c27899_1.jpg,valid,mata,14,4
dataset_mobilenet_ready/valid/mata/mata_T17_111_jpg.rf.00e6c882c520673862d9203ba3a8cda8_1.jpg,valid,mata,17,1
dataset_mobilenet_ready/valid/mata/mata_T17_22_jpg.rf.c7122d4b3a45760e4ac5d603aac14701_1.jpg,valid,mata,17,1
dataset_mobilenet_ready/valid/mata/mata_T2_50_jpg.rf.f556f7c3b6a615fb1d3b4a227abf5c00_1.jpg,valid,mata,2,16
dataset_mobilenet_ready/valid/mata/mata_T13_80_jpg.rf.f0cb5a607b32c1d4d9fc30a339f77a42_0.jpg,valid,mata,13,5
dataset_mobilenet_ready/valid/mata/mata_T7_8_jpg.rf.f79b4708484a7841a871936f32de2b3f_0.jpg,valid,mata,7,11
dataset_mobilenet_ready/valid/mata/mata_T2_108_jpg.rf.ccda650371c495d97cc6e6c7b775953b_1.jpg,valid,mata,2,16
dataset_mobilenet_ready/valid/mata/mata_T17_26_jpg.rf.c19d7f1725e1a100cfde5f84cb26fde7_1.jpg,valid,mata,17,1
dataset_mobilenet_ready/valid/mata/mata_T7_83_jpg.rf.072253bf02a6f39f494ee40cce086438_0.jpg,valid,mata,7,11
dataset_mobilenet_ready/valid/mata/mata_T6_55_jpg.rf.17a2e67899a995fabe300244e25a783e_1.jpg,valid,mata,6,12
dataset_mobilenet_ready/valid/mata/mata_T9_59_jpg.rf.e876761e44a927dfd1fe0199942eb444_0.jpg,valid,mata,9,9
dataset_mobilenet_ready/valid/mata/mata_T9_11_jpg.rf.b28c718828e6ed677bed9a9264fd9dc0_0.jpg,valid,mata,9,9
dataset_mobilenet_ready/valid/mata/mata_T11_111_jpg.rf.f21099620f29c37dd171782db3e1563e_0.jpg,valid,mata,11,7
dataset_mobilenet_ready/valid/mata/mata_T10_122_jpg.rf.29a9c2d27a79461020724cf7e30987ea_0.jpg,valid,mata,10,8
dataset_mobilenet_ready/valid/mata/mata_T13_12_jpg.rf.af0553736dbb2a2630cc885653062134_0.jpg,valid,mata,13,5
dataset_mobilenet_ready/valid/mata/mata_T10_105_jpg.rf.081c4c3d4778b38f68bfb0e011db024d_1.jpg,valid,mata,10,8
dataset_mobilenet_ready/valid/mata/mata_T3_55_jpg.rf.7227972777fb78fcee56f329e4d2d4a0_0.jpg,valid,mata,3,15
dataset_mobilenet_ready/valid/mata/mata_T3_35_jpg.rf.e08649a8f6d85e4b4e268ae695ead7f3_0.jpg,valid,mata,3,15
dataset_mobilenet_ready/valid/mata/mata_T12_52_jpg.rf.4d2ee4fad2b1c7143a70a2291a18489b_1.jpg,valid,mata,12,6
dataset_mobilenet_ready/valid/mata/mata_T7_12_jpg.rf.1891aac8ef9b0b7a3f0a7754c787e5bb_0.jpg,valid,mata,7,11
dataset_mobilenet_ready/valid/mata/mata_T7_80_jpg.rf.d108d5febfb563f97c25be756da93e68_0.jpg,valid,mata,7,11
dataset_mobilenet_ready/valid/mata/mata_T6_81_jpg.rf.41ce5fb9f85f277d58c26bef505884fb_0.jpg,valid,mata,6,12
dataset_mobilenet_ready/valid/mata/mata_T4_23_jpg.rf.e39c522d63a848344f389e7de7503a6f_1.jpg,valid,mata,4,14
dataset_mobilenet_ready/valid/mata/mata_T17_98_jpg.rf.8725e06bdc33f0cc57099a7477c6e45c_1.jpg,valid,mata,17,1
dataset_mobilenet_ready/valid/mata/mata_T6_35_jpg.rf.32b1e27ced52c7f144d54104e38fb24c_0.jpg,valid,mata,6,12
dataset_mobilenet_ready/valid/mata/mata_T2_123_jpg.rf.390eeb950d5fc90e435b3b9fa84fe892_0.jpg,valid,mata,2,16
dataset_mobilenet_ready/valid/mata/mata_T8_4_jpg.rf.54f2d0aad9af8af653240051908b0cd2_0.jpg,valid,mata,8,10
dataset_mobilenet_ready/valid/mata/mata_T2_13_jpg.rf.4976d850d3de9c8443ccd8aad995989a_0.jpg,valid,mata,2,16
dataset_mobilenet_ready/valid/mata/mata_T7_85_jpg.rf.9adb1c445f2ccad69bc6cbfa445788ad_0.jpg,valid,mata,7,11
dataset_mobilenet_ready/valid/mata/mata_T18_11_jpg.rf.55ad7304dd788f42e730ad480559effe_1.jpg,valid,mata,18,0
dataset_mobilenet_ready/valid/mata/mata_T9_69_jpg.rf.8027591a1e06fee617896e8979cff581_0.jpg,valid,mata,9,9
dataset_mobilenet_ready/valid/mata/mata_T2_115_jpg.rf.790f94560cd3b03c17ede96282d7dd5e_0.jpg,valid,mata,2,16
dataset_mobilenet_ready/valid/mata/mata_T7_115_jpg.rf.caaab458cf8f49638bdd06e05e3ebda5_0.jpg,valid,mata,7,11
dataset_mobilenet_ready/valid/mata/mata_T6_61_jpg.rf.80c6456136cbe0ef2614af2fd93c6887_0.jpg,valid,mata,6,12
dataset_mobilenet_ready/valid/mata/mata_T8_89_jpg.rf.34b76426e5cfddf930a04b3e89cec696_1.jpg,valid,mata,8,10
dataset_mobilenet_ready/valid/mata/mata_T10_67_jpg.rf.f9dacd13268480d65407a25d9ec1995f_0.jpg,valid,mata,10,8
dataset_mobilenet_ready/valid/mata/mata_T17_91_jpg.rf.359d631cf76b27738a2c2b6a980c2757_0.jpg,valid,mata,17,1
dataset_mobilenet_ready/valid/mata/mata_T16_77_jpg.rf.929bf8a425ddc62e85192ba203654c0e_1.jpg,valid,mata,16,2
dataset_mobilenet_ready/valid/mata/mata_T5_52_jpg.rf.a73321321762a0d14cb4483cd4db4d5b_0.jpg,valid,mata,5,13
dataset_mobilenet_ready/valid/mata/mata_T9_58_jpg.rf.e4018a910f2872719271597b5e345c4d_0.jpg,valid,mata,9,9
dataset_mobilenet_ready/valid/mata/mata_T13_27_jpg.rf.0213a80b33cb0003f0a69f5d1856a1cc_0.jpg,valid,mata,13,5
dataset_mobilenet_ready/valid/mata/mata_T5_61_jpg.rf.bacf1cd527effbd5562965ba46aeb696_0.jpg,valid,mata,5,13
dataset_mobilenet_ready/valid/mata/mata_T10_74_jpg.rf.93fbbc18f2d2e65a6f740a3788ec7131_0.jpg,valid,mata,10,8
dataset_mobilenet_ready/valid/mata/mata_T9_26_jpg.rf.85286e08a95f74dbe24ce19c1c512143_0.jpg,valid,mata,9,9
dataset_mobilenet_ready/valid/mata/mata_T14_1_jpg.rf.4da207e45fa01618819efb4586391e4b_1.jpg,valid,mata,14,4
dataset_mobilenet_ready/valid/mata/mata_T17_100_jpg.rf.ecc4999bbeef02e0b949098e62c6c510_1.jpg,valid,mata,17,1
dataset_mobilenet_ready/valid/mata/mata_T2_34_jpg.rf.3f46aa7b0417e2e944d03edbcb6b4ed6_1.jpg,valid,mata,2,16
dataset_mobilenet_ready/valid/mata/mata_T18_55_jpg.rf.4734cac500c8d969c2ad491018c4bbd1_0.jpg,valid,mata,18,0
dataset_mobilenet_ready/valid/mata/mata_T5_73_jpg.rf.128e0d6c1ff1e7882de2bfcc3b437b7d_0.jpg,valid,mata,5,13
dataset_mobilenet_ready/valid/mata/mata_T4_18_jpg.rf.3ed7e6bca38677e6d4e5a41652d90e7d_0.jpg,valid,mata,4,14
dataset_mobilenet_ready/valid/mata/mata_T3_84_jpg.rf.1b7939899d1d479b3e9692dac18ba4a9_0.jpg,valid,mata,3,15
dataset_mobilenet_ready/valid/mata/mata_T8_22_jpg.rf.590ebac0987c89a42d31890acf19f868_0.jpg,valid,mata,8,10
dataset_mobilenet_ready/valid/mata/mata_T9_50_jpg.rf.5206f231f523d3b3c4428f2b80fe97ad_1.jpg,valid,mata,9,9
dataset_mobilenet_ready/valid/mata/mata_T8_24_jpg.rf.ca597237f9dcc1653754435b73040d34_1.jpg,valid,mata,8,10
dataset_mobilenet_ready/valid/mata/mata_T11_102_jpg.rf.2347569609326715832369b55751e95f_0.jpg,valid,mata,11,7
dataset_mobilenet_ready/valid/mata/mata_T18_42_jpg.rf.7c1cdf11e93971c4bb48f5696cf76dd5_1.jpg,valid,mata,18,0
dataset_mobilenet_ready/valid/mata/mata_T12_53_jpg.rf.0354643f460a4bb9ac830f1a17ad0b68_0.jpg,valid,mata,12,6
dataset_mobilenet_ready/valid/mata/mata_T18_46_jpg.rf.fc310ec146e1097616ca3c2605264053_1.jpg,valid,mata,18,0
dataset_mobilenet_ready/valid/mata/mata_T12_20_jpg.rf.d6c49b3cb375e8241178a938a9015b92_0.jpg,valid,mata,12,6
dataset_mobilenet_ready/valid/mata/mata_T14_114_jpg.rf.a9505e26c53023ef3ac832dadf3a3387_0.jpg,valid,mata,14,4
dataset_mobilenet_ready/valid/mata/mata_T14_78_jpg.rf.da737fc8c233915bd052a178bfb0087d_0.jpg,valid,mata,14,4
dataset_mobilenet_ready/valid/mata/mata_T14_102_jpg.rf.ac81efe9836188388270ca4b3095e521_0.jpg,valid,mata,14,4
dataset_mobilenet_ready/valid/mata/mata_T2_110_jpg.rf.a7d28267cd02bdc0902fd5db27a2d4b5_1.jpg,valid,mata,2,16
dataset_mobilenet_ready/valid/mata/mata_T13_13_jpg.rf.23f488700c211c5e9e520e19a261a337_0.jpg,valid,mata,13,5
dataset_mobilenet_ready/valid/mata/mata_T14_81_jpg.rf.3640b06bd1da4426f9d4cba5df669849_0.jpg,valid,mata,14,4
dataset_mobilenet_ready/valid/mata/mata_T9_39_jpg.rf.e0cf48c1a168f77fa93135f2b8811df4_0.jpg,valid,mata,9,9
dataset_mobilenet_ready/valid/mata/mata_T17_0_jpg.rf.06638a2d497cc930ce18918fa055aefc_0.jpg,valid,mata,17,1
dataset_mobilenet_ready/valid/mata/mata_T10_88_jpg.rf.becbc660af4cc5182a856737c7ba2a3f_0.jpg,valid,mata,10,8
dataset_mobilenet_ready/valid/mata/mata_T13_16_jpg.rf.c7cde685a07bf333a8e270aef958cf2b_0.jpg,valid,mata,13,5
dataset_mobilenet_ready/valid/mata/mata_T16_9_jpg.rf.d618a0123f00600e3a58db5437cda2c7_0.jpg,valid,mata,16,2
dataset_mobilenet_ready/valid/mata/mata_T2_118_jpg.rf.a9eda997c7eedddff58ae9a30cde1dcd_0.jpg,valid,mata,2,16
dataset_mobilenet_ready/valid/mata/mata_T10_18_jpg.rf.2b2e48e95ad238a4d4b18c353633d954_0.jpg,valid,mata,10,8
dataset_mobilenet_ready/valid/mata/mata_T4_1_jpg.rf.079a56195e98882c06e44082c50ec133_1.jpg,valid,mata,4,14
dataset_mobilenet_ready/valid/mata/mata_T16_19_jpg.rf.ef1caba00616e40c8b5138d7f5d97c9e_0.jpg,valid,mata,16,2
dataset_mobilenet_ready/valid/mata/mata_T16_20_jpg.rf.5920999bf2fe7fda492794fd393208fb_0.jpg,valid,mata,16,2
dataset_mobilenet_ready/valid/mata/mata_T10_4_jpg.rf.2dd46f2ae836c0c291481ab6865479a7_0.jpg,valid,mata,10,8
dataset_mobilenet_ready/valid/mata/mata_T7_101_jpg.rf.ba1c5e2f1677d4d87cd8c6caef8cdefb_0.jpg,valid,mata,7,11
dataset_mobilenet_ready/valid/mata/mata_T5_56_jpg.rf.b232c0776b1e6addd4d2fac885f4698e_0.jpg,valid,mata,5,13
dataset_mobilenet_ready/valid/mata/mata_T4_82_jpg.rf.3d7f97da5d047daf79b44b30b511cca6_0.jpg,valid,mata,4,14
dataset_mobilenet_ready/valid/mata/mata_T5_114_jpg.rf.dc3fc5d8ea39cc0019194984c0c59249_0.jpg,valid,mata,5,13
dataset_mobilenet_ready/valid/mata/mata_T7_32_jpg.rf.e59dc9834102dbf89060051104ebe5c7_0.jpg,valid,mata,7,11
dataset_mobilenet_ready/valid/mata/mata_T16_124_jpg.rf.b334ebc858ae96a284a735f17776f221_0.jpg,valid,mata,16,2
dataset_mobilenet_ready/valid/mata/mata_T16_80_jpg.rf.284e0e0a7a1f733ff0c48b67df040861_1.jpg,valid,mata,16,2
dataset_mobilenet_ready/valid/mata/mata_T17_46_jpg.rf.3e4c8e82bd4ad86d5b851899ecdc2d12_0.jpg,valid,mata,17,1
dataset_mobilenet_ready/valid/mata/mata_T2_36_jpg.rf.dde06ee5f61cb0ce93c8b58bd150065e_0.jpg,valid,mata,2,16
dataset_mobilenet_ready/valid/mata/mata_T18_45_jpg.rf.d1d726099bb459d9bfea076b19379f95_1.jpg,valid,mata,18,0
dataset_mobilenet_ready/valid/mata/mata_T5_103_jpg.rf.bb69c887751a6971a3126cf21807bbf3_0.jpg,valid,mata,5,13
dataset_mobilenet_ready/valid/mata/mata_T5_22_jpg.rf.e07c4852b20d5f7045fa967a925e9af7_1.jpg,valid,mata,5,13
dataset_mobilenet_ready/valid/mata/mata_T6_92_jpg.rf.39e2cfb47f4111fe2ee236c471dad568_0.jpg,valid,mata,6,12
dataset_mobilenet_ready/valid/mata/mata_T11_28_jpg.rf.b8a50f26708acc89682153f58a1f7338_1.jpg,valid,mata,11,7
dataset_mobilenet_ready/valid/mata/mata_T3_108_jpg.rf.4501f3fb69c57c4de11e4ec726df2214_1.jpg,valid,mata,3,15
dataset_mobilenet_ready/valid/mata/mata_T10_50_jpg.rf.f9becce6fd6ad352ba59c2354df8a6ef_0.jpg,valid,mata,10,8
dataset_mobilenet_ready/valid/mata/mata_T13_120_jpg.rf.81da96b00aac2c49eaed210e7de90d4a_0.jpg,valid,mata,13,5
dataset_mobilenet_ready/valid/mata/mata_T8_64_jpg.rf.0190c4087b7344c1d81ef0e008a13f64_1.jpg,valid,mata,8,10
dataset_mobilenet_ready/valid/mata/mata_T2_59_jpg.rf.7a4c3b7ae60caf772736613fe09fbd28_1.jpg,valid,mata,2,16
dataset_mobilenet_ready/valid/mata/mata_T10_30_jpg.rf.4deb34c1b3f2568411e73f5a75883c81_0.jpg,valid,mata,10,8
dataset_mobilenet_ready/valid/mata/mata_T11_50_jpg.rf.b5d6cfcfa8d432273f189e780bce303b_0.jpg,valid,mata,11,7
dataset_mobilenet_ready/valid/mata/mata_T3_74_jpg.rf.ca63df39bb86bb89590ae7140233fdf2_0.jpg,valid,mata,3,15
dataset_mobilenet_ready/valid/mata/mata_T13_69_jpg.rf.d19d60e1a129871dc7e4e5ad3ce0b70c_1.jpg,valid,mata,13,5
dataset_mobilenet_ready/valid/mata/mata_T17_31_jpg.rf.2434ae72d9cc53a61722e977b547c898_1.jpg,valid,mata,17,1
dataset_mobilenet_ready/valid/mata/mata_T6_52_jpg.rf.f32a125a6e6d8edcc53087a06436bff7_1.jpg,valid,mata,6,12
dataset_mobilenet_ready/valid/mata/mata_T7_20_jpg.rf.fa4a8184ddab6f14c99b5b07a7fbe743_0.jpg,valid,mata,7,11
dataset_mobilenet_ready/valid/mata/mata_T2_80_jpg.rf.3cec799165822ceeec490ba16fc9d22d_0.jpg,valid,mata,2,16
dataset_mobilenet_ready/valid/mata/mata_T11_42_jpg.rf.3347b84f5c852b4e6ba1d7ed6b73256e_0.jpg,valid,mata,11,7
dataset_mobilenet_ready/valid/mata/mata_T4_113_jpg.rf.d519bdc51f484e92485f2d1cd658ce5b_1.jpg,valid,mata,4,14
dataset_mobilenet_ready/valid/mata/mata_T4_15_jpg.rf.73988176ff4113bd05d779dfee21ece7_1.jpg,valid,mata,4,14
dataset_mobilenet_ready/valid/mata/mata_T2_97_jpg.rf.0c002aa67002d24ad51ba8dbc83164dd_0.jpg,valid,mata,2,16
dataset_mobilenet_ready/valid/mata/mata_T6_30_jpg.rf.84a6daa7fdacab663ff33edff6e920f6_0.jpg,valid,mata,6,12
dataset_mobilenet_ready/valid/mata/mata_T6_14_jpg.rf.89dfd014f8aebfe9885ec668c44023df_0.jpg,valid,mata,6,12
dataset_mobilenet_ready/valid/mata/mata_T7_82_jpg.rf.05e959b22fdbb75d4be9d60c4db2b816_0.jpg,valid,mata,7,11
dataset_mobilenet_ready/valid/mata/mata_T9_20_jpg.rf.c030e84fa4b2dd69fe0daf52b19fb2b9_0.jpg,valid,mata,9,9
dataset_mobilenet_ready/valid/mata/mata_T11_86_jpg.rf.3f99cc189c60f7332c0070916f8b30d1_0.jpg,valid,mata,11,7
dataset_mobilenet_ready/valid/mata/mata_T10_66_jpg.rf.802741e2f453bd936b5e9ef7652c0108_0.jpg,valid,mata,10,8
dataset_mobilenet_ready/valid/mata/mata_T9_10_jpg.rf.eacf43757b4d571feb224f759766e754_1.jpg,valid,mata,9,9
dataset_mobilenet_ready/valid/mata/mata_T8_5_jpg.rf.acfe6155e45a8c888370fbcfad527424_0.jpg,valid,mata,8,10
dataset_mobilenet_ready/valid/mata/mata_T8_47_jpg.rf.234a70141b871b47f60c220000e3541e_0.jpg,valid,mata,8,10
dataset_mobilenet_ready/valid/mata/mata_T13_96_jpg.rf.057d635946026cbd475436f4b4fa6b27_0.jpg,valid,mata,13,5
dataset_mobilenet_ready/valid/insang/insang_T17_100_jpg.rf.ecc4999bbeef02e0b949098e62c6c510_0.jpg,valid,insang,17,1
dataset_mobilenet_ready/valid/insang/insang_T4_110_jpg.rf.380ac2b1f0a7e994e2fae280619a753d_1.jpg,valid,insang,4,14
dataset_mobilenet_ready/valid/insang/insang_T7_123_jpg.rf.4d80d636e330f5b84ba86b36c79e0089_1.jpg,valid,insang,7,11
dataset_mobilenet_ready/valid/insang/insang_T9_78_jpg.rf.c869075d06c707782d601860c96ebd6b_1.jpg,valid,insang,9,9
dataset_mobilenet_ready/valid/insang/insang_T10_122_jpg.rf.29a9c2d27a79461020724cf7e30987ea_1.jpg,valid,insang,10,8
dataset_mobilenet_ready/valid/insang/insang_T2_59_jpg.rf.7a4c3b7ae60caf772736613fe09fbd28_0.jpg,valid,insang,2,16
dataset_mobilenet_ready/valid/insang/insang_T14_93_jpg.rf.eafc53072bdc6972a309699395bab676_1.jpg,valid,insang,14,4
dataset_mobilenet_ready/valid/insang/insang_T6_14_jpg.rf.89dfd014f8aebfe9885ec668c44023df_1.jpg,valid,insang,6,12
dataset_mobilenet_ready/valid/insang/insang_T2_118_jpg.rf.a9eda997c7eedddff58ae9a30cde1dcd_1.jpg,valid,insang,2,16
dataset_mobilenet_ready/valid/insang/insang_T13_120_jpg.rf.81da96b00aac2c49eaed210e7de90d4a_1.jpg,valid,insang,13,5
dataset_mobilenet_ready/valid/insang/insang_T2_68_jpg.rf.5fc0da38ecf153b1bd93cce1c74c1dfc_1.jpg,valid,insang,2,16
dataset_mobilenet_ready/valid/insang/insang_T8_77_jpg.rf.f05b7e6dffbab3c52ec726cff26cdff6_1.jpg,valid,insang,8,10
dataset_mobilenet_ready/valid/insang/insang_T16_77_jpg.rf.929bf8a425ddc62e85192ba203654c0e_0.jpg,valid,insang,16,2
dataset_mobilenet_ready/valid/insang/insang_T4_82_jpg.rf.3d7f97da5d047daf79b44b30b511cca6_1.jpg,valid,insang,4,14
dataset_mobilenet_ready/valid/insang/insang_T7_80_jpg.rf.d108d5febfb563f97c25be756da93e68_1.jpg,valid,insang,7,11
dataset_mobilenet_ready/valid/insang/insang_T17_8_jpg.rf.c3cffc1f566f90003cc9ff4a9d013500_1.jpg,valid,insang,17,1
dataset_mobilenet_ready/valid/insang/insang_T12_67_jpg.rf.5dbcae3a9cccc0e309c4b79640d8680d_1.jpg,valid,insang,12,6
dataset_mobilenet_ready/valid/insang/insang_T6_30_jpg.rf.84a6daa7fdacab663ff33edff6e920f6_1.jpg,valid,insang,6,12
dataset_mobilenet_ready/valid/insang/insang_T13_80_jpg.rf.f0cb5a607b32c1d4d9fc30a339f77a42_1.jpg,valid,insang,13,5
dataset_mobilenet_ready/valid/insang/insang_T17_66_jpg.rf.895039e6b37e713339c2d3b4dd5a7606_1.jpg,valid,insang,17,1
dataset_mobilenet_ready/valid/insang/insang_T11_42_jpg.rf.3347b84f5c852b4e6ba1d7ed6b73256e_1.jpg,valid,insang,11,7
dataset_mobilenet_ready/valid/insang/insang_T3_97_jpg.rf.cc3b3211ec5a16febdce3b0e50e39a4b_1.jpg,valid,insang,3,15
dataset_mobilenet_ready/valid/insang/insang_T11_66_jpg.rf.0fb79eebd2ee2a60b5b9efaf23987d5a_1.jpg,valid,insang,11,7
dataset_mobilenet_ready/valid/insang/insang_T10_66_jpg.rf.802741e2f453bd936b5e9ef7652c0108_1.jpg,valid,insang,10,8
dataset_mobilenet_ready/valid/insang/insang_T10_50_jpg.rf.f9becce6fd6ad352ba59c2354df8a6ef_1.jpg,valid,insang,10,8
dataset_mobilenet_ready/valid/insang/insang_T8_19_jpg.rf.293198c541c7e71a96e2804e48345a97_0.jpg,valid,insang,8,10
dataset_mobilenet_ready/valid/insang/insang_T7_3_jpg.rf.9e36588ef3410b58dcd1642e3c2a324b_1.jpg,valid,insang,7,11
dataset_mobilenet_ready/valid/insang/insang_T9_60_jpg.rf.fe84b4d9d175e3876ee2e2c4b1cc8056_1.jpg,valid,insang,9,9
dataset_mobilenet_ready/valid/insang/insang_T13_84_jpg.rf.074fc2b770e5cbdc7f19f8a73e3a818d_1.jpg,valid,insang,13,5
dataset_mobilenet_ready/valid/insang/insang_T2_30_jpg.rf.5f9415d6ab8cc5c6e26d727b6dd08a1e_1.jpg,valid,insang,2,16
dataset_mobilenet_ready/valid/insang/insang_T6_0_jpg.rf.2651c57605c90be04ab4b33e20ee2151_1.jpg,valid,insang,6,12
dataset_mobilenet_ready/valid/insang/insang_T8_117_jpg.rf.2c6473a2ab90c974a0fe5e0c5abf760b_1.jpg,valid,insang,8,10
dataset_mobilenet_ready/valid/insang/insang_T12_95_jpg.rf.7c1e6b63f496720c88d4d23e854ee279_1.jpg,valid,insang,12,6
dataset_mobilenet_ready/valid/insang/insang_T13_10_jpg.rf.af5c634b4b8c717fb8026f57762c0abd_1.jpg,valid,insang,13,5
dataset_mobilenet_ready/valid/insang/insang_T17_5_jpg.rf.e33f150dd6c7a606f00548c3c029c49b_1.jpg,valid,insang,17,1
dataset_mobilenet_ready/valid/insang/insang_T17_37_jpg.rf.3b06e0f8d3610f584d3834e08c1bf618_0.jpg,valid,insang,17,1
dataset_mobilenet_ready/valid/insang/insang_T8_22_jpg.rf.590ebac0987c89a42d31890acf19f868_1.jpg,valid,insang,8,10
dataset_mobilenet_ready/valid/insang/insang_T9_10_jpg.rf.eacf43757b4d571feb224f759766e754_0.jpg,valid,insang,9,9
dataset_mobilenet_ready/valid/insang/insang_T16_20_jpg.rf.5920999bf2fe7fda492794fd393208fb_1.jpg,valid,insang,16,2
dataset_mobilenet_ready/valid/insang/insang_T14_114_jpg.rf.a9505e26c53023ef3ac832dadf3a3387_1.jpg,valid,insang,14,4
dataset_mobilenet_ready/valid/insang/insang_T3_75_jpg.rf.674a967c6d59c82db97cbccf7c00ca95_1.jpg,valid,insang,3,15
dataset_mobilenet_ready/valid/insang/insang_T8_112_jpg.rf.2b52e46b8c719939367338689509c607_1.jpg,valid,insang,8,10
dataset_mobilenet_ready/valid/insang/insang_T11_120_jpg.rf.befad2eca7f67d4b90d3ab574770f5a6_0.jpg,valid,insang,11,7
dataset_mobilenet_ready/valid/insang/insang_T3_13_jpg.rf.9b20bb05e67bad0b910bfae50e9bad5d_1.jpg,valid,insang,3,15
dataset_mobilenet_ready/valid/insang/insang_T17_26_jpg.rf.c19d7f1725e1a100cfde5f84cb26fde7_0.jpg,valid,insang,17,1
dataset_mobilenet_ready/valid/insang/insang_T8_86_jpg.rf.d182f9c5110b95be24fc4796cdccf615_0.jpg,valid,insang,8,10
dataset_mobilenet_ready/valid/insang/insang_T9_74_jpg.rf.7efe37b50a93bd9256a7b3772ada46bb_1.jpg,valid,insang,9,9
dataset_mobilenet_ready/valid/insang/insang_T17_93_jpg.rf.816262ce77de3cbaee54f26e0ce4fa37_1.jpg,valid,insang,17,1
dataset_mobilenet_ready/valid/insang/insang_T16_6_jpg.rf.7cd8bdf8525fa060d1e9230f57dec61b_1.jpg,valid,insang,16,2
dataset_mobilenet_ready/valid/insang/insang_T4_52_jpg.rf.e99010505aa810dbbdc13a7adaaa5ace_1.jpg,valid,insang,4,14
dataset_mobilenet_ready/valid/insang/insang_T17_10_jpg.rf.9d1dfa4e17b9f09ddb99e86441e9953c_1.jpg,valid,insang,17,1
dataset_mobilenet_ready/valid/insang/insang_T8_101_jpg.rf.51185ab622edc72f1e2f52180744a235_1.jpg,valid,insang,8,10
dataset_mobilenet_ready/valid/insang/insang_T6_35_jpg.rf.32b1e27ced52c7f144d54104e38fb24c_1.jpg,valid,insang,6,12
dataset_mobilenet_ready/valid/insang/insang_T4_113_jpg.rf.d519bdc51f484e92485f2d1cd658ce5b_0.jpg,valid,insang,4,14
dataset_mobilenet_ready/valid/insang/insang_T4_77_jpg.rf.366049913fad8d838266305f98cd6e3b_1.jpg,valid,insang,4,14
dataset_mobilenet_ready/valid/insang/insang_T5_56_jpg.rf.b232c0776b1e6addd4d2fac885f4698e_1.jpg,valid,insang,5,13
dataset_mobilenet_ready/valid/insang/insang_T4_15_jpg.rf.73988176ff4113bd05d779dfee21ece7_0.jpg,valid,insang,4,14
dataset_mobilenet_ready/valid/insang/insang_T9_75_jpg.rf.48896f9c80132a9bb1f868807a286ad3_1.jpg,valid,insang,9,9
dataset_mobilenet_ready/valid/insang/insang_T4_18_jpg.rf.3ed7e6bca38677e6d4e5a41652d90e7d_1.jpg,valid,insang,4,14
dataset_mobilenet_ready/valid/insang/insang_T16_94_jpg.rf.85b7aa2fb1509e63950ab14c93ca5827_1.jpg,valid,insang,16,2
dataset_mobilenet_ready/valid/insang/insang_T11_65_jpg.rf.0dadf1d6ad4e89ae5ff0ee3b2d9707ee_1.jpg,valid,insang,11,7
dataset_mobilenet_ready/valid/insang/insang_T13_17_jpg.rf.cde26d94b10950d303bce7936d9163c5_1.jpg,valid,insang,13,5
dataset_mobilenet_ready/valid/insang/insang_T14_53_jpg.rf.9d88cc8ddb6a3efb81c31b4da8fb1a07_1.jpg,valid,insang,14,4
dataset_mobilenet_ready/valid/insang/insang_T8_23_jpg.rf.4cd47fb659530ed46340a05ff6cf00df_0.jpg,valid,insang,8,10
dataset_mobilenet_ready/valid/insang/insang_T18_43_jpg.rf.90f4291d4286884c7894753a1e669ced_1.jpg,valid,insang,18,0
dataset_mobilenet_ready/valid/insang/insang_T9_81_jpg.rf.02bf8221d9c0278fdf412fcbef0d5a2c_1.jpg,valid,insang,9,9
dataset_mobilenet_ready/valid/insang/insang_T14_102_jpg.rf.ac81efe9836188388270ca4b3095e521_1.jpg,valid,insang,14,4
dataset_mobilenet_ready/valid/insang/insang_T9_47_jpg.rf.0309f7565ee8445d889429766dbd586e_1.jpg,valid,insang,9,9
dataset_mobilenet_ready/valid/insang/insang_T18_78_jpg.rf.622cb3f7bfb260f9be32bdf66e6b173d_1.jpg,valid,insang,18,0
dataset_mobilenet_ready/valid/insang/insang_T16_3_jpg.rf.f3f24586e7ea91dcc782331bc008eac1_0.jpg,valid,insang,16,2
dataset_mobilenet_ready/valid/insang/insang_T14_22_jpg.rf.d264878a849b1e8a3e6f218048f31f65_1.jpg,valid,insang,14,4
dataset_mobilenet_ready/valid/insang/insang_T5_114_jpg.rf.dc3fc5d8ea39cc0019194984c0c59249_1.jpg,valid,insang,5,13
dataset_mobilenet_ready/valid/insang/insang_T18_11_jpg.rf.55ad7304dd788f42e730ad480559effe_0.jpg,valid,insang,18,0
dataset_mobilenet_ready/valid/insang/insang_T10_74_jpg.rf.93fbbc18f2d2e65a6f740a3788ec7131_1.jpg,valid,insang,10,8
dataset_mobilenet_ready/valid/insang/insang_T11_102_jpg.rf.2347569609326715832369b55751e95f_1.jpg,valid,insang,11,7
dataset_mobilenet_ready/valid/insang/insang_T17_108_jpg.rf.ed5c90ef13660737efd0e422315ba84a_1.jpg,valid,insang,17,1
dataset_mobilenet_ready/valid/insang/insang_T4_54_jpg.rf.40e9c6214ae7506999c01e86951774d9_1.jpg,valid,insang,4,14
dataset_mobilenet_ready/valid/insang/insang_T18_51_jpg.rf.e976fa0936969b57fac624bbe148d1a3_1.jpg,valid,insang,18,0
dataset_mobilenet_ready/valid/insang/insang_T6_63_jpg.rf.fba20530cdc2c8398afe4900c20723c4_1.jpg,valid,insang,6,12
dataset_mobilenet_ready/valid/insang/insang_T9_26_jpg.rf.85286e08a95f74dbe24ce19c1c512143_1.jpg,valid,insang,9,9
dataset_mobilenet_ready/valid/insang/insang_T7_12_jpg.rf.1891aac8ef9b0b7a3f0a7754c787e5bb_1.jpg,valid,insang,7,11
dataset_mobilenet_ready/valid/insang/insang_T16_28_jpg.rf.20b1dc09b5f39d15636288aa73315a7a_1.jpg,valid,insang,16,2
dataset_mobilenet_ready/valid/insang/insang_T12_56_jpg.rf.0ca628af54aed4495fb2b512f2999959_1.jpg,valid,insang,12,6
dataset_mobilenet_ready/valid/insang/insang_T2_108_jpg.rf.ccda650371c495d97cc6e6c7b775953b_0.jpg,valid,insang,2,16
dataset_mobilenet_ready/valid/insang/insang_T2_123_jpg.rf.390eeb950d5fc90e435b3b9fa84fe892_1.jpg,valid,insang,2,16
dataset_mobilenet_ready/valid/insang/insang_T18_100_jpg.rf.eae562266f07d83da6f5a777eea7748f_1.jpg,valid,insang,18,0
dataset_mobilenet_ready/valid/insang/insang_T12_52_jpg.rf.4d2ee4fad2b1c7143a70a2291a18489b_0.jpg,valid,insang,12,6
dataset_mobilenet_ready/valid/insang/insang_T14_43_jpg.rf.65ff9ac3d2c961a6b5c04cdb46e44e79_1.jpg,valid,insang,14,4
dataset_mobilenet_ready/valid/insang/insang_T2_115_jpg.rf.790f94560cd3b03c17ede96282d7dd5e_1.jpg,valid,insang,2,16
dataset_mobilenet_ready/valid/insang/insang_T2_110_jpg.rf.a7d28267cd02bdc0902fd5db27a2d4b5_0.jpg,valid,insang,2,16
dataset_mobilenet_ready/valid/insang/insang_T8_116_jpg.rf.deedb60a07d10724a189b412f2aa0338_0.jpg,valid,insang,8,10
dataset_mobilenet_ready/valid/insang/insang_T7_115_jpg.rf.caaab458cf8f49638bdd06e05e3ebda5_1.jpg,valid,insang,7,11
dataset_mobilenet_ready/valid/insang/insang_T11_107_jpg.rf.2e89aeb45c67b1f16cfbf95cf1d53509_1.jpg,valid,insang,11,7
dataset_mobilenet_ready/valid/insang/insang_T9_96_jpg.rf.f26ed8d8afcfdb9104237e79fd1c587f_1.jpg,valid,insang,9,9
dataset_mobilenet_ready/valid/insang/insang_T6_92_jpg.rf.39e2cfb47f4111fe2ee236c471dad568_1.jpg,valid,insang,6,12
dataset_mobilenet_ready/valid/insang/insang_T7_85_jpg.rf.9adb1c445f2ccad69bc6cbfa445788ad_1.jpg,valid,insang,7,11
dataset_mobilenet_ready/valid/insang/insang_T7_46_jpg.rf.a2f345270cd30f428fba9dea58f90e02_1.jpg,valid,insang,7,11
dataset_mobilenet_ready/valid/insang/insang_T18_117_jpg.rf.c7f05651de5b66e447aa6f18602c300d_0.jpg,valid,insang,18,0
dataset_mobilenet_ready/valid/insang/insang_T8_89_jpg.rf.34b76426e5cfddf930a04b3e89cec696_0.jpg,valid,insang,8,10
dataset_mobilenet_ready/valid/insang/insang_T7_82_jpg.rf.05e959b22fdbb75d4be9d60c4db2b816_1.jpg,valid,insang,7,11
dataset_mobilenet_ready/valid/insang/insang_T10_55_jpg.rf.05290eea5abb613f4f9a1462b17e5d24_1.jpg,valid,insang,10,8
dataset_mobilenet_ready/valid/insang/insang_T18_88_jpg.rf.3bb1c5d7e587070da8266e0e3bd71cfd_1.jpg,valid,insang,18,0
dataset_mobilenet_ready/valid/insang/insang_T6_107_jpg.rf.c096db14d623fbd11e4566a19a336150_1.jpg,valid,insang,6,12
dataset_mobilenet_ready/valid/insang/insang_T2_75_jpg.rf.fd9bb1048011b0904dc2a24a5cfb3cbd_0.jpg,valid,insang,2,16
dataset_mobilenet_ready/valid/insang/insang_T4_109_jpg.rf.3226378ba5dc5fa3e95599c5f594e034_0.jpg,valid,insang,4,14
dataset_mobilenet_ready/valid/insang/insang_T6_111_jpg.rf.98cfdf9b9ee706dab26bcd8269285421_1.jpg,valid,insang,6,12
dataset_mobilenet_ready/valid/insang/insang_T13_32_jpg.rf.e00c3b8d68bcf0226e7cc7f68632dfe5_1.jpg,valid,insang,13,5
dataset_mobilenet_ready/valid/insang/insang_T2_36_jpg.rf.dde06ee5f61cb0ce93c8b58bd150065e_1.jpg,valid,insang,2,16
dataset_mobilenet_ready/valid/insang/insang_T10_105_jpg.rf.081c4c3d4778b38f68bfb0e011db024d_0.jpg,valid,insang,10,8
dataset_mobilenet_ready/valid/insang/insang_T17_76_jpg.rf.b34c20e5488dc2c5cd33ff22268e1a74_1.jpg,valid,insang,17,1
dataset_mobilenet_ready/valid/insang/insang_T7_100_jpg.rf.f7bf76108ae47b0a12560f188fbbb5c2_1.jpg,valid,insang,7,11
dataset_mobilenet_ready/valid/insang/insang_T14_121_jpg.rf.d869b23c96937efee036a677b1c27899_0.jpg,valid,insang,14,4
dataset_mobilenet_ready/valid/insang/insang_T14_66_jpg.rf.6b6448ba8b6e4317a729ae6ab8dd6bcf_1.jpg,valid,insang,14,4
dataset_mobilenet_ready/valid/insang/insang_T3_43_jpg.rf.ce840126c76baa6fbb82e673527e6d06_1.jpg,valid,insang,3,15
dataset_mobilenet_ready/valid/insang/insang_T2_50_jpg.rf.f556f7c3b6a615fb1d3b4a227abf5c00_0.jpg,valid,insang,2,16
dataset_mobilenet_ready/valid/insang/insang_T4_108_jpg.rf.89279d74ec7dd8a2f67f6a5b34e90296_0.jpg,valid,insang,4,14
dataset_mobilenet_ready/valid/insang/insang_T13_16_jpg.rf.c7cde685a07bf333a8e270aef958cf2b_1.jpg,valid,insang,13,5
dataset_mobilenet_ready/valid/insang/insang_T10_85_jpg.rf.cdf7961ee4b6d4515aa604590832ce2f_1.jpg,valid,insang,10,8
dataset_mobilenet_ready/valid/insang/insang_T17_33_jpg.rf.3d98c7b86999df87174c641af7e40b22_1.jpg,valid,insang,17,1
dataset_mobilenet_ready/valid/insang/insang_T8_47_jpg.rf.234a70141b871b47f60c220000e3541e_1.jpg,valid,insang,8,10
dataset_mobilenet_ready/valid/insang/insang_T11_94_jpg.rf.9ca2d82a40ef63508bba599ced378241_1.jpg,valid,insang,11,7
dataset_mobilenet_ready/valid/insang/insang_T7_20_jpg.rf.fa4a8184ddab6f14c99b5b07a7fbe743_1.jpg,valid,insang,7,11
dataset_mobilenet_ready/valid/insang/insang_T12_20_jpg.rf.d6c49b3cb375e8241178a938a9015b92_1.jpg,valid,insang,12,6
dataset_mobilenet_ready/valid/insang/insang_T11_70_jpg.rf.d50f99dba6b52829e673fbd5aad62cbf_1.jpg,valid,insang,11,7
dataset_mobilenet_ready/valid/insang/insang_T17_22_jpg.rf.c7122d4b3a45760e4ac5d603aac14701_0.jpg,valid,insang,17,1
dataset_mobilenet_ready/valid/insang/insang_T5_1_jpg.rf.1b663f139cd85eacd3da70b3430e9232_1.jpg,valid,insang,5,13
dataset_mobilenet_ready/valid/insang/insang_T14_77_jpg.rf.4e67e06101d2c4ae806ebb0b0f9c4867_1.jpg,valid,insang,14,4
dataset_mobilenet_ready/valid/insang/insang_T16_95_jpg.rf.383114e4d9f333ae2558b9ba6bbe093e_1.jpg,valid,insang,16,2
dataset_mobilenet_ready/valid/insang/insang_T18_45_jpg.rf.d1d726099bb459d9bfea076b19379f95_0.jpg,valid,insang,18,0
dataset_mobilenet_ready/valid/insang/insang_T6_52_jpg.rf.f32a125a6e6d8edcc53087a06436bff7_0.jpg,valid,insang,6,12
dataset_mobilenet_ready/valid/insang/insang_T14_81_jpg.rf.3640b06bd1da4426f9d4cba5df669849_1.jpg,valid,insang,14,4
dataset_mobilenet_ready/valid/insang/insang_T6_61_jpg.rf.80c6456136cbe0ef2614af2fd93c6887_1.jpg,valid,insang,6,12
dataset_mobilenet_ready/valid/insang/insang_T16_80_jpg.rf.284e0e0a7a1f733ff0c48b67df040861_0.jpg,valid,insang,16,2
dataset_mobilenet_ready/valid/insang/insang_T18_113_jpg.rf.4fc816cd8f59c1e2cf5637faaefdcf61_1.jpg,valid,insang,18,0
dataset_mobilenet_ready/valid/insang/insang_T8_64_jpg.rf.0190c4087b7344c1d81ef0e008a13f64_0.jpg,valid,insang,8,10
dataset_mobilenet_ready/valid/insang/insang_T8_88_jpg.rf.689298b52bca6fb1f3c069683ae07674_0.jpg,valid,insang,8,10
dataset_mobilenet_ready/valid/insang/insang_T14_110_jpg.rf.b669000e5effc1285d5827a88ab1ad20_1.jpg,valid,insang,14,4
dataset_mobilenet_ready/valid/insang/insang_T14_92_jpg.rf.2d41ae13ffb22a0ad7170c78eb0f9a19_1.jpg,valid,insang,14,4
dataset_mobilenet_ready/valid/insang/insang_T3_55_jpg.rf.7227972777fb78fcee56f329e4d2d4a0_1.jpg,valid,insang,3,15
dataset_mobilenet_ready/valid/insang/insang_T17_71_jpg.rf.4ca2376ea0d149cd7b0f3bce75937ab1_1.jpg,valid,insang,17,1
dataset_mobilenet_ready/valid/insang/insang_T3_21_jpg.rf.483eb5a87c22d8a656adeebf27da72d6_1.jpg,valid,insang,3,15
dataset_mobilenet_ready/valid/insang/insang_T5_0_jpg.rf.a56942fc5f84ce00f58d8dfa413aba50_1.jpg,valid,insang,5,13
dataset_mobilenet_ready/valid/insang/insang_T10_30_jpg.rf.4deb34c1b3f2568411e73f5a75883c81_1.jpg,valid,insang,10,8
dataset_mobilenet_ready/valid/insang/insang_T10_63_jpg.rf.aab3f68547ef5d276cf6e90f6a22f0fc_1.jpg,valid,insang,10,8
dataset_mobilenet_ready/valid/insang/insang_T8_67_jpg.rf.521652d78e46f2812e31f3dea6bd8cd2_1.jpg,valid,insang,8,10
dataset_mobilenet_ready/valid/insang/insang_T8_4_jpg.rf.54f2d0aad9af8af653240051908b0cd2_1.jpg,valid,insang,8,10
dataset_mobilenet_ready/valid/insang/insang_T12_53_jpg.rf.0354643f460a4bb9ac830f1a17ad0b68_1.jpg,valid,insang,12,6
dataset_mobilenet_ready/valid/insang/insang_T10_0_jpg.rf.c01f543b3f793e71a95a2852395d8763_1.jpg,valid,insang,10,8
dataset_mobilenet_ready/valid/insang/insang_T5_52_jpg.rf.a73321321762a0d14cb4483cd4db4d5b_1.jpg,valid,insang,5,13
dataset_mobilenet_ready/valid/insang/insang_T6_16_jpg.rf.a15cf6f8eb6972dd485c8b184273ef5b_1.jpg,valid,insang,6,12
dataset_mobilenet_ready/valid/insang/insang_T9_20_jpg.rf.c030e84fa4b2dd69fe0daf52b19fb2b9_1.jpg,valid,insang,9,9
dataset_mobilenet_ready/valid/insang/insang_T17_59_jpg.rf.b86f76af6b05ad809f39c44f2df02c71_0.jpg,valid,insang,17,1
dataset_mobilenet_ready/valid/insang/insang_T11_68_jpg.rf.7af89e9f3f8f6827f74e629d9212f16a_1.jpg,valid,insang,11,7
dataset_mobilenet_ready/valid/insang/insang_T11_62_jpg.rf.0698c7f27d2f5b96737a933dbb4048b3_0.jpg,valid,insang,11,7
dataset_mobilenet_ready/valid/insang/insang_T15_26_jpg.rf.11bc58f1658ad00e78919553d5580d50_1.jpg,valid,insang,15,3
dataset_mobilenet_ready/valid/insang/insang_T16_47_jpg.rf.8e9fe43c13073b9577a6d107dcff387e_1.jpg,valid,insang,16,2
dataset_mobilenet_ready/valid/insang/insang_T17_47_jpg.rf.a9c0cf3f6fcb3ca15a57fb29d886fd07_1.jpg,valid,insang,17,1
dataset_mobilenet_ready/valid/insang/insang_T4_1_jpg.rf.079a56195e98882c06e44082c50ec133_0.jpg,valid,insang,4,14
dataset_mobilenet_ready/valid/insang/insang_T8_7_jpg.rf.32cebcd85c1655f0e3365d199aa24de2_1.jpg,valid,insang,8,10
dataset_mobilenet_ready/valid/insang/insang_T8_105_jpg.rf.dfa0bf873e9e7e1a260bbe04f7a67a11_1.jpg,valid,insang,8,10
dataset_mobilenet_ready/valid/insang/insang_T13_27_jpg.rf.0213a80b33cb0003f0a69f5d1856a1cc_1.jpg,valid,insang,13,5
dataset_mobilenet_ready/valid/insang/insang_T10_115_jpg.rf.0f5ef000f75d2762ab11cd2d59c1f722_1.jpg,valid,insang,10,8
dataset_mobilenet_ready/valid/insang/insang_T5_118_jpg.rf.ec2227ea1e1f93fe433195c300231634_0.jpg,valid,insang,5,13
dataset_mobilenet_ready/valid/insang/insang_T16_15_jpg.rf.d04760d1d17f16a592259492f274c923_1.jpg,valid,insang,16,2
dataset_mobilenet_ready/valid/insang/insang_T5_15_jpg.rf.a30bd39cea925f8c50b41e02b7c39638_1.jpg,valid,insang,5,13
dataset_mobilenet_ready/valid/insang/insang_T8_59_jpg.rf.70d6c4539f4a4a6e5d228792653d7e80_1.jpg,valid,insang,8,10
dataset_mobilenet_ready/valid/insang/insang_T7_89_jpg.rf.5c1f3094cd94ae383510dd3084880ad8_1.jpg,valid,insang,7,11
dataset_mobilenet_ready/valid/insang/insang_T17_111_jpg.rf.00e6c882c520673862d9203ba3a8cda8_0.jpg,valid,insang,17,1
dataset_mobilenet_ready/valid/insang/insang_T12_75_jpg.rf.7a101f997c9b0c15c9a68834d067f61a_0.jpg,valid,insang,12,6
dataset_mobilenet_ready/valid/insang/insang_T16_100_jpg.rf.cffec1ec46aaf03f964a755553f9c084_1.jpg,valid,insang,16,2
dataset_mobilenet_ready/valid/insang/insang_T3_35_jpg.rf.e08649a8f6d85e4b4e268ae695ead7f3_1.jpg,valid,insang,3,15
dataset_mobilenet_ready/valid/insang/insang_T7_32_jpg.rf.e59dc9834102dbf89060051104ebe5c7_1.jpg,valid,insang,7,11
dataset_mobilenet_ready/valid/insang/insang_T4_87_jpg.rf.41ff3239b8ecfd847c095a9b6730669c_1.jpg,valid,insang,4,14
dataset_mobilenet_ready/valid/insang/insang_T12_25_jpg.rf.177e31534830bf998d267da1ef27f857_1.jpg,valid,insang,12,6
dataset_mobilenet_ready/valid/insang/insang_T10_116_jpg.rf.bcead309d96ee052f1045516ab1f30e4_1.jpg,valid,insang,10,8
dataset_mobilenet_ready/valid/insang/insang_T3_53_jpg.rf.c2fbea6029e24170b1c82938f7be77f4_1.jpg,valid,insang,3,15
dataset_mobilenet_ready/valid/insang/insang_T10_88_jpg.rf.becbc660af4cc5182a856737c7ba2a3f_1.jpg,valid,insang,10,8
dataset_mobilenet_ready/valid/insang/insang_T12_41_jpg.rf.207e7ab6f9fad2d565801397e5ad7834_1.jpg,valid,insang,12,6
dataset_mobilenet_ready/valid/insang/insang_T10_91_jpg.rf.2b35d421c16f09c8145afdf7f271c40e_0.jpg,valid,insang,10,8
dataset_mobilenet_ready/valid/insang/insang_T18_87_jpg.rf.dfa30afe0f8e0ee9d38acac28968348f_1.jpg,valid,insang,18,0
dataset_mobilenet_ready/valid/insang/insang_T6_81_jpg.rf.41ce5fb9f85f277d58c26bef505884fb_1.jpg,valid,insang,6,12
dataset_mobilenet_ready/valid/insang/insang_T18_46_jpg.rf.fc310ec146e1097616ca3c2605264053_0.jpg,valid,insang,18,0
dataset_mobilenet_ready/valid/insang/insang_T8_57_jpg.rf.02c8181b5bfcfaa653a2d03649690950_1.jpg,valid,insang,8,10
dataset_mobilenet_ready/valid/insang/insang_T5_63_jpg.rf.31b37b9d1fbb996b479be711cfa4b419_1.jpg,valid,insang,5,13
dataset_mobilenet_ready/valid/insang/insang_T14_64_jpg.rf.3b85e24400b3c5977fb6f65c939061cc_1.jpg,valid,insang,14,4
dataset_mobilenet_ready/valid/insang/insang_T18_120_jpg.rf.df1de057effa5337810a0ea98bbfab6f_1.jpg,valid,insang,18,0
dataset_mobilenet_ready/valid/insang/insang_T2_34_jpg.rf.3f46aa7b0417e2e944d03edbcb6b4ed6_0.jpg,valid,insang,2,16
dataset_mobilenet_ready/valid/insang/insang_T10_120_jpg.rf.3c6574f82e59ec29e5ab388098204e5d_1.jpg,valid,insang,10,8
dataset_mobilenet_ready/valid/insang/insang_T8_63_jpg.rf.0cc09c211a48034cfd337c2f7ad66fc4_0.jpg,valid,insang,8,10
dataset_mobilenet_ready/valid/insang/insang_T18_38_jpg.rf.fe022e120f0caaad20c16e5f856f8100_0.jpg,valid,insang,18,0
dataset_mobilenet_ready/valid/insang/insang_T18_97_jpg.rf.fa6462fbdf0ac564eeeb2f75faf6235b_1.jpg,valid,insang,18,0
dataset_mobilenet_ready/valid/insang/insang_T17_32_jpg.rf.56db6b90eafe30011f23c518b0f69635_1.jpg,valid,insang,17,1
dataset_mobilenet_ready/valid/insang/insang_T6_28_jpg.rf.148646638c9a6692f980494f02c5b9b4_1.jpg,valid,insang,6,12
dataset_mobilenet_ready/valid/insang/insang_T13_15_jpg.rf.ee291758c2df0ef75e7b4ed3abc6af1e_1.jpg,valid,insang,13,5
dataset_mobilenet_ready/valid/insang/insang_T18_60_jpg.rf.6e756dc35fe663e748048781e77f8ddf_0.jpg,valid,insang,18,0
dataset_mobilenet_ready/valid/insang/insang_T13_106_jpg.rf.94e318755678857df6dd04108d681677_0.jpg,valid,insang,13,5
dataset_mobilenet_ready/valid/insang/insang_T3_74_jpg.rf.ca63df39bb86bb89590ae7140233fdf2_1.jpg,valid,insang,3,15
dataset_mobilenet_ready/valid/insang/insang_T5_94_jpg.rf.4bb2daf065a0b15cea0287fb364e688a_1.jpg,valid,insang,5,13
dataset_mobilenet_ready/valid/insang/insang_T10_98_jpg.rf.520c01b0831cfebc13cf0d363f9bd506_1.jpg,valid,insang,10,8
dataset_mobilenet_ready/valid/insang/insang_T11_111_jpg.rf.f21099620f29c37dd171782db3e1563e_1.jpg,valid,insang,11,7
dataset_mobilenet_ready/valid/insang/insang_T2_13_jpg.rf.4976d850d3de9c8443ccd8aad995989a_1.jpg,valid,insang,2,16
dataset_mobilenet_ready/valid/insang/insang_T11_28_jpg.rf.b8a50f26708acc89682153f58a1f7338_0.jpg,valid,insang,11,7
dataset_mobilenet_ready/valid/insang/insang_T17_98_jpg.rf.8725e06bdc33f0cc57099a7477c6e45c_0.jpg,valid,insang,17,1
dataset_mobilenet_ready/valid/insang/insang_T9_11_jpg.rf.b28c718828e6ed677bed9a9264fd9dc0_1.jpg,valid,insang,9,9
dataset_mobilenet_ready/valid/insang/insang_T13_9_jpg.rf.43aa130ffacb9a562728a0d0b92ff2cd_1.jpg,valid,insang,13,5
dataset_mobilenet_ready/valid/insang/insang_T8_27_jpg.rf.44d2f3b56d71294d24efeca4bd7c1108_0.jpg,valid,insang,8,10
dataset_mobilenet_ready/valid/insang/insang_T12_13_jpg.rf.4f1e661a9c480ba97949e3fd7f1b7254_1.jpg,valid,insang,12,6
dataset_mobilenet_ready/valid/insang/insang_T6_122_jpg.rf.a1407e8602ae3d2897e4097698532760_1.jpg,valid,insang,6,12
dataset_mobilenet_ready/valid/insang/insang_T11_49_jpg.rf.7236489b14fc7db2faa99bbe76be03d7_1.jpg,valid,insang,11,7
dataset_mobilenet_ready/valid/insang/insang_T7_34_jpg.rf.b0ddd47099809b11fc39bbde13620449_1.jpg,valid,insang,7,11
dataset_mobilenet_ready/valid/insang/insang_T7_8_jpg.rf.f79b4708484a7841a871936f32de2b3f_1.jpg,valid,insang,7,11
dataset_mobilenet_ready/valid/insang/insang_T16_64_jpg.rf.90418d02e84b7147b8aae2a8f6da5ffa_1.jpg,valid,insang,16,2
dataset_mobilenet_ready/valid/insang/insang_T3_65_jpg.rf.fffb9079f6915aee94169b2991ea07df_1.jpg,valid,insang,3,15
dataset_mobilenet_ready/valid/insang/insang_T8_106_jpg.rf.2b0c9c52a2001b42d94499c8d688dab0_1.jpg,valid,insang,8,10
dataset_mobilenet_ready/valid/insang/insang_T13_22_jpg.rf.2d8a42b773e077108e20dcfa9c8cc037_1.jpg,valid,insang,13,5
dataset_mobilenet_ready/valid/insang/insang_T8_40_jpg.rf.2fc067957e40a1c5d0aa80f3a71743da_0.jpg,valid,insang,8,10
dataset_mobilenet_ready/valid/insang/insang_T10_11_jpg.rf.40e0ab27a49cd6f1f9c142beac36da94_1.jpg,valid,insang,10,8
dataset_mobilenet_ready/valid/insang/insang_T17_69_jpg.rf.d2f0246ee7b1fda99094156effbd50f9_1.jpg,valid,insang,17,1
dataset_mobilenet_ready/valid/insang/insang_T11_69_jpg.rf.434c2f90c2974ed9e8af2890624e5f66_1.jpg,valid,insang,11,7
dataset_mobilenet_ready/valid/insang/insang_T5_31_jpg.rf.79449d247ccf63c496926905393b8a8e_1.jpg,valid,insang,5,13
dataset_mobilenet_ready/valid/insang/insang_T18_39_jpg.rf.9339259fad695566868ca6e0945f1f27_1.jpg,valid,insang,18,0
dataset_mobilenet_ready/valid/insang/insang_T9_111_jpg.rf.96d46e546df6e67f0afa51329a5b9673_1.jpg,valid,insang,9,9
dataset_mobilenet_ready/valid/insang/insang_T6_99_jpg.rf.f9bb49037135549047d145c03cf8b514_1.jpg,valid,insang,6,12
dataset_mobilenet_ready/valid/insang/insang_T4_7_jpg.rf.a9bf93bc530ecdfdd6f5e3a0f5959834_0.jpg,valid,insang,4,14
dataset_mobilenet_ready/valid/insang/insang_T2_57_jpg.rf.9666f266d8255510ad85188a5c1abd78_1.jpg,valid,insang,2,16
dataset_mobilenet_ready/valid/insang/insang_T12_97_jpg.rf.389e7f53f2c5d60e5cddc30737b8f546_1.jpg,valid,insang,12,6
dataset_mobilenet_ready/valid/insang/insang_T2_97_jpg.rf.0c002aa67002d24ad51ba8dbc83164dd_1.jpg,valid,insang,2,16
dataset_mobilenet_ready/valid/insang/insang_T16_124_jpg.rf.b334ebc858ae96a284a735f17776f221_1.jpg,valid,insang,16,2
dataset_mobilenet_ready/valid/insang/insang_T8_121_jpg.rf.ae74a1d05c40455ad9f4a5f169447de5_0.jpg,valid,insang,8,10
dataset_mobilenet_ready/valid/insang/insang_T5_61_jpg.rf.bacf1cd527effbd5562965ba46aeb696_1.jpg,valid,insang,5,13
dataset_mobilenet_ready/valid/insang/insang_T18_9_jpg.rf.e1809dc51940011639373dc0c052e425_1.jpg,valid,insang,18,0
dataset_mobilenet_ready/valid/insang/insang_T16_19_jpg.rf.ef1caba00616e40c8b5138d7f5d97c9e_1.jpg,valid,insang,16,2
dataset_mobilenet_ready/valid/insang/insang_T13_13_jpg.rf.23f488700c211c5e9e520e19a261a337_1.jpg,valid,insang,13,5
dataset_mobilenet_ready/valid/insang/insang_T10_40_jpg.rf.a67d3e7183ba0885e227d3bb96cf15a7_1.jpg,valid,insang,10,8
dataset_mobilenet_ready/valid/insang/insang_T6_36_jpg.rf.a2a919700ec5673bb8939300250cda81_1.jpg,valid,insang,6,12
dataset_mobilenet_ready/valid/insang/insang_T4_83_jpg.rf.312b73b94f87632398e880594da8b9bd_1.jpg,valid,insang,4,14
dataset_mobilenet_ready/valid/insang/insang_T5_103_jpg.rf.bb69c887751a6971a3126cf21807bbf3_1.jpg,valid,insang,5,13
dataset_mobilenet_ready/valid/insang/insang_T3_84_jpg.rf.1b7939899d1d479b3e9692dac18ba4a9_1.jpg,valid,insang,3,15
dataset_mobilenet_ready/valid/insang/insang_T8_24_jpg.rf.ca597237f9dcc1653754435b73040d34_0.jpg,valid,insang,8,10
dataset_mobilenet_ready/valid/insang/insang_T14_51_jpg.rf.dff17b6a345c2c5c54530f527a25dc13_1.jpg,valid,insang,14,4
dataset_mobilenet_ready/valid/insang/insang_T17_46_jpg.rf.3e4c8e82bd4ad86d5b851899ecdc2d12_1.jpg,valid,insang,17,1
dataset_mobilenet_ready/valid/insang/insang_T16_88_jpg.rf.a2c416610eaa75e46a263848c79391ae_1.jpg,valid,insang,16,2
dataset_mobilenet_ready/valid/insang/insang_T3_88_jpg.rf.c4e7a935b5eb31aad592cb16db402c01_1.jpg,valid,insang,3,15
dataset_mobilenet_ready/valid/insang/insang_T18_6_jpg.rf.7ff2f81899fa4d9fdd18d153ed6a9d65_0.jpg,valid,insang,18,0
dataset_mobilenet_ready/valid/insang/insang_T5_73_jpg.rf.128e0d6c1ff1e7882de2bfcc3b437b7d_1.jpg,valid,insang,5,13
dataset_mobilenet_ready/valid/insang/insang_T14_73_jpg.rf.798c3980a925ab14f126aa4bfff01184_1.jpg,valid,insang,14,4
dataset_mobilenet_ready/valid/insang/insang_T11_50_jpg.rf.b5d6cfcfa8d432273f189e780bce303b_1.jpg,valid,insang,11,7
dataset_mobilenet_ready/valid/insang/insang_T6_55_jpg.rf.17a2e67899a995fabe300244e25a783e_0.jpg,valid,insang,6,12
dataset_mobilenet_ready/valid/insang/insang_T13_96_jpg.rf.057d635946026cbd475436f4b4fa6b27_1.jpg,valid,insang,13,5
dataset_mobilenet_ready/valid/insang/insang_T9_58_jpg.rf.e4018a910f2872719271597b5e345c4d_1.jpg,valid,insang,9,9
dataset_mobilenet_ready/valid/insang/insang_T4_122_jpg.rf.05e555d4a4345ea038a5faf52d030794_1.jpg,valid,insang,4,14
dataset_mobilenet_ready/valid/insang/insang_T18_42_jpg.rf.7c1cdf11e93971c4bb48f5696cf76dd5_0.jpg,valid,insang,18,0
dataset_mobilenet_ready/valid/insang/insang_T8_26_jpg.rf.0e7cc8f32afab8cbf07d9d0eb52ec11b_1.jpg,valid,insang,8,10
dataset_mobilenet_ready/valid/insang/insang_T11_75_jpg.rf.cf5b30d02af037645e4b5080ebff5555_1.jpg,valid,insang,11,7
dataset_mobilenet_ready/valid/insang/insang_T14_63_jpg.rf.5d869665274019f1d0fa7b866daec3d0_1.jpg,valid,insang,14,4
dataset_mobilenet_ready/valid/insang/insang_T18_19_jpg.rf.674770717a7b3fdb07d5c6ebfe3ab57a_1.jpg,valid,insang,18,0
dataset_mobilenet_ready/valid/insang/insang_T2_91_jpg.rf.72aee4a00c20970f10d17699a018be49_1.jpg,valid,insang,2,16
dataset_mobilenet_ready/valid/insang/insang_T9_48_jpg.rf.0366d8be9b7aaa517ce62a415a839623_0.jpg,valid,insang,9,9
dataset_mobilenet_ready/valid/insang/insang_T5_34_jpg.rf.7834ebd15068654918a58c6d8a6faeca_1.jpg,valid,insang,5,13
dataset_mobilenet_ready/valid/insang/insang_T10_67_jpg.rf.f9dacd13268480d65407a25d9ec1995f_1.jpg,valid,insang,10,8
dataset_mobilenet_ready/valid/insang/insang_T6_47_jpg.rf.f19039a7b04d757b31c59ed60b3ffe7d_0.jpg,valid,insang,6,12
dataset_mobilenet_ready/valid/insang/insang_T3_71_jpg.rf.56b54aa41131185bcff807f64dd28adf_1.jpg,valid,insang,3,15
dataset_mobilenet_ready/valid/insang/insang_T16_118_jpg.rf.095173d64d57a589bd873610078d973a_1.jpg,valid,insang,16,2
dataset_mobilenet_ready/valid/insang/insang_T10_18_jpg.rf.2b2e48e95ad238a4d4b18c353633d954_1.jpg,valid,insang,10,8
dataset_mobilenet_ready/valid/insang/insang_T14_78_jpg.rf.da737fc8c233915bd052a178bfb0087d_1.jpg,valid,insang,14,4
dataset_mobilenet_ready/valid/insang/insang_T2_15_jpg.rf.d1113ebbeb36f422366f36895b5070cb_1.jpg,valid,insang,2,16
dataset_mobilenet_ready/valid/insang/insang_T8_5_jpg.rf.acfe6155e45a8c888370fbcfad527424_1.jpg,valid,insang,8,10
dataset_mobilenet_ready/valid/insang/insang_T18_15_jpg.rf.f9564717395786047b6431ef15e4a039_1.jpg,valid,insang,18,0
dataset_mobilenet_ready/valid/insang/insang_T7_51_jpg.rf.1660556dfd819a508c529d0516497003_1.jpg,valid,insang,7,11
dataset_mobilenet_ready/valid/insang/insang_T8_37_jpg.rf.ad3a0beee23256aca19a7c5ad8019e4d_1.jpg,valid,insang,8,10
dataset_mobilenet_ready/valid/insang/insang_T9_116_jpg.rf.33853a78a27516397f10e42703c937b5_1.jpg,valid,insang,9,9
dataset_mobilenet_ready/valid/insang/insang_T3_83_jpg.rf.cb00a42d8b4c523e82d4dceb909b40f8_1.jpg,valid,insang,3,15
dataset_mobilenet_ready/valid/insang/insang_T16_9_jpg.rf.d618a0123f00600e3a58db5437cda2c7_1.jpg,valid,insang,16,2
dataset_mobilenet_ready/valid/insang/insang_T13_110_jpg.rf.0e5e25851e2442e79555110d0616d0f9_0.jpg,valid,insang,13,5
dataset_mobilenet_ready/valid/insang/insang_T7_101_jpg.rf.ba1c5e2f1677d4d87cd8c6caef8cdefb_1.jpg,valid,insang,7,11
dataset_mobilenet_ready/valid/insang/insang_T5_119_jpg.rf.dedfcf09f7d66bd3da328d696c0d35b6_1.jpg,valid,insang,5,13
dataset_mobilenet_ready/valid/insang/insang_T17_91_jpg.rf.359d631cf76b27738a2c2b6a980c2757_1.jpg,valid,insang,17,1
dataset_mobilenet_ready/valid/insang/insang_T13_0_jpg.rf.b69cd52dae94970fe930a72fafc6ccc8_1.jpg,valid,insang,13,5
dataset_mobilenet_ready/valid/insang/insang_T11_99_jpg.rf.8921c25f7bfe005959bf22762330b1aa_1.jpg,valid,insang,11,7
dataset_mobilenet_ready/valid/insang/insang_T2_124_jpg.rf.e8801e662856f6ef4eebdcb3062b142c_1.jpg,valid,insang,2,16
dataset_mobilenet_ready/valid/insang/insang_T14_123_jpg.rf.c9c4618cad27ba427bfb6c88b3a2a70d_1.jpg,valid,insang,14,4
dataset_mobilenet_ready/valid/insang/insang_T2_73_jpg.rf.77909b5e9cb95030b8aa93d117a8c34d_1.jpg,valid,insang,2,16
dataset_mobilenet_ready/valid/insang/insang_T8_41_jpg.rf.37c10572609d3c91168b5be530b19cf7_0.jpg,valid,insang,8,10
dataset_mobilenet_ready/valid/insang/insang_T2_43_jpg.rf.0b1555b1f9c8a214aa1683fc29a6d339_1.jpg,valid,insang,2,16
dataset_mobilenet_ready/valid/insang/insang_T6_77_jpg.rf.04d6da17ca8af2c154fb3b798413d051_1.jpg,valid,insang,6,12
dataset_mobilenet_ready/valid/insang/insang_T3_10_jpg.rf.79c83add98c5d8099999bdcd12278583_0.jpg,valid,insang,3,15
dataset_mobilenet_ready/valid/insang/insang_T14_17_jpg.rf.066c921d89c595209561bb45ed630806_1.jpg,valid,insang,14,4
dataset_mobilenet_ready/valid/insang/insang_T4_23_jpg.rf.e39c522d63a848344f389e7de7503a6f_0.jpg,valid,insang,4,14
dataset_mobilenet_ready/valid/insang/insang_T12_109_jpg.rf.028e4c62cb1505b250cc3831ed4886b8_1.jpg,valid,insang,12,6
dataset_mobilenet_ready/valid/insang/insang_T10_22_jpg.rf.daf43e3407585c8e3e9ac6f1ad097f0b_1.jpg,valid,insang,10,8
dataset_mobilenet_ready/valid/insang/insang_T7_83_jpg.rf.072253bf02a6f39f494ee40cce086438_1.jpg,valid,insang,7,11
dataset_mobilenet_ready/valid/insang/insang_T16_31_jpg.rf.501eb249da7859381adfeac7b262159e_1.jpg,valid,insang,16,2
dataset_mobilenet_ready/valid/insang/insang_T17_0_jpg.rf.06638a2d497cc930ce18918fa055aefc_1.jpg,valid,insang,17,1
dataset_mobilenet_ready/valid/insang/insang_T2_56_jpg.rf.291e229bd56505b6edff75ec932eabd3_0.jpg,valid,insang,2,16
dataset_mobilenet_ready/valid/insang/insang_T3_113_jpg.rf.f4c54145d9de093b8ce7a56c4ec7f77e_0.jpg,valid,insang,3,15
dataset_mobilenet_ready/valid/insang/insang_T12_66_jpg.rf.3cdd93e1f09261cbdb3aac5a0417543f_0.jpg,valid,insang,12,6
dataset_mobilenet_ready/valid/insang/insang_T10_62_jpg.rf.98c3bbf561cb67b9ae6165507dd78987_1.jpg,valid,insang,10,8
dataset_mobilenet_ready/valid/insang/insang_T9_50_jpg.rf.5206f231f523d3b3c4428f2b80fe97ad_0.jpg,valid,insang,9,9
dataset_mobilenet_ready/valid/insang/insang_T17_77_jpg.rf.495343ea54afa2506d132c6c2094eada_1.jpg,valid,insang,17,1
dataset_mobilenet_ready/valid/insang/insang_T5_104_jpg.rf.bcae885d2ca9e8989ca97b06ca13a652_0.jpg,valid,insang,5,13
dataset_mobilenet_ready/valid/insang/insang_T5_80_jpg.rf.9574acc9ecac713314248a5da448da36_1.jpg,valid,insang,5,13
dataset_mobilenet_ready/valid/insang/insang_T10_13_jpg.rf.1a97233aa6a2e10747d013209accac27_1.jpg,valid,insang,10,8
dataset_mobilenet_ready/valid/insang/insang_T7_4_jpg.rf.8a38ed1261bae8c722746fbaa6dcd675_1.jpg,valid,insang,7,11
dataset_mobilenet_ready/valid/insang/insang_T9_59_jpg.rf.e876761e44a927dfd1fe0199942eb444_1.jpg,valid,insang,9,9
dataset_mobilenet_ready/valid/insang/insang_T13_69_jpg.rf.d19d60e1a129871dc7e4e5ad3ce0b70c_0.jpg,valid,insang,13,5
dataset_mobilenet_ready/valid/insang/insang_T10_32_jpg.rf.9de35e75e13a32bba9a53284ea891955_1.jpg,valid,insang,10,8
dataset_mobilenet_ready/valid/insang/insang_T17_58_jpg.rf.6076a09b88d42623f9dcd5e99ad8590b_0.jpg,valid,insang,17,1
dataset_mobilenet_ready/valid/insang/insang_T6_11_jpg.rf.874b38fd9d8df169879380be5b4a6cb3_0.jpg,valid,insang,6,12
dataset_mobilenet_ready/valid/insang/insang_T11_23_jpg.rf.c9915ab73c8fd3b11627b9c24de09b0d_1.jpg,valid,insang,11,7
dataset_mobilenet_ready/valid/insang/insang_T17_21_jpg.rf.8104bc1236c6a06af2bd4ec335bd3d5c_1.jpg,valid,insang,17,1
dataset_mobilenet_ready/valid/insang/insang_T17_31_jpg.rf.2434ae72d9cc53a61722e977b547c898_0.jpg,valid,insang,17,1
dataset_mobilenet_ready/valid/insang/insang_T17_67_jpg.rf.13c7bd6f5804bf8cf551df6a87bbe27a_1.jpg,valid,insang,17,1
dataset_mobilenet_ready/valid/insang/insang_T9_39_jpg.rf.e0cf48c1a168f77fa93135f2b8811df4_1.jpg,valid,insang,9,9
dataset_mobilenet_ready/valid/insang/insang_T6_106_jpg.rf.c721e6f909d69421a0e70d52e3d0186f_1.jpg,valid,insang,6,12
dataset_mobilenet_ready/valid/insang/insang_T5_22_jpg.rf.e07c4852b20d5f7045fa967a925e9af7_0.jpg,valid,insang,5,13
dataset_mobilenet_ready/valid/insang/insang_T18_3_jpg.rf.825b298be6b13e0dcf4249d9c4ca7b55_0.jpg,valid,insang,18,0
dataset_mobilenet_ready/valid/insang/insang_T13_25_jpg.rf.461a50214de0ac87015874c794e51d1b_1.jpg,valid,insang,13,5
dataset_mobilenet_ready/valid/insang/insang_T11_91_jpg.rf.233a588bebecd2ceedc2274f82fcffe3_0.jpg,valid,insang,11,7
dataset_mobilenet_ready/valid/insang/insang_T17_30_jpg.rf.02d332a5ce4620a40839e1ba3fcce29e_0.jpg,valid,insang,17,1
dataset_mobilenet_ready/valid/insang/insang_T16_11_jpg.rf.116765fa3492bfad4b6f50924d3ee579_1.jpg,valid,insang,16,2
dataset_mobilenet_ready/valid/insang/insang_T13_52_jpg.rf.2307203e874559bb8863129a96bda833_1.jpg,valid,insang,13,5
dataset_mobilenet_ready/valid/insang/insang_T3_108_jpg.rf.4501f3fb69c57c4de11e4ec726df2214_0.jpg,valid,insang,3,15
dataset_mobilenet_ready/valid/insang/insang_T5_3_jpg.rf.1ae0b69904a4e99486202ee6f8f11106_1.jpg,valid,insang,5,13
dataset_mobilenet_ready/valid/insang/insang_T13_12_jpg.rf.af0553736dbb2a2630cc885653062134_1.jpg,valid,insang,13,5
dataset_mobilenet_ready/valid/insang/insang_T2_80_jpg.rf.3cec799165822ceeec490ba16fc9d22d_1.jpg,valid,insang,2,16
dataset_mobilenet_ready/valid/insang/insang_T16_65_jpg.rf.9d189577b15c8179b9f3fb6f6ba41b5e_1.jpg,valid,insang,16,2
dataset_mobilenet_ready/valid/insang/insang_T10_15_jpg.rf.2515dfc61c1c572b1596c559366a8447_1.jpg,valid,insang,10,8
dataset_mobilenet_ready/valid/insang/insang_T11_86_jpg.rf.3f99cc189c60f7332c0070916f8b30d1_1.jpg,valid,insang,11,7
dataset_mobilenet_ready/valid/insang/insang_T14_1_jpg.rf.4da207e45fa01618819efb4586391e4b_0.jpg,valid,insang,14,4
dataset_mobilenet_ready/valid/insang/insang_T9_69_jpg.rf.8027591a1e06fee617896e8979cff581_1.jpg,valid,insang,9,9
dataset_mobilenet_ready/valid/insang/insang_T12_15_jpg.rf.514ae29affe50c6ba82bec0ec1dfd6a9_1.jpg,valid,insang,12,6
dataset_mobilenet_ready/valid/insang/insang_T7_53_jpg.rf.cb7e30355bc0aa5e0e0c40c8d7d6748b_1.jpg,valid,insang,7,11
dataset_mobilenet_ready/valid/insang/insang_T7_1_jpg.rf.62f569746dc4f7be23f1ae200fa69882_1.jpg,valid,insang,7,11
dataset_mobilenet_ready/valid/insang/insang_T6_39_jpg.rf.8b1d789e0e7d7f4361de6e7ecc49ae75_1.jpg,valid,insang,6,12
dataset_mobilenet_ready/valid/insang/insang_T8_79_jpg.rf.d60c77f3d5490b217a45d90e05707b26_0.jpg,valid,insang,8,10
dataset_mobilenet_ready/valid/insang/insang_T12_88_jpg.rf.21fed0a202c6fabfa83bb020eeba9633_1.jpg,valid,insang,12,6
dataset_mobilenet_ready/valid/insang/insang_T18_99_jpg.rf.3d6a64b65868760fa1f7135a383013da_1.jpg,valid,insang,18,0
dataset_mobilenet_ready/valid/insang/insang_T10_4_jpg.rf.2dd46f2ae836c0c291481ab6865479a7_1.jpg,valid,insang,10,8
dataset_mobilenet_ready/valid/insang/insang_T4_21_jpg.rf.d330c42d33667468090338fad9485763_0.jpg,valid,insang,4,14
dataset_mobilenet_ready/valid/insang/insang_T17_73_jpg.rf.843454990dab04396e61bade3cef390d_1.jpg,valid,insang,17,1
dataset_mobilenet_ready/valid/insang/insang_T4_114_jpg.rf.ffc6f69cea86dc390f99c4c5d6347ff0_0.jpg,valid,insang,4,14
dataset_mobilenet_ready/valid/insang/insang_T7_98_jpg.rf.b9210b5d4d0232e83f109f818a703d75_1.jpg,valid,insang,7,11
